name,platform,source_url,record_type,verification,enrichment_status,outreach_status
"2567","Hipicon","","Doğrulandı","","needs_enrichment","blocked_until_enriched"
"2.567 profilin tamamı bireysel tasarımcı değildir; resmî Designers dizini marka, stüdyo, üretici ve global ürün markalarını da içeriyor. Bu yüzden Master Liste'de Kayıt Türü ayrı tutuldu.","Hipicon","","","","needs_enrichment","blocked_until_enriched"
"1.618","Hipicon","https://www.hipicon.com/tr-en/designers","Platform profili (tasarımcı/marka/stüdyo/üretici karışık)","Resmî public dizinden doğrulandı","needs_enrichment","blocked_until_enriched"
"5A Design","Hipicon","https://www.hipicon.com/tr-en/designers","Platform profili (tasarımcı/marka/stüdyo/üretici karışık)","Resmî public dizinden doğrulandı","needs_enrichment","blocked_until_enriched"
"A Ne Hoş","Hipicon","https://www.hipicon.com/tr-en/designers","Platform profili (tasarımcı/marka/stüdyo/üretici karışık)","Resmî public dizinden doğrulandı","needs_enrichment","blocked_until_enriched"
"A'la Fine Jewelry","Hipicon","https://www.hipicon.com/tr-en/designers","Platform profili (tasarımcı/marka/stüdyo/üretici karışık)","Resmî public dizinden doğrulandı","needs_enrichment","blocked_until_enriched"
"A'mour Atelier","Hipicon","https://www.hipicon.com/tr-en/designers","Platform profili (tasarımcı/marka/stüdyo/üretici karışık)","Resmî public dizinden doğrulandı","needs_enrichment","blocked_until_enriched"
"A46 Tuvanam","Hipicon","https://www.hipicon.com/tr-en/designers","Platform profili (tasarımcı/marka/stüdyo/üretici karışık)","Resmî public dizinden doğrulandı","needs_enrichment","blocked_until_enriched"
"AC Anima Ceramic","Hipicon","https://www.hipicon.com/tr-en/designers","Platform profili (tasarımcı/marka/stüdyo/üretici karışık)","Resmî public dizinden doğrulandı","needs_enrichment","blocked_until_enriched"
"ACB Illuminacion","Hipicon","https://www.hipicon.com/tr-en/designers","Platform profili (tasarımcı/marka/stüdyo/üretici karışık)","Resmî public dizinden doğrulandı","needs_enrichment","blocked_until_enriched"
"ACT İstanbul","Hipicon","https://www.hipicon.com/tr-en/designers","Platform profili (tasarımcı/marka/stüdyo/üretici karışık)","Resmî public dizinden doğrulandı","needs_enrichment","blocked_until_enriched"
"ADG","Hipicon","https://www.hipicon.com/tr-en/designers","Platform profili (tasarımcı/marka/stüdyo/üretici karışık)","Resmî public dizinden doğrulandı","needs_enrichment","blocked_until_enriched"
"AEM Lighting","Hipicon","https://www.hipicon.com/tr-en/designers","Platform profili (tasarımcı/marka/stüdyo/üretici karışık)","Resmî public dizinden doğrulandı","needs_enrichment","blocked_until_enriched"
"AGL","Hipicon","https://www.hipicon.com/tr-en/designers","Platform profili (tasarımcı/marka/stüdyo/üretici karışık)","Resmî public dizinden doğrulandı","needs_enrichment","blocked_until_enriched"
"AJO Beauty","Hipicon","https://www.hipicon.com/tr-en/designers","Platform profili (tasarımcı/marka/stüdyo/üretici karışık)","Resmî public dizinden doğrulandı","needs_enrichment","blocked_until_enriched"
"AKE Concept","Hipicon","https://www.hipicon.com/tr-en/designers","Platform profili (tasarımcı/marka/stüdyo/üretici karışık)","Resmî public dizinden doğrulandı","needs_enrichment","blocked_until_enriched"
"ANANAS","Hipicon","https://www.hipicon.com/tr-en/designers","Platform profili (tasarımcı/marka/stüdyo/üretici karışık)","Resmî public dizinden doğrulandı","needs_enrichment","blocked_until_enriched"
"AO Design Studio","Hipicon","https://www.hipicon.com/tr-en/designers","Platform profili (tasarımcı/marka/stüdyo/üretici karışık)","Resmî public dizinden doğrulandı","needs_enrichment","blocked_until_enriched"
"AR PUZZLES","Hipicon","https://www.hipicon.com/tr-en/designers","Platform profili (tasarımcı/marka/stüdyo/üretici karışık)","Resmî public dizinden doğrulandı","needs_enrichment","blocked_until_enriched"
"ARINNI","Hipicon","https://www.hipicon.com/tr-en/designers","Platform profili (tasarımcı/marka/stüdyo/üretici karışık)","Resmî public dizinden doğrulandı","needs_enrichment","blocked_until_enriched"
"ARVN Jewellery","Hipicon","https://www.hipicon.com/tr-en/designers","Platform profili (tasarımcı/marka/stüdyo/üretici karışık)","Resmî public dizinden doğrulandı","needs_enrichment","blocked_until_enriched"
"ASA Selection","Hipicon","https://www.hipicon.com/tr-en/designers","Platform profili (tasarımcı/marka/stüdyo/üretici karışık)","Resmî public dizinden doğrulandı","needs_enrichment","blocked_until_enriched"
"AVDAN","Hipicon","https://www.hipicon.com/tr-en/designers","Platform profili (tasarımcı/marka/stüdyo/üretici karışık)","Resmî public dizinden doğrulandı","needs_enrichment","blocked_until_enriched"
"AVI-8","Hipicon","https://www.hipicon.com/tr-en/designers","Platform profili (tasarımcı/marka/stüdyo/üretici karışık)","Resmî public dizinden doğrulandı","needs_enrichment","blocked_until_enriched"
"Abajurhane Store","Hipicon","https://www.hipicon.com/tr-en/designers","Platform profili (tasarımcı/marka/stüdyo/üretici karışık)","Resmî public dizinden doğrulandı","needs_enrichment","blocked_until_enriched"
"Abib","Hipicon","https://www.hipicon.com/tr-en/designers","Platform profili (tasarımcı/marka/stüdyo/üretici karışık)","Resmî public dizinden doğrulandı","needs_enrichment","blocked_until_enriched"
"Above The Zinc","Hipicon","https://www.hipicon.com/tr-en/designers","Platform profili (tasarımcı/marka/stüdyo/üretici karışık)","Resmî public dizinden doğrulandı","needs_enrichment","blocked_until_enriched"
"Accouchee","Hipicon","https://www.hipicon.com/tr-en/designers","Platform profili (tasarımcı/marka/stüdyo/üretici karışık)","Resmî public dizinden doğrulandı","needs_enrichment","blocked_until_enriched"
"Accract","Hipicon","https://www.hipicon.com/tr-en/designers","Platform profili (tasarımcı/marka/stüdyo/üretici karışık)","Resmî public dizinden doğrulandı","needs_enrichment","blocked_until_enriched"
"Acme & Co","Hipicon","https://www.hipicon.com/tr-en/designers","Platform profili (tasarımcı/marka/stüdyo/üretici karışık)","Resmî public dizinden doğrulandı","needs_enrichment","blocked_until_enriched"
"Acoustibox","Hipicon","https://www.hipicon.com/tr-en/designers","Platform profili (tasarımcı/marka/stüdyo/üretici karışık)","Resmî public dizinden doğrulandı","needs_enrichment","blocked_until_enriched"
"Act Fitness","Hipicon","https://www.hipicon.com/tr-en/designers","Platform profili (tasarımcı/marka/stüdyo/üretici karışık)","Resmî public dizinden doğrulandı","needs_enrichment","blocked_until_enriched"
"Action Zebra","Hipicon","https://www.hipicon.com/tr-en/designers","Platform profili (tasarımcı/marka/stüdyo/üretici karışık)","Resmî public dizinden doğrulandı","needs_enrichment","blocked_until_enriched"
"Activera","Hipicon","https://www.hipicon.com/tr-en/designers","Platform profili (tasarımcı/marka/stüdyo/üretici karışık)","Resmî public dizinden doğrulandı","needs_enrichment","blocked_until_enriched"
"Adade Design Pillow","Hipicon","https://www.hipicon.com/tr-en/designers","Platform profili (tasarımcı/marka/stüdyo/üretici karışık)","Resmî public dizinden doğrulandı","needs_enrichment","blocked_until_enriched"
"Aden Newyork","Hipicon","https://www.hipicon.com/tr-en/designers","Platform profili (tasarımcı/marka/stüdyo/üretici karışık)","Resmî public dizinden doğrulandı","needs_enrichment","blocked_until_enriched"
"Adler Bag","Hipicon","https://www.hipicon.com/tr-en/designers","Platform profili (tasarımcı/marka/stüdyo/üretici karışık)","Resmî public dizinden doğrulandı","needs_enrichment","blocked_until_enriched"
"Adomar Marble","Hipicon","https://www.hipicon.com/tr-en/designers","Platform profili (tasarımcı/marka/stüdyo/üretici karışık)","Resmî public dizinden doğrulandı","needs_enrichment","blocked_until_enriched"
"Ae'on Candle","Hipicon","https://www.hipicon.com/tr-en/designers","Platform profili (tasarımcı/marka/stüdyo/üretici karışık)","Resmî public dizinden doğrulandı","needs_enrichment","blocked_until_enriched"
"AerialYogaIstanbul","Hipicon","https://www.hipicon.com/tr-en/designers","Platform profili (tasarımcı/marka/stüdyo/üretici karışık)","Resmî public dizinden doğrulandı","needs_enrichment","blocked_until_enriched"
"Aerolatte","Hipicon","https://www.hipicon.com/tr-en/designers","Platform profili (tasarımcı/marka/stüdyo/üretici karışık)","Resmî public dizinden doğrulandı","needs_enrichment","blocked_until_enriched"
"Aesir","Hipicon","https://www.hipicon.com/tr-en/designers","Platform profili (tasarımcı/marka/stüdyo/üretici karışık)","Resmî public dizinden doğrulandı","needs_enrichment","blocked_until_enriched"
"Aftersun Brand","Hipicon","https://www.hipicon.com/tr-en/designers","Platform profili (tasarımcı/marka/stüdyo/üretici karışık)","Resmî public dizinden doğrulandı","needs_enrichment","blocked_until_enriched"
"Agena","Hipicon","https://www.hipicon.com/tr-en/designers","Platform profili (tasarımcı/marka/stüdyo/üretici karışık)","Resmî public dizinden doğrulandı","needs_enrichment","blocked_until_enriched"
"Agic","Hipicon","https://www.hipicon.com/tr-en/designers","Platform profili (tasarımcı/marka/stüdyo/üretici karışık)","Resmî public dizinden doğrulandı","needs_enrichment","blocked_until_enriched"
"Agun Pottery","Hipicon","https://www.hipicon.com/tr-en/designers","Platform profili (tasarımcı/marka/stüdyo/üretici karışık)","Resmî public dizinden doğrulandı","needs_enrichment","blocked_until_enriched"
"Agya","Hipicon","https://www.hipicon.com/tr-en/designers","Platform profili (tasarımcı/marka/stüdyo/üretici karışık)","Resmî public dizinden doğrulandı","needs_enrichment","blocked_until_enriched"
"Aicha Lavanta","Hipicon","https://www.hipicon.com/tr-en/designers","Platform profili (tasarımcı/marka/stüdyo/üretici karışık)","Resmî public dizinden doğrulandı","needs_enrichment","blocked_until_enriched"
"Aika Concept","Hipicon","https://www.hipicon.com/tr-en/designers","Platform profili (tasarımcı/marka/stüdyo/üretici karışık)","Resmî public dizinden doğrulandı","needs_enrichment","blocked_until_enriched"
"Aila et Toi","Hipicon","https://www.hipicon.com/tr-en/designers","Platform profili (tasarımcı/marka/stüdyo/üretici karışık)","Resmî public dizinden doğrulandı","needs_enrichment","blocked_until_enriched"
"Aira Studio","Hipicon","https://www.hipicon.com/tr-en/designers","Platform profili (tasarımcı/marka/stüdyo/üretici karışık)","Resmî public dizinden doğrulandı","needs_enrichment","blocked_until_enriched"
"Ajma","Hipicon","https://www.hipicon.com/tr-en/designers","Platform profili (tasarımcı/marka/stüdyo/üretici karışık)","Resmî public dizinden doğrulandı","needs_enrichment","blocked_until_enriched"
"Akai Professional","Hipicon","https://www.hipicon.com/tr-en/designers","Platform profili (tasarımcı/marka/stüdyo/üretici karışık)","Resmî public dizinden doğrulandı","needs_enrichment","blocked_until_enriched"
"Al Reves","Hipicon","https://www.hipicon.com/tr-en/designers","Platform profili (tasarımcı/marka/stüdyo/üretici karışık)","Resmî public dizinden doğrulandı","needs_enrichment","blocked_until_enriched"
"Alaa Elabasy","Hipicon","https://www.hipicon.com/tr-en/designers","Platform profili (tasarımcı/marka/stüdyo/üretici karışık)","Resmî public dizinden doğrulandı","needs_enrichment","blocked_until_enriched"
"Alberohome","Hipicon","https://www.hipicon.com/tr-en/designers","Platform profili (tasarımcı/marka/stüdyo/üretici karışık)","Resmî public dizinden doğrulandı","needs_enrichment","blocked_until_enriched"
"Alesis","Hipicon","https://www.hipicon.com/tr-en/designers","Platform profili (tasarımcı/marka/stüdyo/üretici karışık)","Resmî public dizinden doğrulandı","needs_enrichment","blocked_until_enriched"
"Alessio De Sole","Hipicon","https://www.hipicon.com/tr-en/designers","Platform profili (tasarımcı/marka/stüdyo/üretici karışık)","Resmî public dizinden doğrulandı","needs_enrichment","blocked_until_enriched"
"Alfheim Essential Oils & Aromatherapy","Hipicon","https://www.hipicon.com/tr-en/designers","Platform profili (tasarımcı/marka/stüdyo/üretici karışık)","Resmî public dizinden doğrulandı","needs_enrichment","blocked_until_enriched"
"Alfi+Mag","Hipicon","https://www.hipicon.com/tr-en/designers","Platform profili (tasarımcı/marka/stüdyo/üretici karışık)","Resmî public dizinden doğrulandı","needs_enrichment","blocked_until_enriched"
"Ali Nuh Objects","Hipicon","https://www.hipicon.com/tr-en/designers","Platform profili (tasarımcı/marka/stüdyo/üretici karışık)","Resmî public dizinden doğrulandı","needs_enrichment","blocked_until_enriched"
"Ali Yıkın Glass Art Studio","Hipicon","https://www.hipicon.com/tr-en/designers","Platform profili (tasarımcı/marka/stüdyo/üretici karışık)","Resmî public dizinden doğrulandı","needs_enrichment","blocked_until_enriched"
"Alin Atelier","Hipicon","https://www.hipicon.com/tr-en/designers","Platform profili (tasarımcı/marka/stüdyo/üretici karışık)","Resmî public dizinden doğrulandı","needs_enrichment","blocked_until_enriched"
"All Of Chrome","Hipicon","https://www.hipicon.com/tr-en/designers","Platform profili (tasarımcı/marka/stüdyo/üretici karışık)","Resmî public dizinden doğrulandı","needs_enrichment","blocked_until_enriched"
"Alldesco","Hipicon","https://www.hipicon.com/tr-en/designers","Platform profili (tasarımcı/marka/stüdyo/üretici karışık)","Resmî public dizinden doğrulandı","needs_enrichment","blocked_until_enriched"
"Allmur","Hipicon","https://www.hipicon.com/tr-en/designers","Platform profili (tasarımcı/marka/stüdyo/üretici karışık)","Resmî public dizinden doğrulandı","needs_enrichment","blocked_until_enriched"
"Almost Real","Hipicon","https://www.hipicon.com/tr-en/designers","Platform profili (tasarımcı/marka/stüdyo/üretici karışık)","Resmî public dizinden doğrulandı","needs_enrichment","blocked_until_enriched"
"Alpaq Studio","Hipicon","https://www.hipicon.com/tr-en/designers","Platform profili (tasarımcı/marka/stüdyo/üretici karışık)","Resmî public dizinden doğrulandı","needs_enrichment","blocked_until_enriched"
"Alpha-Tact","Hipicon","https://www.hipicon.com/tr-en/designers","Platform profili (tasarımcı/marka/stüdyo/üretici karışık)","Resmî public dizinden doğrulandı","needs_enrichment","blocked_until_enriched"
"Alphascience","Hipicon","https://www.hipicon.com/tr-en/designers","Platform profili (tasarımcı/marka/stüdyo/üretici karışık)","Resmî public dizinden doğrulandı","needs_enrichment","blocked_until_enriched"
"Altar","Hipicon","https://www.hipicon.com/tr-en/designers","Platform profili (tasarımcı/marka/stüdyo/üretici karışık)","Resmî public dizinden doğrulandı","needs_enrichment","blocked_until_enriched"
"Alur Space Studio Flower","Hipicon","https://www.hipicon.com/tr-en/designers","Platform profili (tasarımcı/marka/stüdyo/üretici karışık)","Resmî public dizinden doğrulandı","needs_enrichment","blocked_until_enriched"
"Alva Ceramics","Hipicon","https://www.hipicon.com/tr-en/designers","Platform profili (tasarımcı/marka/stüdyo/üretici karışık)","Resmî public dizinden doğrulandı","needs_enrichment","blocked_until_enriched"
"Alysa Candle Studio","Hipicon","https://www.hipicon.com/tr-en/designers","Platform profili (tasarımcı/marka/stüdyo/üretici karışık)","Resmî public dizinden doğrulandı","needs_enrichment","blocked_until_enriched"
"Amactare","Hipicon","https://www.hipicon.com/tr-en/designers","Platform profili (tasarımcı/marka/stüdyo/üretici karışık)","Resmî public dizinden doğrulandı","needs_enrichment","blocked_until_enriched"
"Amarelle","Hipicon","https://www.hipicon.com/tr-en/designers","Platform profili (tasarımcı/marka/stüdyo/üretici karışık)","Resmî public dizinden doğrulandı","needs_enrichment","blocked_until_enriched"
"Amavi By Zey","Hipicon","https://www.hipicon.com/tr-en/designers","Platform profili (tasarımcı/marka/stüdyo/üretici karışık)","Resmî public dizinden doğrulandı","needs_enrichment","blocked_until_enriched"
"Amazon Kindle","Hipicon","https://www.hipicon.com/tr-en/designers","Platform profili (tasarımcı/marka/stüdyo/üretici karışık)","Resmî public dizinden doğrulandı","needs_enrichment","blocked_until_enriched"
"Amelie's Collection","Hipicon","https://www.hipicon.com/tr-en/designers","Platform profili (tasarımcı/marka/stüdyo/üretici karışık)","Resmî public dizinden doğrulandı","needs_enrichment","blocked_until_enriched"
"Ameon","Hipicon","https://www.hipicon.com/tr-en/designers","Platform profili (tasarımcı/marka/stüdyo/üretici karışık)","Resmî public dizinden doğrulandı","needs_enrichment","blocked_until_enriched"
"Amour et Naturel","Hipicon","https://www.hipicon.com/tr-en/designers","Platform profili (tasarımcı/marka/stüdyo/üretici karışık)","Resmî public dizinden doğrulandı","needs_enrichment","blocked_until_enriched"
"AnOther Goods","Hipicon","https://www.hipicon.com/tr-en/designers","Platform profili (tasarımcı/marka/stüdyo/üretici karışık)","Resmî public dizinden doğrulandı","needs_enrichment","blocked_until_enriched"
"Anais & Margaux","Hipicon","https://www.hipicon.com/tr-en/designers","Platform profili (tasarımcı/marka/stüdyo/üretici karışık)","Resmî public dizinden doğrulandı","needs_enrichment","blocked_until_enriched"
"Anastasha Ozlu","Hipicon","https://www.hipicon.com/tr-en/designers","Platform profili (tasarımcı/marka/stüdyo/üretici karışık)","Resmî public dizinden doğrulandı","needs_enrichment","blocked_until_enriched"
"Anatoline","Hipicon","https://www.hipicon.com/tr-en/designers","Platform profili (tasarımcı/marka/stüdyo/üretici karışık)","Resmî public dizinden doğrulandı","needs_enrichment","blocked_until_enriched"
"Ancient Ruin","Hipicon","https://www.hipicon.com/tr-en/designers","Platform profili (tasarımcı/marka/stüdyo/üretici karışık)","Resmî public dizinden doğrulandı","needs_enrichment","blocked_until_enriched"
"Anda Heal","Hipicon","https://www.hipicon.com/tr-en/designers","Platform profili (tasarımcı/marka/stüdyo/üretici karışık)","Resmî public dizinden doğrulandı","needs_enrichment","blocked_until_enriched"
"Andsomethings Studio","Hipicon","https://www.hipicon.com/tr-en/designers","Platform profili (tasarımcı/marka/stüdyo/üretici karışık)","Resmî public dizinden doğrulandı","needs_enrichment","blocked_until_enriched"
"Ani Kohar Jewelry","Hipicon","https://www.hipicon.com/tr-en/designers","Platform profili (tasarımcı/marka/stüdyo/üretici karışık)","Resmî public dizinden doğrulandı","needs_enrichment","blocked_until_enriched"
"AniStudio","Hipicon","https://www.hipicon.com/tr-en/designers","Platform profili (tasarımcı/marka/stüdyo/üretici karışık)","Resmî public dizinden doğrulandı","needs_enrichment","blocked_until_enriched"
"Anima Silvae","Hipicon","https://www.hipicon.com/tr-en/designers","Platform profili (tasarımcı/marka/stüdyo/üretici karışık)","Resmî public dizinden doğrulandı","needs_enrichment","blocked_until_enriched"
"Anou Anou Let Life Flow","Hipicon","https://www.hipicon.com/tr-en/designers","Platform profili (tasarımcı/marka/stüdyo/üretici karışık)","Resmî public dizinden doğrulandı","needs_enrichment","blocked_until_enriched"
"Ante District","Hipicon","https://www.hipicon.com/tr-en/designers","Platform profili (tasarımcı/marka/stüdyo/üretici karışık)","Resmî public dizinden doğrulandı","needs_enrichment","blocked_until_enriched"
"Antioch","Hipicon","https://www.hipicon.com/tr-en/designers","Platform profili (tasarımcı/marka/stüdyo/üretici karışık)","Resmî public dizinden doğrulandı","needs_enrichment","blocked_until_enriched"
"Antioch's Studios","Hipicon","https://www.hipicon.com/tr-en/designers","Platform profili (tasarımcı/marka/stüdyo/üretici karışık)","Resmî public dizinden doğrulandı","needs_enrichment","blocked_until_enriched"
"Anu Design","Hipicon","https://www.hipicon.com/tr-en/designers","Platform profili (tasarımcı/marka/stüdyo/üretici karışık)","Resmî public dizinden doğrulandı","needs_enrichment","blocked_until_enriched"
"Anya Joy","Hipicon","https://www.hipicon.com/tr-en/designers","Platform profili (tasarımcı/marka/stüdyo/üretici karışık)","Resmî public dizinden doğrulandı","needs_enrichment","blocked_until_enriched"
"Apac.co","Hipicon","https://www.hipicon.com/tr-en/designers","Platform profili (tasarımcı/marka/stüdyo/üretici karışık)","Resmî public dizinden doğrulandı","needs_enrichment","blocked_until_enriched"
"Archtwain","Hipicon","https://www.hipicon.com/tr-en/designers","Platform profili (tasarımcı/marka/stüdyo/üretici karışık)","Resmî public dizinden doğrulandı","needs_enrichment","blocked_until_enriched"
"Archura","Hipicon","https://www.hipicon.com/tr-en/designers","Platform profili (tasarımcı/marka/stüdyo/üretici karışık)","Resmî public dizinden doğrulandı","needs_enrichment","blocked_until_enriched"
"Arcyou Design","Hipicon","https://www.hipicon.com/tr-en/designers","Platform profili (tasarımcı/marka/stüdyo/üretici karışık)","Resmî public dizinden doğrulandı","needs_enrichment","blocked_until_enriched"
"Arda Civelek","Hipicon","https://www.hipicon.com/tr-en/designers","Platform profili (tasarımcı/marka/stüdyo/üretici karışık)","Resmî public dizinden doğrulandı","needs_enrichment","blocked_until_enriched"
"Arete Design by Egemen Umut Şen","Hipicon","https://www.hipicon.com/tr-en/designers","Platform profili (tasarımcı/marka/stüdyo/üretici karışık)","Resmî public dizinden doğrulandı","needs_enrichment","blocked_until_enriched"
"Arienel","Hipicon","https://www.hipicon.com/tr-en/designers","Platform profili (tasarımcı/marka/stüdyo/üretici karışık)","Resmî public dizinden doğrulandı","needs_enrichment","blocked_until_enriched"
"Ark+Art","Hipicon","https://www.hipicon.com/tr-en/designers","Platform profili (tasarımcı/marka/stüdyo/üretici karışık)","Resmî public dizinden doğrulandı","needs_enrichment","blocked_until_enriched"
"Arkhe Jewelry Design","Hipicon","https://www.hipicon.com/tr-en/designers","Platform profili (tasarımcı/marka/stüdyo/üretici karışık)","Resmî public dizinden doğrulandı","needs_enrichment","blocked_until_enriched"
"Aromatica","Hipicon","https://www.hipicon.com/tr-en/designers","Platform profili (tasarımcı/marka/stüdyo/üretici karışık)","Resmî public dizinden doğrulandı","needs_enrichment","blocked_until_enriched"
"Aromatics Essence","Hipicon","https://www.hipicon.com/tr-en/designers","Platform profili (tasarımcı/marka/stüdyo/üretici karışık)","Resmî public dizinden doğrulandı","needs_enrichment","blocked_until_enriched"
"Around","Hipicon","https://www.hipicon.com/tr-en/designers","Platform profili (tasarımcı/marka/stüdyo/üretici karışık)","Resmî public dizinden doğrulandı","needs_enrichment","blocked_until_enriched"
"Art Light","Hipicon","https://www.hipicon.com/tr-en/designers","Platform profili (tasarımcı/marka/stüdyo/üretici karışık)","Resmî public dizinden doğrulandı","needs_enrichment","blocked_until_enriched"
"Art Project İstanbul","Hipicon","https://www.hipicon.com/tr-en/designers","Platform profili (tasarımcı/marka/stüdyo/üretici karışık)","Resmî public dizinden doğrulandı","needs_enrichment","blocked_until_enriched"
"Artemide","Hipicon","https://www.hipicon.com/tr-en/designers","Platform profili (tasarımcı/marka/stüdyo/üretici karışık)","Resmî public dizinden doğrulandı","needs_enrichment","blocked_until_enriched"
"Artenzi","Hipicon","https://www.hipicon.com/tr-en/designers","Platform profili (tasarımcı/marka/stüdyo/üretici karışık)","Resmî public dizinden doğrulandı","needs_enrichment","blocked_until_enriched"
"Arteziahn","Hipicon","https://www.hipicon.com/tr-en/designers","Platform profili (tasarımcı/marka/stüdyo/üretici karışık)","Resmî public dizinden doğrulandı","needs_enrichment","blocked_until_enriched"
"Arthea","Hipicon","https://www.hipicon.com/tr-en/designers","Platform profili (tasarımcı/marka/stüdyo/üretici karışık)","Resmî public dizinden doğrulandı","needs_enrichment","blocked_until_enriched"
"Artiera","Hipicon","https://www.hipicon.com/tr-en/designers","Platform profili (tasarımcı/marka/stüdyo/üretici karışık)","Resmî public dizinden doğrulandı","needs_enrichment","blocked_until_enriched"
"Arven's World by Aylin Işıklı","Hipicon","https://www.hipicon.com/tr-en/designers","Platform profili (tasarımcı/marka/stüdyo/üretici karışık)","Resmî public dizinden doğrulandı","needs_enrichment","blocked_until_enriched"
"Aslı Sayan","Hipicon","https://www.hipicon.com/tr-en/designers","Platform profili (tasarımcı/marka/stüdyo/üretici karışık)","Resmî public dizinden doğrulandı","needs_enrichment","blocked_until_enriched"
"Aslı Yarış","Hipicon","https://www.hipicon.com/tr-en/designers","Platform profili (tasarımcı/marka/stüdyo/üretici karışık)","Resmî public dizinden doğrulandı","needs_enrichment","blocked_until_enriched"
"Aslında","Hipicon","https://www.hipicon.com/tr-en/designers","Platform profili (tasarımcı/marka/stüdyo/üretici karışık)","Resmî public dizinden doğrulandı","needs_enrichment","blocked_until_enriched"
"Assemblage Studios","Hipicon","https://www.hipicon.com/tr-en/designers","Platform profili (tasarımcı/marka/stüdyo/üretici karışık)","Resmî public dizinden doğrulandı","needs_enrichment","blocked_until_enriched"
"Asu Baby&Kids","Hipicon","https://www.hipicon.com/tr-en/designers","Platform profili (tasarımcı/marka/stüdyo/üretici karışık)","Resmî public dizinden doğrulandı","needs_enrichment","blocked_until_enriched"
"Asuman","Hipicon","https://www.hipicon.com/tr-en/designers","Platform profili (tasarımcı/marka/stüdyo/üretici karışık)","Resmî public dizinden doğrulandı","needs_enrichment","blocked_until_enriched"
"Asırlıq","Hipicon","https://www.hipicon.com/tr-en/designers","Platform profili (tasarımcı/marka/stüdyo/üretici karışık)","Resmî public dizinden doğrulandı","needs_enrichment","blocked_until_enriched"
"Atelier Babbi","Hipicon","https://www.hipicon.com/tr-en/designers","Platform profili (tasarımcı/marka/stüdyo/üretici karışık)","Resmî public dizinden doğrulandı","needs_enrichment","blocked_until_enriched"
"Atelier Bavaria","Hipicon","https://www.hipicon.com/tr-en/designers","Platform profili (tasarımcı/marka/stüdyo/üretici karışık)","Resmî public dizinden doğrulandı","needs_enrichment","blocked_until_enriched"
"Atelier Bomonti","Hipicon","https://www.hipicon.com/tr-en/designers","Platform profili (tasarımcı/marka/stüdyo/üretici karışık)","Resmî public dizinden doğrulandı","needs_enrichment","blocked_until_enriched"
"Atelier By Baby","Hipicon","https://www.hipicon.com/tr-en/designers","Platform profili (tasarımcı/marka/stüdyo/üretici karışık)","Resmî public dizinden doğrulandı","needs_enrichment","blocked_until_enriched"
"Atelier Cemo","Hipicon","https://www.hipicon.com/tr-en/designers","Platform profili (tasarımcı/marka/stüdyo/üretici karışık)","Resmî public dizinden doğrulandı","needs_enrichment","blocked_until_enriched"
"Atelier Dma","Hipicon","https://www.hipicon.com/tr-en/designers","Platform profili (tasarımcı/marka/stüdyo/üretici karışık)","Resmî public dizinden doğrulandı","needs_enrichment","blocked_until_enriched"
"Atelier Galin","Hipicon","https://www.hipicon.com/tr-en/designers","Platform profili (tasarımcı/marka/stüdyo/üretici karışık)","Resmî public dizinden doğrulandı","needs_enrichment","blocked_until_enriched"
"Atelier Havvana","Hipicon","https://www.hipicon.com/tr-en/designers","Platform profili (tasarımcı/marka/stüdyo/üretici karışık)","Resmî public dizinden doğrulandı","needs_enrichment","blocked_until_enriched"
"Atelier Krebs","Hipicon","https://www.hipicon.com/tr-en/designers","Platform profili (tasarımcı/marka/stüdyo/üretici karışık)","Resmî public dizinden doğrulandı","needs_enrichment","blocked_until_enriched"
"Atelier Lanazir","Hipicon","https://www.hipicon.com/tr-en/designers","Platform profili (tasarımcı/marka/stüdyo/üretici karışık)","Resmî public dizinden doğrulandı","needs_enrichment","blocked_until_enriched"
"Atelier Manje","Hipicon","https://www.hipicon.com/tr-en/designers","Platform profili (tasarımcı/marka/stüdyo/üretici karışık)","Resmî public dizinden doğrulandı","needs_enrichment","blocked_until_enriched"
"Atelier Melange","Hipicon","https://www.hipicon.com/tr-en/designers","Platform profili (tasarımcı/marka/stüdyo/üretici karışık)","Resmî public dizinden doğrulandı","needs_enrichment","blocked_until_enriched"
"Atelier Mignon","Hipicon","https://www.hipicon.com/tr-en/designers","Platform profili (tasarımcı/marka/stüdyo/üretici karışık)","Resmî public dizinden doğrulandı","needs_enrichment","blocked_until_enriched"
"Atelier Ozz","Hipicon","https://www.hipicon.com/tr-en/designers","Platform profili (tasarımcı/marka/stüdyo/üretici karışık)","Resmî public dizinden doğrulandı","needs_enrichment","blocked_until_enriched"
"Atelier Petites Pierres","Hipicon","https://www.hipicon.com/tr-en/designers","Platform profili (tasarımcı/marka/stüdyo/üretici karışık)","Resmî public dizinden doğrulandı","needs_enrichment","blocked_until_enriched"
"Atelier Simurg","Hipicon","https://www.hipicon.com/tr-en/designers","Platform profili (tasarımcı/marka/stüdyo/üretici karışık)","Resmî public dizinden doğrulandı","needs_enrichment","blocked_until_enriched"
"Atelieriz","Hipicon","https://www.hipicon.com/tr-en/designers","Platform profili (tasarımcı/marka/stüdyo/üretici karışık)","Resmî public dizinden doğrulandı","needs_enrichment","blocked_until_enriched"
"Ater Design","Hipicon","https://www.hipicon.com/tr-en/designers","Platform profili (tasarımcı/marka/stüdyo/üretici karışık)","Resmî public dizinden doğrulandı","needs_enrichment","blocked_until_enriched"
"Atok Jewelry","Hipicon","https://www.hipicon.com/tr-en/designers","Platform profili (tasarımcı/marka/stüdyo/üretici karışık)","Resmî public dizinden doğrulandı","needs_enrichment","blocked_until_enriched"
"Atolye Do","Hipicon","https://www.hipicon.com/tr-en/designers","Platform profili (tasarımcı/marka/stüdyo/üretici karışık)","Resmî public dizinden doğrulandı","needs_enrichment","blocked_until_enriched"
"Atolye Fü","Hipicon","https://www.hipicon.com/tr-en/designers","Platform profili (tasarımcı/marka/stüdyo/üretici karışık)","Resmî public dizinden doğrulandı","needs_enrichment","blocked_until_enriched"
"Atolye Store","Hipicon","https://www.hipicon.com/tr-en/designers","Platform profili (tasarımcı/marka/stüdyo/üretici karışık)","Resmî public dizinden doğrulandı","needs_enrichment","blocked_until_enriched"
"Atölye Atlas Ceramics","Hipicon","https://www.hipicon.com/tr-en/designers","Platform profili (tasarımcı/marka/stüdyo/üretici karışık)","Resmî public dizinden doğrulandı","needs_enrichment","blocked_until_enriched"
"Atölye Başka","Hipicon","https://www.hipicon.com/tr-en/designers","Platform profili (tasarımcı/marka/stüdyo/üretici karışık)","Resmî public dizinden doğrulandı","needs_enrichment","blocked_until_enriched"
"Atölye Karneol","Hipicon","https://www.hipicon.com/tr-en/designers","Platform profili (tasarımcı/marka/stüdyo/üretici karışık)","Resmî public dizinden doğrulandı","needs_enrichment","blocked_until_enriched"
"Atölye Kürün","Hipicon","https://www.hipicon.com/tr-en/designers","Platform profili (tasarımcı/marka/stüdyo/üretici karışık)","Resmî public dizinden doğrulandı","needs_enrichment","blocked_until_enriched"
"Atölye Lu","Hipicon","https://www.hipicon.com/tr-en/designers","Platform profili (tasarımcı/marka/stüdyo/üretici karışık)","Resmî public dizinden doğrulandı","needs_enrichment","blocked_until_enriched"
"Atölye Lup","Hipicon","https://www.hipicon.com/tr-en/designers","Platform profili (tasarımcı/marka/stüdyo/üretici karışık)","Resmî public dizinden doğrulandı","needs_enrichment","blocked_until_enriched"
"Atölye Mısra","Hipicon","https://www.hipicon.com/tr-en/designers","Platform profili (tasarımcı/marka/stüdyo/üretici karışık)","Resmî public dizinden doğrulandı","needs_enrichment","blocked_until_enriched"
"Atölye SIR","Hipicon","https://www.hipicon.com/tr-en/designers","Platform profili (tasarımcı/marka/stüdyo/üretici karışık)","Resmî public dizinden doğrulandı","needs_enrichment","blocked_until_enriched"
"Atölye İnce İşler","Hipicon","https://www.hipicon.com/tr-en/designers","Platform profili (tasarımcı/marka/stüdyo/üretici karışık)","Resmî public dizinden doğrulandı","needs_enrichment","blocked_until_enriched"
"Audio Pro","Hipicon","https://www.hipicon.com/tr-en/designers","Platform profili (tasarımcı/marka/stüdyo/üretici karışık)","Resmî public dizinden doğrulandı","needs_enrichment","blocked_until_enriched"
"Augus Aslan","Hipicon","https://www.hipicon.com/tr-en/designers","Platform profili (tasarımcı/marka/stüdyo/üretici karışık)","Resmî public dizinden doğrulandı","needs_enrichment","blocked_until_enriched"
"Auntie Me","Hipicon","https://www.hipicon.com/tr-en/designers","Platform profili (tasarımcı/marka/stüdyo/üretici karışık)","Resmî public dizinden doğrulandı","needs_enrichment","blocked_until_enriched"
"AuraCeramics","Hipicon","https://www.hipicon.com/tr-en/designers","Platform profili (tasarımcı/marka/stüdyo/üretici karışık)","Resmî public dizinden doğrulandı","needs_enrichment","blocked_until_enriched"
"Aurora Co.","Hipicon","https://www.hipicon.com/tr-en/designers","Platform profili (tasarımcı/marka/stüdyo/üretici karışık)","Resmî public dizinden doğrulandı","needs_enrichment","blocked_until_enriched"
"Aurora Design by Gözde Çetin","Hipicon","https://www.hipicon.com/tr-en/designers","Platform profili (tasarımcı/marka/stüdyo/üretici karışık)","Resmî public dizinden doğrulandı","needs_enrichment","blocked_until_enriched"
"Aurora Glass","Hipicon","https://www.hipicon.com/tr-en/designers","Platform profili (tasarımcı/marka/stüdyo/üretici karışık)","Resmî public dizinden doğrulandı","needs_enrichment","blocked_until_enriched"
"Aurs","Hipicon","https://www.hipicon.com/tr-en/designers","Platform profili (tasarımcı/marka/stüdyo/üretici karışık)","Resmî public dizinden doğrulandı","needs_enrichment","blocked_until_enriched"
"Ausfahrt34 & Ajma Collaboration","Hipicon","https://www.hipicon.com/tr-en/designers","Platform profili (tasarımcı/marka/stüdyo/üretici karışık)","Resmî public dizinden doğrulandı","needs_enrichment","blocked_until_enriched"
"Autoart","Hipicon","https://www.hipicon.com/tr-en/designers","Platform profili (tasarımcı/marka/stüdyo/üretici karışık)","Resmî public dizinden doğrulandı","needs_enrichment","blocked_until_enriched"
"Autoworld","Hipicon","https://www.hipicon.com/tr-en/designers","Platform profili (tasarımcı/marka/stüdyo/üretici karışık)","Resmî public dizinden doğrulandı","needs_enrichment","blocked_until_enriched"
"Ava Villain","Hipicon","https://www.hipicon.com/tr-en/designers","Platform profili (tasarımcı/marka/stüdyo/üretici karışık)","Resmî public dizinden doğrulandı","needs_enrichment","blocked_until_enriched"
"Avdan Kids","Hipicon","https://www.hipicon.com/tr-en/designers","Platform profili (tasarımcı/marka/stüdyo/üretici karışık)","Resmî public dizinden doğrulandı","needs_enrichment","blocked_until_enriched"
"Ave Eva","Hipicon","https://www.hipicon.com/tr-en/designers","Platform profili (tasarımcı/marka/stüdyo/üretici karışık)","Resmî public dizinden doğrulandı","needs_enrichment","blocked_until_enriched"
"Avize Ustası","Hipicon","https://www.hipicon.com/tr-en/designers","Platform profili (tasarımcı/marka/stüdyo/üretici karışık)","Resmî public dizinden doğrulandı","needs_enrichment","blocked_until_enriched"
"Axolight","Hipicon","https://www.hipicon.com/tr-en/designers","Platform profili (tasarımcı/marka/stüdyo/üretici karışık)","Resmî public dizinden doğrulandı","needs_enrichment","blocked_until_enriched"
"Aya","Hipicon","https://www.hipicon.com/tr-en/designers","Platform profili (tasarımcı/marka/stüdyo/üretici karışık)","Resmî public dizinden doğrulandı","needs_enrichment","blocked_until_enriched"
"Ayanas","Hipicon","https://www.hipicon.com/tr-en/designers","Platform profili (tasarımcı/marka/stüdyo/üretici karışık)","Resmî public dizinden doğrulandı","needs_enrichment","blocked_until_enriched"
"Aybal Organik","Hipicon","https://www.hipicon.com/tr-en/designers","Platform profili (tasarımcı/marka/stüdyo/üretici karışık)","Resmî public dizinden doğrulandı","needs_enrichment","blocked_until_enriched"
"Aybar","Hipicon","https://www.hipicon.com/tr-en/designers","Platform profili (tasarımcı/marka/stüdyo/üretici karışık)","Resmî public dizinden doğrulandı","needs_enrichment","blocked_until_enriched"
"Ayje","Hipicon","https://www.hipicon.com/tr-en/designers","Platform profili (tasarımcı/marka/stüdyo/üretici karışık)","Resmî public dizinden doğrulandı","needs_enrichment","blocked_until_enriched"
"Ayla Barın Bener","Hipicon","https://www.hipicon.com/tr-en/designers","Platform profili (tasarımcı/marka/stüdyo/üretici karışık)","Resmî public dizinden doğrulandı","needs_enrichment","blocked_until_enriched"
"Aytürk Couture","Hipicon","https://www.hipicon.com/tr-en/designers","Platform profili (tasarımcı/marka/stüdyo/üretici karışık)","Resmî public dizinden doğrulandı","needs_enrichment","blocked_until_enriched"
"Ayça Aktimur Design Studio","Hipicon","https://www.hipicon.com/tr-en/designers","Platform profili (tasarımcı/marka/stüdyo/üretici karışık)","Resmî public dizinden doğrulandı","needs_enrichment","blocked_until_enriched"
"Ayışığı Kolektif","Hipicon","https://www.hipicon.com/tr-en/designers","Platform profili (tasarımcı/marka/stüdyo/üretici karışık)","Resmî public dizinden doğrulandı","needs_enrichment","blocked_until_enriched"
"Ayşe Yüksel Porcelainware","Hipicon","https://www.hipicon.com/tr-en/designers","Platform profili (tasarımcı/marka/stüdyo/üretici karışık)","Resmî public dizinden doğrulandı","needs_enrichment","blocked_until_enriched"
"Azure Club Bath & Marine","Hipicon","https://www.hipicon.com/tr-en/designers","Platform profili (tasarımcı/marka/stüdyo/üretici karışık)","Resmî public dizinden doğrulandı","needs_enrichment","blocked_until_enriched"
"[Add]Tension","Hipicon","https://www.hipicon.com/tr-en/designers","Platform profili (tasarımcı/marka/stüdyo/üretici karışık)","Resmî public dizinden doğrulandı","needs_enrichment","blocked_until_enriched"
"Byebruketenci","Hipicon","https://www.hipicon.com/tr-en/designers","Platform profili (tasarımcı/marka/stüdyo/üretici karışık)","Resmî public dizinden doğrulandı","needs_enrichment","blocked_until_enriched"
"B My Stone","Hipicon","https://www.hipicon.com/tr-en/designers","Platform profili (tasarımcı/marka/stüdyo/üretici karışık)","Resmî public dizinden doğrulandı","needs_enrichment","blocked_until_enriched"
"B'Ceramics","Hipicon","https://www.hipicon.com/tr-en/designers","Platform profili (tasarımcı/marka/stüdyo/üretici karışık)","Resmî public dizinden doğrulandı","needs_enrichment","blocked_until_enriched"
"B'art Design","Hipicon","https://www.hipicon.com/tr-en/designers","Platform profili (tasarımcı/marka/stüdyo/üretici karışık)","Resmî public dizinden doğrulandı","needs_enrichment","blocked_until_enriched"
"B.G.M Home","Hipicon","https://www.hipicon.com/tr-en/designers","Platform profili (tasarımcı/marka/stüdyo/üretici karışık)","Resmî public dizinden doğrulandı","needs_enrichment","blocked_until_enriched"
"B8 Studio","Hipicon","https://www.hipicon.com/tr-en/designers","Platform profili (tasarımcı/marka/stüdyo/üretici karışık)","Resmî public dizinden doğrulandı","needs_enrichment","blocked_until_enriched"
"BATTS","Hipicon","https://www.hipicon.com/tr-en/designers","Platform profili (tasarımcı/marka/stüdyo/üretici karışık)","Resmî public dizinden doğrulandı","needs_enrichment","blocked_until_enriched"
"BEISA","Hipicon","https://www.hipicon.com/tr-en/designers","Platform profili (tasarımcı/marka/stüdyo/üretici karışık)","Resmî public dizinden doğrulandı","needs_enrichment","blocked_until_enriched"
"BTALE","Hipicon","https://www.hipicon.com/tr-en/designers","Platform profili (tasarımcı/marka/stüdyo/üretici karışık)","Resmî public dizinden doğrulandı","needs_enrichment","blocked_until_enriched"
"Babashalvar","Hipicon","https://www.hipicon.com/tr-en/designers","Platform profili (tasarımcı/marka/stüdyo/üretici karışık)","Resmî public dizinden doğrulandı","needs_enrichment","blocked_until_enriched"
"Baby Fée","Hipicon","https://www.hipicon.com/tr-en/designers","Platform profili (tasarımcı/marka/stüdyo/üretici karışık)","Resmî public dizinden doğrulandı","needs_enrichment","blocked_until_enriched"
"BabyBEK","Hipicon","https://www.hipicon.com/tr-en/designers","Platform profili (tasarımcı/marka/stüdyo/üretici karışık)","Resmî public dizinden doğrulandı","needs_enrichment","blocked_until_enriched"
"Babycord","Hipicon","https://www.hipicon.com/tr-en/designers","Platform profili (tasarımcı/marka/stüdyo/üretici karışık)","Resmî public dizinden doğrulandı","needs_enrichment","blocked_until_enriched"
"Babywulf","Hipicon","https://www.hipicon.com/tr-en/designers","Platform profili (tasarımcı/marka/stüdyo/üretici karışık)","Resmî public dizinden doğrulandı","needs_enrichment","blocked_until_enriched"
"Bade Erol Studio","Hipicon","https://www.hipicon.com/tr-en/designers","Platform profili (tasarımcı/marka/stüdyo/üretici karışık)","Resmî public dizinden doğrulandı","needs_enrichment","blocked_until_enriched"
"Bael İstanbul","Hipicon","https://www.hipicon.com/tr-en/designers","Platform profili (tasarımcı/marka/stüdyo/üretici karışık)","Resmî public dizinden doğrulandı","needs_enrichment","blocked_until_enriched"
"Bag The Joy","Hipicon","https://www.hipicon.com/tr-en/designers","Platform profili (tasarımcı/marka/stüdyo/üretici karışık)","Resmî public dizinden doğrulandı","needs_enrichment","blocked_until_enriched"
"Bagh Collection","Hipicon","https://www.hipicon.com/tr-en/designers","Platform profili (tasarımcı/marka/stüdyo/üretici karışık)","Resmî public dizinden doğrulandı","needs_enrichment","blocked_until_enriched"
"Bahar Aydınlatma","Hipicon","https://www.hipicon.com/tr-en/designers","Platform profili (tasarımcı/marka/stüdyo/üretici karışık)","Resmî public dizinden doğrulandı","needs_enrichment","blocked_until_enriched"
"Bakır İstanbul","Hipicon","https://www.hipicon.com/tr-en/designers","Platform profili (tasarımcı/marka/stüdyo/üretici karışık)","Resmî public dizinden doğrulandı","needs_enrichment","blocked_until_enriched"
"Baleint Costumes & More","Hipicon","https://www.hipicon.com/tr-en/designers","Platform profili (tasarımcı/marka/stüdyo/üretici karışık)","Resmî public dizinden doğrulandı","needs_enrichment","blocked_until_enriched"
"Bali Decor","Hipicon","https://www.hipicon.com/tr-en/designers","Platform profili (tasarımcı/marka/stüdyo/üretici karışık)","Resmî public dizinden doğrulandı","needs_enrichment","blocked_until_enriched"
"Bali Home","Hipicon","https://www.hipicon.com/tr-en/designers","Platform profili (tasarımcı/marka/stüdyo/üretici karışık)","Resmî public dizinden doğrulandı","needs_enrichment","blocked_until_enriched"
"BalinMandalin","Hipicon","https://www.hipicon.com/tr-en/designers","Platform profili (tasarımcı/marka/stüdyo/üretici karışık)","Resmî public dizinden doğrulandı","needs_enrichment","blocked_until_enriched"
"Ballstad","Hipicon","https://www.hipicon.com/tr-en/designers","Platform profili (tasarımcı/marka/stüdyo/üretici karışık)","Resmî public dizinden doğrulandı","needs_enrichment","blocked_until_enriched"
"Balme","Hipicon","https://www.hipicon.com/tr-en/designers","Platform profili (tasarımcı/marka/stüdyo/üretici karışık)","Resmî public dizinden doğrulandı","needs_enrichment","blocked_until_enriched"
"Balzac Cashmeres","Hipicon","https://www.hipicon.com/tr-en/designers","Platform profili (tasarımcı/marka/stüdyo/üretici karışık)","Resmî public dizinden doğrulandı","needs_enrichment","blocked_until_enriched"
"Banu Ertok","Hipicon","https://www.hipicon.com/tr-en/designers","Platform profili (tasarımcı/marka/stüdyo/üretici karışık)","Resmî public dizinden doğrulandı","needs_enrichment","blocked_until_enriched"
"Banwood","Hipicon","https://www.hipicon.com/tr-en/designers","Platform profili (tasarımcı/marka/stüdyo/üretici karışık)","Resmî public dizinden doğrulandı","needs_enrichment","blocked_until_enriched"
"Bapubags","Hipicon","https://www.hipicon.com/tr-en/designers","Platform profili (tasarımcı/marka/stüdyo/üretici karışık)","Resmî public dizinden doğrulandı","needs_enrichment","blocked_until_enriched"
"Barine","Hipicon","https://www.hipicon.com/tr-en/designers","Platform profili (tasarımcı/marka/stüdyo/üretici karışık)","Resmî public dizinden doğrulandı","needs_enrichment","blocked_until_enriched"
"Baron Venus","Hipicon","https://www.hipicon.com/tr-en/designers","Platform profili (tasarımcı/marka/stüdyo/üretici karışık)","Resmî public dizinden doğrulandı","needs_enrichment","blocked_until_enriched"
"Barvore","Hipicon","https://www.hipicon.com/tr-en/designers","Platform profili (tasarımcı/marka/stüdyo/üretici karışık)","Resmî public dizinden doğrulandı","needs_enrichment","blocked_until_enriched"
"Basic Jewel","Hipicon","https://www.hipicon.com/tr-en/designers","Platform profili (tasarımcı/marka/stüdyo/üretici karışık)","Resmî public dizinden doğrulandı","needs_enrichment","blocked_until_enriched"
"Basic and Bold Design Company","Hipicon","https://www.hipicon.com/tr-en/designers","Platform profili (tasarımcı/marka/stüdyo/üretici karışık)","Resmî public dizinden doğrulandı","needs_enrichment","blocked_until_enriched"
"Basics on Hand","Hipicon","https://www.hipicon.com/tr-en/designers","Platform profili (tasarımcı/marka/stüdyo/üretici karışık)","Resmî public dizinden doğrulandı","needs_enrichment","blocked_until_enriched"
"Bassigue","Hipicon","https://www.hipicon.com/tr-en/designers","Platform profili (tasarımcı/marka/stüdyo/üretici karışık)","Resmî public dizinden doğrulandı","needs_enrichment","blocked_until_enriched"
"Bayemeyc","Hipicon","https://www.hipicon.com/tr-en/designers","Platform profili (tasarımcı/marka/stüdyo/üretici karışık)","Resmî public dizinden doğrulandı","needs_enrichment","blocked_until_enriched"
"Baz","Hipicon","https://www.hipicon.com/tr-en/designers","Platform profili (tasarımcı/marka/stüdyo/üretici karışık)","Resmî public dizinden doğrulandı","needs_enrichment","blocked_until_enriched"
"Bazaaranka","Hipicon","https://www.hipicon.com/tr-en/designers","Platform profili (tasarımcı/marka/stüdyo/üretici karışık)","Resmî public dizinden doğrulandı","needs_enrichment","blocked_until_enriched"
"Başata Concept","Hipicon","https://www.hipicon.com/tr-en/designers","Platform profili (tasarımcı/marka/stüdyo/üretici karışık)","Resmî public dizinden doğrulandı","needs_enrichment","blocked_until_enriched"
"Be Friends","Hipicon","https://www.hipicon.com/tr-en/designers","Platform profili (tasarımcı/marka/stüdyo/üretici karışık)","Resmî public dizinden doğrulandı","needs_enrichment","blocked_until_enriched"
"Be Home Studio","Hipicon","https://www.hipicon.com/tr-en/designers","Platform profili (tasarımcı/marka/stüdyo/üretici karışık)","Resmî public dizinden doğrulandı","needs_enrichment","blocked_until_enriched"
"Be Mine Design","Hipicon","https://www.hipicon.com/tr-en/designers","Platform profili (tasarımcı/marka/stüdyo/üretici karışık)","Resmî public dizinden doğrulandı","needs_enrichment","blocked_until_enriched"
"BeQita","Hipicon","https://www.hipicon.com/tr-en/designers","Platform profili (tasarımcı/marka/stüdyo/üretici karışık)","Resmî public dizinden doğrulandı","needs_enrichment","blocked_until_enriched"
"Beaba","Hipicon","https://www.hipicon.com/tr-en/designers","Platform profili (tasarımcı/marka/stüdyo/üretici karışık)","Resmî public dizinden doğrulandı","needs_enrichment","blocked_until_enriched"
"Beady Cherry","Hipicon","https://www.hipicon.com/tr-en/designers","Platform profili (tasarımcı/marka/stüdyo/üretici karışık)","Resmî public dizinden doğrulandı","needs_enrichment","blocked_until_enriched"
"Beafrag","Hipicon","https://www.hipicon.com/tr-en/designers","Platform profili (tasarımcı/marka/stüdyo/üretici karışık)","Resmî public dizinden doğrulandı","needs_enrichment","blocked_until_enriched"
"Bealt Studio","Hipicon","https://www.hipicon.com/tr-en/designers","Platform profili (tasarımcı/marka/stüdyo/üretici karışık)","Resmî public dizinden doğrulandı","needs_enrichment","blocked_until_enriched"
"Beanie Fun","Hipicon","https://www.hipicon.com/tr-en/designers","Platform profili (tasarımcı/marka/stüdyo/üretici karışık)","Resmî public dizinden doğrulandı","needs_enrichment","blocked_until_enriched"
"Beany Beady","Hipicon","https://www.hipicon.com/tr-en/designers","Platform profili (tasarımcı/marka/stüdyo/üretici karışık)","Resmî public dizinden doğrulandı","needs_enrichment","blocked_until_enriched"
"Beautenica","Hipicon","https://www.hipicon.com/tr-en/designers","Platform profili (tasarımcı/marka/stüdyo/üretici karışık)","Resmî public dizinden doğrulandı","needs_enrichment","blocked_until_enriched"
"Beauty Bites","Hipicon","https://www.hipicon.com/tr-en/designers","Platform profili (tasarımcı/marka/stüdyo/üretici karışık)","Resmî public dizinden doğrulandı","needs_enrichment","blocked_until_enriched"
"Beauty Pillow","Hipicon","https://www.hipicon.com/tr-en/designers","Platform profili (tasarımcı/marka/stüdyo/üretici karışık)","Resmî public dizinden doğrulandı","needs_enrichment","blocked_until_enriched"
"Beauty of the House","Hipicon","https://www.hipicon.com/tr-en/designers","Platform profili (tasarımcı/marka/stüdyo/üretici karışık)","Resmî public dizinden doğrulandı","needs_enrichment","blocked_until_enriched"
"Bebesense","Hipicon","https://www.hipicon.com/tr-en/designers","Platform profili (tasarımcı/marka/stüdyo/üretici karışık)","Resmî public dizinden doğrulandı","needs_enrichment","blocked_until_enriched"
"Beck","Hipicon","https://www.hipicon.com/tr-en/designers","Platform profili (tasarımcı/marka/stüdyo/üretici karışık)","Resmî public dizinden doğrulandı","needs_enrichment","blocked_until_enriched"
"Bed and Beyond","Hipicon","https://www.hipicon.com/tr-en/designers","Platform profili (tasarımcı/marka/stüdyo/üretici karışık)","Resmî public dizinden doğrulandı","needs_enrichment","blocked_until_enriched"
"BeeYouBee CIVAJO","Hipicon","https://www.hipicon.com/tr-en/designers","Platform profili (tasarımcı/marka/stüdyo/üretici karışık)","Resmî public dizinden doğrulandı","needs_enrichment","blocked_until_enriched"
"Beeandu","Hipicon","https://www.hipicon.com/tr-en/designers","Platform profili (tasarımcı/marka/stüdyo/üretici karışık)","Resmî public dizinden doğrulandı","needs_enrichment","blocked_until_enriched"
"Beetle Beez","Hipicon","https://www.hipicon.com/tr-en/designers","Platform profili (tasarımcı/marka/stüdyo/üretici karışık)","Resmî public dizinden doğrulandı","needs_enrichment","blocked_until_enriched"
"Begart Design","Hipicon","https://www.hipicon.com/tr-en/designers","Platform profili (tasarımcı/marka/stüdyo/üretici karışık)","Resmî public dizinden doğrulandı","needs_enrichment","blocked_until_enriched"
"Begeli Ceramics and More","Hipicon","https://www.hipicon.com/tr-en/designers","Platform profili (tasarımcı/marka/stüdyo/üretici karışık)","Resmî public dizinden doğrulandı","needs_enrichment","blocked_until_enriched"
"Begler","Hipicon","https://www.hipicon.com/tr-en/designers","Platform profili (tasarımcı/marka/stüdyo/üretici karışık)","Resmî public dizinden doğrulandı","needs_enrichment","blocked_until_enriched"
"Behringer","Hipicon","https://www.hipicon.com/tr-en/designers","Platform profili (tasarımcı/marka/stüdyo/üretici karışık)","Resmî public dizinden doğrulandı","needs_enrichment","blocked_until_enriched"
"Beige","Hipicon","https://www.hipicon.com/tr-en/designers","Platform profili (tasarımcı/marka/stüdyo/üretici karışık)","Resmî public dizinden doğrulandı","needs_enrichment","blocked_until_enriched"
"Beige & Stone","Hipicon","https://www.hipicon.com/tr-en/designers","Platform profili (tasarımcı/marka/stüdyo/üretici karışık)","Resmî public dizinden doğrulandı","needs_enrichment","blocked_until_enriched"
"Beincoe","Hipicon","https://www.hipicon.com/tr-en/designers","Platform profili (tasarımcı/marka/stüdyo/üretici karışık)","Resmî public dizinden doğrulandı","needs_enrichment","blocked_until_enriched"
"Bekaliving","Hipicon","https://www.hipicon.com/tr-en/designers","Platform profili (tasarımcı/marka/stüdyo/üretici karışık)","Resmî public dizinden doğrulandı","needs_enrichment","blocked_until_enriched"
"Bekiru","Hipicon","https://www.hipicon.com/tr-en/designers","Platform profili (tasarımcı/marka/stüdyo/üretici karışık)","Resmî public dizinden doğrulandı","needs_enrichment","blocked_until_enriched"
"Beksa Konsept","Hipicon","https://www.hipicon.com/tr-en/designers","Platform profili (tasarımcı/marka/stüdyo/üretici karışık)","Resmî public dizinden doğrulandı","needs_enrichment","blocked_until_enriched"
"Bellis Activewear","Hipicon","https://www.hipicon.com/tr-en/designers","Platform profili (tasarımcı/marka/stüdyo/üretici karışık)","Resmî public dizinden doğrulandı","needs_enrichment","blocked_until_enriched"
"Bellt Company","Hipicon","https://www.hipicon.com/tr-en/designers","Platform profili (tasarımcı/marka/stüdyo/üretici karışık)","Resmî public dizinden doğrulandı","needs_enrichment","blocked_until_enriched"
"Belongs To Her","Hipicon","https://www.hipicon.com/tr-en/designers","Platform profili (tasarımcı/marka/stüdyo/üretici karışık)","Resmî public dizinden doğrulandı","needs_enrichment","blocked_until_enriched"
"Ben & Anna","Hipicon","https://www.hipicon.com/tr-en/designers","Platform profili (tasarımcı/marka/stüdyo/üretici karışık)","Resmî public dizinden doğrulandı","needs_enrichment","blocked_until_enriched"
"Benton","Hipicon","https://www.hipicon.com/tr-en/designers","Platform profili (tasarımcı/marka/stüdyo/üretici karışık)","Resmî public dizinden doğrulandı","needs_enrichment","blocked_until_enriched"
"Beq Studio","Hipicon","https://www.hipicon.com/tr-en/designers","Platform profili (tasarımcı/marka/stüdyo/üretici karışık)","Resmî public dizinden doğrulandı","needs_enrichment","blocked_until_enriched"
"Bergamo Zeytinyağı","Hipicon","https://www.hipicon.com/tr-en/designers","Platform profili (tasarımcı/marka/stüdyo/üretici karışık)","Resmî public dizinden doğrulandı","needs_enrichment","blocked_until_enriched"
"Beril Kın Design","Hipicon","https://www.hipicon.com/tr-en/designers","Platform profili (tasarımcı/marka/stüdyo/üretici karışık)","Resmî public dizinden doğrulandı","needs_enrichment","blocked_until_enriched"
"Berkiddo","Hipicon","https://www.hipicon.com/tr-en/designers","Platform profili (tasarımcı/marka/stüdyo/üretici karışık)","Resmî public dizinden doğrulandı","needs_enrichment","blocked_until_enriched"
"Berrin Özkan","Hipicon","https://www.hipicon.com/tr-en/designers","Platform profili (tasarımcı/marka/stüdyo/üretici karışık)","Resmî public dizinden doğrulandı","needs_enrichment","blocked_until_enriched"
"Bertola Home Studio","Hipicon","https://www.hipicon.com/tr-en/designers","Platform profili (tasarımcı/marka/stüdyo/üretici karışık)","Resmî public dizinden doğrulandı","needs_enrichment","blocked_until_enriched"
"BesArt Tablo Ve Dekor","Hipicon","https://www.hipicon.com/tr-en/designers","Platform profili (tasarımcı/marka/stüdyo/üretici karışık)","Resmî public dizinden doğrulandı","needs_enrichment","blocked_until_enriched"
"Beste Gürel","Hipicon","https://www.hipicon.com/tr-en/designers","Platform profili (tasarımcı/marka/stüdyo/üretici karışık)","Resmî public dizinden doğrulandı","needs_enrichment","blocked_until_enriched"
"Betham Design","Hipicon","https://www.hipicon.com/tr-en/designers","Platform profili (tasarımcı/marka/stüdyo/üretici karışık)","Resmî public dizinden doğrulandı","needs_enrichment","blocked_until_enriched"
"Betoniq Gusto","Hipicon","https://www.hipicon.com/tr-en/designers","Platform profili (tasarımcı/marka/stüdyo/üretici karışık)","Resmî public dizinden doğrulandı","needs_enrichment","blocked_until_enriched"
"Betz Ceramic","Hipicon","https://www.hipicon.com/tr-en/designers","Platform profili (tasarımcı/marka/stüdyo/üretici karışık)","Resmî public dizinden doğrulandı","needs_enrichment","blocked_until_enriched"
"BiKutu","Hipicon","https://www.hipicon.com/tr-en/designers","Platform profili (tasarımcı/marka/stüdyo/üretici karışık)","Resmî public dizinden doğrulandı","needs_enrichment","blocked_until_enriched"
"Bia Swimwear","Hipicon","https://www.hipicon.com/tr-en/designers","Platform profili (tasarımcı/marka/stüdyo/üretici karışık)","Resmî public dizinden doğrulandı","needs_enrichment","blocked_until_enriched"
"Bialetti","Hipicon","https://www.hipicon.com/tr-en/designers","Platform profili (tasarımcı/marka/stüdyo/üretici karışık)","Resmî public dizinden doğrulandı","needs_enrichment","blocked_until_enriched"
"Bibs","Hipicon","https://www.hipicon.com/tr-en/designers","Platform profili (tasarımcı/marka/stüdyo/üretici karışık)","Resmî public dizinden doğrulandı","needs_enrichment","blocked_until_enriched"
"Bige Kır Ceramics","Hipicon","https://www.hipicon.com/tr-en/designers","Platform profili (tasarımcı/marka/stüdyo/üretici karışık)","Resmî public dizinden doğrulandı","needs_enrichment","blocked_until_enriched"
"Bird Design","Hipicon","https://www.hipicon.com/tr-en/designers","Platform profili (tasarımcı/marka/stüdyo/üretici karışık)","Resmî public dizinden doğrulandı","needs_enrichment","blocked_until_enriched"
"Birim Erol","Hipicon","https://www.hipicon.com/tr-en/designers","Platform profili (tasarımcı/marka/stüdyo/üretici karışık)","Resmî public dizinden doğrulandı","needs_enrichment","blocked_until_enriched"
"Bisou İstanbul","Hipicon","https://www.hipicon.com/tr-en/designers","Platform profili (tasarımcı/marka/stüdyo/üretici karışık)","Resmî public dizinden doğrulandı","needs_enrichment","blocked_until_enriched"
"Bissell","Hipicon","https://www.hipicon.com/tr-en/designers","Platform profili (tasarımcı/marka/stüdyo/üretici karışık)","Resmî public dizinden doğrulandı","needs_enrichment","blocked_until_enriched"
"Blackwing","Hipicon","https://www.hipicon.com/tr-en/designers","Platform profili (tasarımcı/marka/stüdyo/üretici karışık)","Resmî public dizinden doğrulandı","needs_enrichment","blocked_until_enriched"
"Blaze Jewelry","Hipicon","https://www.hipicon.com/tr-en/designers","Platform profili (tasarımcı/marka/stüdyo/üretici karışık)","Resmî public dizinden doğrulandı","needs_enrichment","blocked_until_enriched"
"Blazeera","Hipicon","https://www.hipicon.com/tr-en/designers","Platform profili (tasarımcı/marka/stüdyo/üretici karışık)","Resmî public dizinden doğrulandı","needs_enrichment","blocked_until_enriched"
"Blend+r","Hipicon","https://www.hipicon.com/tr-en/designers","Platform profili (tasarımcı/marka/stüdyo/üretici karışık)","Resmî public dizinden doğrulandı","needs_enrichment","blocked_until_enriched"
"Blendtec","Hipicon","https://www.hipicon.com/tr-en/designers","Platform profili (tasarımcı/marka/stüdyo/üretici karışık)","Resmî public dizinden doğrulandı","needs_enrichment","blocked_until_enriched"
"Bleta Bags","Hipicon","https://www.hipicon.com/tr-en/designers","Platform profili (tasarımcı/marka/stüdyo/üretici karışık)","Resmî public dizinden doğrulandı","needs_enrichment","blocked_until_enriched"
"Bleu Lapin","Hipicon","https://www.hipicon.com/tr-en/designers","Platform profili (tasarımcı/marka/stüdyo/üretici karışık)","Resmî public dizinden doğrulandı","needs_enrichment","blocked_until_enriched"
"Bliga","Hipicon","https://www.hipicon.com/tr-en/designers","Platform profili (tasarımcı/marka/stüdyo/üretici karışık)","Resmî public dizinden doğrulandı","needs_enrichment","blocked_until_enriched"
"Blind Son","Hipicon","https://www.hipicon.com/tr-en/designers","Platform profili (tasarımcı/marka/stüdyo/üretici karışık)","Resmî public dizinden doğrulandı","needs_enrichment","blocked_until_enriched"
"Bloom Seramik Stüdyosu","Hipicon","https://www.hipicon.com/tr-en/designers","Platform profili (tasarımcı/marka/stüdyo/üretici karışık)","Resmî public dizinden doğrulandı","needs_enrichment","blocked_until_enriched"
"BloominBag","Hipicon","https://www.hipicon.com/tr-en/designers","Platform profili (tasarımcı/marka/stüdyo/üretici karışık)","Resmî public dizinden doğrulandı","needs_enrichment","blocked_until_enriched"
"Bloomsbury İstanbul","Hipicon","https://www.hipicon.com/tr-en/designers","Platform profili (tasarımcı/marka/stüdyo/üretici karışık)","Resmî public dizinden doğrulandı","needs_enrichment","blocked_until_enriched"
"Blos Ceramic","Hipicon","https://www.hipicon.com/tr-en/designers","Platform profili (tasarımcı/marka/stüdyo/üretici karışık)","Resmî public dizinden doğrulandı","needs_enrichment","blocked_until_enriched"
"Blue Cometis","Hipicon","https://www.hipicon.com/tr-en/designers","Platform profili (tasarımcı/marka/stüdyo/üretici karışık)","Resmî public dizinden doğrulandı","needs_enrichment","blocked_until_enriched"
"Bluenity","Hipicon","https://www.hipicon.com/tr-en/designers","Platform profili (tasarımcı/marka/stüdyo/üretici karışık)","Resmî public dizinden doğrulandı","needs_enrichment","blocked_until_enriched"
"Bmom","Hipicon","https://www.hipicon.com/tr-en/designers","Platform profili (tasarımcı/marka/stüdyo/üretici karışık)","Resmî public dizinden doğrulandı","needs_enrichment","blocked_until_enriched"
"Body London","Hipicon","https://www.hipicon.com/tr-en/designers","Platform profili (tasarımcı/marka/stüdyo/üretici karışık)","Resmî public dizinden doğrulandı","needs_enrichment","blocked_until_enriched"
"Bohem Shop","Hipicon","https://www.hipicon.com/tr-en/designers","Platform profili (tasarımcı/marka/stüdyo/üretici karışık)","Resmî public dizinden doğrulandı","needs_enrichment","blocked_until_enriched"
"Bohemisse","Hipicon","https://www.hipicon.com/tr-en/designers","Platform profili (tasarımcı/marka/stüdyo/üretici karışık)","Resmî public dizinden doğrulandı","needs_enrichment","blocked_until_enriched"
"Bohemtolia","Hipicon","https://www.hipicon.com/tr-en/designers","Platform profili (tasarımcı/marka/stüdyo/üretici karışık)","Resmî public dizinden doğrulandı","needs_enrichment","blocked_until_enriched"
"Boho Concept","Hipicon","https://www.hipicon.com/tr-en/designers","Platform profili (tasarımcı/marka/stüdyo/üretici karışık)","Resmî public dizinden doğrulandı","needs_enrichment","blocked_until_enriched"
"Boho Yoga Art","Hipicon","https://www.hipicon.com/tr-en/designers","Platform profili (tasarımcı/marka/stüdyo/üretici karışık)","Resmî public dizinden doğrulandı","needs_enrichment","blocked_until_enriched"
"Boia Living","Hipicon","https://www.hipicon.com/tr-en/designers","Platform profili (tasarımcı/marka/stüdyo/üretici karışık)","Resmî public dizinden doğrulandı","needs_enrichment","blocked_until_enriched"
"Bold Manifest Designs","Hipicon","https://www.hipicon.com/tr-en/designers","Platform profili (tasarımcı/marka/stüdyo/üretici karışık)","Resmî public dizinden doğrulandı","needs_enrichment","blocked_until_enriched"
"Bold Motorbikes","Hipicon","https://www.hipicon.com/tr-en/designers","Platform profili (tasarımcı/marka/stüdyo/üretici karışık)","Resmî public dizinden doğrulandı","needs_enrichment","blocked_until_enriched"
"Bolia","Hipicon","https://www.hipicon.com/tr-en/designers","Platform profili (tasarımcı/marka/stüdyo/üretici karışık)","Resmî public dizinden doğrulandı","needs_enrichment","blocked_until_enriched"
"Bonabag","Hipicon","https://www.hipicon.com/tr-en/designers","Platform profili (tasarımcı/marka/stüdyo/üretici karışık)","Resmî public dizinden doğrulandı","needs_enrichment","blocked_until_enriched"
"Bond and Bestie","Hipicon","https://www.hipicon.com/tr-en/designers","Platform profili (tasarımcı/marka/stüdyo/üretici karışık)","Resmî public dizinden doğrulandı","needs_enrichment","blocked_until_enriched"
"Bonesta","Hipicon","https://www.hipicon.com/tr-en/designers","Platform profili (tasarımcı/marka/stüdyo/üretici karışık)","Resmî public dizinden doğrulandı","needs_enrichment","blocked_until_enriched"
"Bonette.","Hipicon","https://www.hipicon.com/tr-en/designers","Platform profili (tasarımcı/marka/stüdyo/üretici karışık)","Resmî public dizinden doğrulandı","needs_enrichment","blocked_until_enriched"
"Bonjouk Studio","Hipicon","https://www.hipicon.com/tr-en/designers","Platform profili (tasarımcı/marka/stüdyo/üretici karışık)","Resmî public dizinden doğrulandı","needs_enrichment","blocked_until_enriched"
"Bonjour Madame","Hipicon","https://www.hipicon.com/tr-en/designers","Platform profili (tasarımcı/marka/stüdyo/üretici karışık)","Resmî public dizinden doğrulandı","needs_enrichment","blocked_until_enriched"
"Bonnie Design","Hipicon","https://www.hipicon.com/tr-en/designers","Platform profili (tasarımcı/marka/stüdyo/üretici karışık)","Resmî public dizinden doğrulandı","needs_enrichment","blocked_until_enriched"
"Boo Fabric","Hipicon","https://www.hipicon.com/tr-en/designers","Platform profili (tasarımcı/marka/stüdyo/üretici karışık)","Resmî public dizinden doğrulandı","needs_enrichment","blocked_until_enriched"
"BooBagIstanbul","Hipicon","https://www.hipicon.com/tr-en/designers","Platform profili (tasarımcı/marka/stüdyo/üretici karışık)","Resmî public dizinden doğrulandı","needs_enrichment","blocked_until_enriched"
"Boogie Beegie Studio","Hipicon","https://www.hipicon.com/tr-en/designers","Platform profili (tasarımcı/marka/stüdyo/üretici karışık)","Resmî public dizinden doğrulandı","needs_enrichment","blocked_until_enriched"
"Boom Bastık","Hipicon","https://www.hipicon.com/tr-en/designers","Platform profili (tasarımcı/marka/stüdyo/üretici karışık)","Resmî public dizinden doğrulandı","needs_enrichment","blocked_until_enriched"
"Borbo.","Hipicon","https://www.hipicon.com/tr-en/designers","Platform profili (tasarımcı/marka/stüdyo/üretici karışık)","Resmî public dizinden doğrulandı","needs_enrichment","blocked_until_enriched"
"Bordeaux Concept","Hipicon","https://www.hipicon.com/tr-en/designers","Platform profili (tasarımcı/marka/stüdyo/üretici karışık)","Resmî public dizinden doğrulandı","needs_enrichment","blocked_until_enriched"
"Bored & More","Hipicon","https://www.hipicon.com/tr-en/designers","Platform profili (tasarımcı/marka/stüdyo/üretici karışık)","Resmî public dizinden doğrulandı","needs_enrichment","blocked_until_enriched"
"Boris Becker","Hipicon","https://www.hipicon.com/tr-en/designers","Platform profili (tasarımcı/marka/stüdyo/üretici karışık)","Resmî public dizinden doğrulandı","needs_enrichment","blocked_until_enriched"
"Born Alpha","Hipicon","https://www.hipicon.com/tr-en/designers","Platform profili (tasarımcı/marka/stüdyo/üretici karışık)","Resmî public dizinden doğrulandı","needs_enrichment","blocked_until_enriched"
"Bose","Hipicon","https://www.hipicon.com/tr-en/designers","Platform profili (tasarımcı/marka/stüdyo/üretici karışık)","Resmî public dizinden doğrulandı","needs_enrichment","blocked_until_enriched"
"Bota Therapy","Hipicon","https://www.hipicon.com/tr-en/designers","Platform profili (tasarımcı/marka/stüdyo/üretici karışık)","Resmî public dizinden doğrulandı","needs_enrichment","blocked_until_enriched"
"Botanivo","Hipicon","https://www.hipicon.com/tr-en/designers","Platform profili (tasarımcı/marka/stüdyo/üretici karışık)","Resmî public dizinden doğrulandı","needs_enrichment","blocked_until_enriched"
"Bottle Buddy","Hipicon","https://www.hipicon.com/tr-en/designers","Platform profili (tasarımcı/marka/stüdyo/üretici karışık)","Resmî public dizinden doğrulandı","needs_enrichment","blocked_until_enriched"
"Bouffee Cloud","Hipicon","https://www.hipicon.com/tr-en/designers","Platform profili (tasarımcı/marka/stüdyo/üretici karışık)","Resmî public dizinden doğrulandı","needs_enrichment","blocked_until_enriched"
"Boule De Petite","Hipicon","https://www.hipicon.com/tr-en/designers","Platform profili (tasarımcı/marka/stüdyo/üretici karışık)","Resmî public dizinden doğrulandı","needs_enrichment","blocked_until_enriched"
"Bowers & Wilkins","Hipicon","https://www.hipicon.com/tr-en/designers","Platform profili (tasarımcı/marka/stüdyo/üretici karışık)","Resmî public dizinden doğrulandı","needs_enrichment","blocked_until_enriched"
"Box Co Concept","Hipicon","https://www.hipicon.com/tr-en/designers","Platform profili (tasarımcı/marka/stüdyo/üretici karışık)","Resmî public dizinden doğrulandı","needs_enrichment","blocked_until_enriched"
"Boys with Broken Hearts","Hipicon","https://www.hipicon.com/tr-en/designers","Platform profili (tasarımcı/marka/stüdyo/üretici karışık)","Resmî public dizinden doğrulandı","needs_enrichment","blocked_until_enriched"
"Braggo Furniture","Hipicon","https://www.hipicon.com/tr-en/designers","Platform profili (tasarımcı/marka/stüdyo/üretici karışık)","Resmî public dizinden doğrulandı","needs_enrichment","blocked_until_enriched"
"Brambuta","Hipicon","https://www.hipicon.com/tr-en/designers","Platform profili (tasarımcı/marka/stüdyo/üretici karışık)","Resmî public dizinden doğrulandı","needs_enrichment","blocked_until_enriched"
"Brandsmiths","Hipicon","https://www.hipicon.com/tr-en/designers","Platform profili (tasarımcı/marka/stüdyo/üretici karışık)","Resmî public dizinden doğrulandı","needs_enrichment","blocked_until_enriched"
"Braun","Hipicon","https://www.hipicon.com/tr-en/designers","Platform profili (tasarımcı/marka/stüdyo/üretici karışık)","Resmî public dizinden doğrulandı","needs_enrichment","blocked_until_enriched"
"Bravoİstanbul","Hipicon","https://www.hipicon.com/tr-en/designers","Platform profili (tasarımcı/marka/stüdyo/üretici karışık)","Resmî public dizinden doğrulandı","needs_enrichment","blocked_until_enriched"
"Brewista","Hipicon","https://www.hipicon.com/tr-en/designers","Platform profili (tasarımcı/marka/stüdyo/üretici karışık)","Resmî public dizinden doğrulandı","needs_enrichment","blocked_until_enriched"
"Bridge İstanbul","Hipicon","https://www.hipicon.com/tr-en/designers","Platform profili (tasarımcı/marka/stüdyo/üretici karışık)","Resmî public dizinden doğrulandı","needs_enrichment","blocked_until_enriched"
"Brod & Taylor","Hipicon","https://www.hipicon.com/tr-en/designers","Platform profili (tasarımcı/marka/stüdyo/üretici karışık)","Resmî public dizinden doğrulandı","needs_enrichment","blocked_until_enriched"
"Buba Life","Hipicon","https://www.hipicon.com/tr-en/designers","Platform profili (tasarımcı/marka/stüdyo/üretici karışık)","Resmî public dizinden doğrulandı","needs_enrichment","blocked_until_enriched"
"Buconcept","Hipicon","https://www.hipicon.com/tr-en/designers","Platform profili (tasarımcı/marka/stüdyo/üretici karışık)","Resmî public dizinden doğrulandı","needs_enrichment","blocked_until_enriched"
"Budizzz","Hipicon","https://www.hipicon.com/tr-en/designers","Platform profili (tasarımcı/marka/stüdyo/üretici karışık)","Resmî public dizinden doğrulandı","needs_enrichment","blocked_until_enriched"
"Buhu Store","Hipicon","https://www.hipicon.com/tr-en/designers","Platform profili (tasarımcı/marka/stüdyo/üretici karışık)","Resmî public dizinden doğrulandı","needs_enrichment","blocked_until_enriched"
"Buldan's","Hipicon","https://www.hipicon.com/tr-en/designers","Platform profili (tasarımcı/marka/stüdyo/üretici karışık)","Resmî public dizinden doğrulandı","needs_enrichment","blocked_until_enriched"
"Bumbleberry","Hipicon","https://www.hipicon.com/tr-en/designers","Platform profili (tasarımcı/marka/stüdyo/üretici karışık)","Resmî public dizinden doğrulandı","needs_enrichment","blocked_until_enriched"
"Bumkins","Hipicon","https://www.hipicon.com/tr-en/designers","Platform profili (tasarımcı/marka/stüdyo/üretici karışık)","Resmî public dizinden doğrulandı","needs_enrichment","blocked_until_enriched"
"Buntarosa","Hipicon","https://www.hipicon.com/tr-en/designers","Platform profili (tasarımcı/marka/stüdyo/üretici karışık)","Resmî public dizinden doğrulandı","needs_enrichment","blocked_until_enriched"
"Buntera Home","Hipicon","https://www.hipicon.com/tr-en/designers","Platform profili (tasarımcı/marka/stüdyo/üretici karışık)","Resmî public dizinden doğrulandı","needs_enrichment","blocked_until_enriched"
"Burago","Hipicon","https://www.hipicon.com/tr-en/designers","Platform profili (tasarımcı/marka/stüdyo/üretici karışık)","Resmî public dizinden doğrulandı","needs_enrichment","blocked_until_enriched"
"Burcu Erken Beachwear","Hipicon","https://www.hipicon.com/tr-en/designers","Platform profili (tasarımcı/marka/stüdyo/üretici karışık)","Resmî public dizinden doğrulandı","needs_enrichment","blocked_until_enriched"
"Burcu Çenberci Art","Hipicon","https://www.hipicon.com/tr-en/designers","Platform profili (tasarımcı/marka/stüdyo/üretici karışık)","Resmî public dizinden doğrulandı","needs_enrichment","blocked_until_enriched"
"Burcu Şeker Abajur","Hipicon","https://www.hipicon.com/tr-en/designers","Platform profili (tasarımcı/marka/stüdyo/üretici karışık)","Resmî public dizinden doğrulandı","needs_enrichment","blocked_until_enriched"
"Burjuva Concept","Hipicon","https://www.hipicon.com/tr-en/designers","Platform profili (tasarımcı/marka/stüdyo/üretici karışık)","Resmî public dizinden doğrulandı","needs_enrichment","blocked_until_enriched"
"Buudaduu","Hipicon","https://www.hipicon.com/tr-en/designers","Platform profili (tasarımcı/marka/stüdyo/üretici karışık)","Resmî public dizinden doğrulandı","needs_enrichment","blocked_until_enriched"
"Byda Mobilya","Hipicon","https://www.hipicon.com/tr-en/designers","Platform profili (tasarımcı/marka/stüdyo/üretici karışık)","Resmî public dizinden doğrulandı","needs_enrichment","blocked_until_enriched"
"Byniven Handmade Ceramics & Jewelery","Hipicon","https://www.hipicon.com/tr-en/designers","Platform profili (tasarımcı/marka/stüdyo/üretici karışık)","Resmî public dizinden doğrulandı","needs_enrichment","blocked_until_enriched"
"Börb","Hipicon","https://www.hipicon.com/tr-en/designers","Platform profili (tasarımcı/marka/stüdyo/üretici karışık)","Resmî public dizinden doğrulandı","needs_enrichment","blocked_until_enriched"
"Büruz","Hipicon","https://www.hipicon.com/tr-en/designers","Platform profili (tasarımcı/marka/stüdyo/üretici karışık)","Resmî public dizinden doğrulandı","needs_enrichment","blocked_until_enriched"
"Büşra Mert Artworks","Hipicon","https://www.hipicon.com/tr-en/designers","Platform profili (tasarımcı/marka/stüdyo/üretici karışık)","Resmî public dizinden doğrulandı","needs_enrichment","blocked_until_enriched"
"beo.","Hipicon","https://www.hipicon.com/tr-en/designers","Platform profili (tasarımcı/marka/stüdyo/üretici karışık)","Resmî public dizinden doğrulandı","needs_enrichment","blocked_until_enriched"
"but first coffee","Hipicon","https://www.hipicon.com/tr-en/designers","Platform profili (tasarımcı/marka/stüdyo/üretici karışık)","Resmî public dizinden doğrulandı","needs_enrichment","blocked_until_enriched"
"100% Chef","Hipicon","https://www.hipicon.com/tr-en/designers","Platform profili (tasarımcı/marka/stüdyo/üretici karışık)","Resmî public dizinden doğrulandı","needs_enrichment","blocked_until_enriched"
"14.14 Ceramics","Hipicon","https://www.hipicon.com/tr-en/designers","Platform profili (tasarımcı/marka/stüdyo/üretici karışık)","Resmî public dizinden doğrulandı","needs_enrichment","blocked_until_enriched"
"78 Coffee Roastery","Hipicon","https://www.hipicon.com/tr-en/designers","Platform profili (tasarımcı/marka/stüdyo/üretici karışık)","Resmî public dizinden doğrulandı","needs_enrichment","blocked_until_enriched"
"C'Lopia Beauty","Hipicon","https://www.hipicon.com/tr-en/designers","Platform profili (tasarımcı/marka/stüdyo/üretici karışık)","Resmî public dizinden doğrulandı","needs_enrichment","blocked_until_enriched"
"C-ya","Hipicon","https://www.hipicon.com/tr-en/designers","Platform profili (tasarımcı/marka/stüdyo/üretici karışık)","Resmî public dizinden doğrulandı","needs_enrichment","blocked_until_enriched"
"CC Copper Design","Hipicon","https://www.hipicon.com/tr-en/designers","Platform profili (tasarımcı/marka/stüdyo/üretici karışık)","Resmî public dizinden doğrulandı","needs_enrichment","blocked_until_enriched"
"CDG Studio","Hipicon","https://www.hipicon.com/tr-en/designers","Platform profili (tasarımcı/marka/stüdyo/üretici karışık)","Resmî public dizinden doğrulandı","needs_enrichment","blocked_until_enriched"
"CHASING PIECES","Hipicon","https://www.hipicon.com/tr-en/designers","Platform profili (tasarımcı/marka/stüdyo/üretici karışık)","Resmî public dizinden doğrulandı","needs_enrichment","blocked_until_enriched"
"CHMLNS","Hipicon","https://www.hipicon.com/tr-en/designers","Platform profili (tasarımcı/marka/stüdyo/üretici karışık)","Resmî public dizinden doğrulandı","needs_enrichment","blocked_until_enriched"
"CMC","Hipicon","https://www.hipicon.com/tr-en/designers","Platform profili (tasarımcı/marka/stüdyo/üretici karışık)","Resmî public dizinden doğrulandı","needs_enrichment","blocked_until_enriched"
"COMÈTES","Hipicon","https://www.hipicon.com/tr-en/designers","Platform profili (tasarımcı/marka/stüdyo/üretici karışık)","Resmî public dizinden doğrulandı","needs_enrichment","blocked_until_enriched"
"CVC Wood","Hipicon","https://www.hipicon.com/tr-en/designers","Platform profili (tasarımcı/marka/stüdyo/üretici karışık)","Resmî public dizinden doğrulandı","needs_enrichment","blocked_until_enriched"
"Caged Bird Design","Hipicon","https://www.hipicon.com/tr-en/designers","Platform profili (tasarımcı/marka/stüdyo/üretici karışık)","Resmî public dizinden doğrulandı","needs_enrichment","blocked_until_enriched"
"Caliner","Hipicon","https://www.hipicon.com/tr-en/designers","Platform profili (tasarımcı/marka/stüdyo/üretici karışık)","Resmî public dizinden doğrulandı","needs_enrichment","blocked_until_enriched"
"Callirrhoe","Hipicon","https://www.hipicon.com/tr-en/designers","Platform profili (tasarımcı/marka/stüdyo/üretici karışık)","Resmî public dizinden doğrulandı","needs_enrichment","blocked_until_enriched"
"Calmo Atelier","Hipicon","https://www.hipicon.com/tr-en/designers","Platform profili (tasarımcı/marka/stüdyo/üretici karışık)","Resmî public dizinden doğrulandı","needs_enrichment","blocked_until_enriched"
"Calyx","Hipicon","https://www.hipicon.com/tr-en/designers","Platform profili (tasarımcı/marka/stüdyo/üretici karışık)","Resmî public dizinden doğrulandı","needs_enrichment","blocked_until_enriched"
"Can Akşit","Hipicon","https://www.hipicon.com/tr-en/designers","Platform profili (tasarımcı/marka/stüdyo/üretici karışık)","Resmî public dizinden doğrulandı","needs_enrichment","blocked_until_enriched"
"Candelling","Hipicon","https://www.hipicon.com/tr-en/designers","Platform profili (tasarımcı/marka/stüdyo/üretici karışık)","Resmî public dizinden doğrulandı","needs_enrichment","blocked_until_enriched"
"Candle and Friends","Hipicon","https://www.hipicon.com/tr-en/designers","Platform profili (tasarımcı/marka/stüdyo/üretici karışık)","Resmî public dizinden doğrulandı","needs_enrichment","blocked_until_enriched"
"Candless","Hipicon","https://www.hipicon.com/tr-en/designers","Platform profili (tasarımcı/marka/stüdyo/üretici karışık)","Resmî public dizinden doğrulandı","needs_enrichment","blocked_until_enriched"
"Candu Things","Hipicon","https://www.hipicon.com/tr-en/designers","Platform profili (tasarımcı/marka/stüdyo/üretici karışık)","Resmî public dizinden doğrulandı","needs_enrichment","blocked_until_enriched"
"Cansu Şimşek","Hipicon","https://www.hipicon.com/tr-en/designers","Platform profili (tasarımcı/marka/stüdyo/üretici karışık)","Resmî public dizinden doğrulandı","needs_enrichment","blocked_until_enriched"
"Cansui","Hipicon","https://www.hipicon.com/tr-en/designers","Platform profili (tasarımcı/marka/stüdyo/üretici karışık)","Resmî public dizinden doğrulandı","needs_enrichment","blocked_until_enriched"
"Capra Design","Hipicon","https://www.hipicon.com/tr-en/designers","Platform profili (tasarımcı/marka/stüdyo/üretici karışık)","Resmî public dizinden doğrulandı","needs_enrichment","blocked_until_enriched"
"Carisa","Hipicon","https://www.hipicon.com/tr-en/designers","Platform profili (tasarımcı/marka/stüdyo/üretici karışık)","Resmî public dizinden doğrulandı","needs_enrichment","blocked_until_enriched"
"Carlesso","Hipicon","https://www.hipicon.com/tr-en/designers","Platform profili (tasarımcı/marka/stüdyo/üretici karışık)","Resmî public dizinden doğrulandı","needs_enrichment","blocked_until_enriched"
"Carrie, Frida, etc.","Hipicon","https://www.hipicon.com/tr-en/designers","Platform profili (tasarımcı/marka/stüdyo/üretici karışık)","Resmî public dizinden doğrulandı","needs_enrichment","blocked_until_enriched"
"Carrol Boyes","Hipicon","https://www.hipicon.com/tr-en/designers","Platform profili (tasarımcı/marka/stüdyo/üretici karışık)","Resmî public dizinden doğrulandı","needs_enrichment","blocked_until_enriched"
"Carryberry","Hipicon","https://www.hipicon.com/tr-en/designers","Platform profili (tasarımcı/marka/stüdyo/üretici karışık)","Resmî public dizinden doğrulandı","needs_enrichment","blocked_until_enriched"
"Cartonic","Hipicon","https://www.hipicon.com/tr-en/designers","Platform profili (tasarımcı/marka/stüdyo/üretici karışık)","Resmî public dizinden doğrulandı","needs_enrichment","blocked_until_enriched"
"Casa Ciara","Hipicon","https://www.hipicon.com/tr-en/designers","Platform profili (tasarımcı/marka/stüdyo/üretici karışık)","Resmî public dizinden doğrulandı","needs_enrichment","blocked_until_enriched"
"Casa Ingenti","Hipicon","https://www.hipicon.com/tr-en/designers","Platform profili (tasarımcı/marka/stüdyo/üretici karışık)","Resmî public dizinden doğrulandı","needs_enrichment","blocked_until_enriched"
"Casa Koza","Hipicon","https://www.hipicon.com/tr-en/designers","Platform profili (tasarımcı/marka/stüdyo/üretici karışık)","Resmî public dizinden doğrulandı","needs_enrichment","blocked_until_enriched"
"Casadora Baby","Hipicon","https://www.hipicon.com/tr-en/designers","Platform profili (tasarımcı/marka/stüdyo/üretici karışık)","Resmî public dizinden doğrulandı","needs_enrichment","blocked_until_enriched"
"Case N Bags","Hipicon","https://www.hipicon.com/tr-en/designers","Platform profili (tasarımcı/marka/stüdyo/üretici karışık)","Resmî public dizinden doğrulandı","needs_enrichment","blocked_until_enriched"
"Cats Seek Revenge","Hipicon","https://www.hipicon.com/tr-en/designers","Platform profili (tasarımcı/marka/stüdyo/üretici karışık)","Resmî public dizinden doğrulandı","needs_enrichment","blocked_until_enriched"
"Cavero","Hipicon","https://www.hipicon.com/tr-en/designers","Platform profili (tasarımcı/marka/stüdyo/üretici karışık)","Resmî public dizinden doğrulandı","needs_enrichment","blocked_until_enriched"
"Cayo Largo Jewellery","Hipicon","https://www.hipicon.com/tr-en/designers","Platform profili (tasarımcı/marka/stüdyo/üretici karışık)","Resmî public dizinden doğrulandı","needs_enrichment","blocked_until_enriched"
"Cazular","Hipicon","https://www.hipicon.com/tr-en/designers","Platform profili (tasarımcı/marka/stüdyo/üretici karışık)","Resmî public dizinden doğrulandı","needs_enrichment","blocked_until_enriched"
"Ceado","Hipicon","https://www.hipicon.com/tr-en/designers","Platform profili (tasarımcı/marka/stüdyo/üretici karışık)","Resmî public dizinden doğrulandı","needs_enrichment","blocked_until_enriched"
"Cecia","Hipicon","https://www.hipicon.com/tr-en/designers","Platform profili (tasarımcı/marka/stüdyo/üretici karışık)","Resmî public dizinden doğrulandı","needs_enrichment","blocked_until_enriched"
"Cekic Kids","Hipicon","https://www.hipicon.com/tr-en/designers","Platform profili (tasarımcı/marka/stüdyo/üretici karışık)","Resmî public dizinden doğrulandı","needs_enrichment","blocked_until_enriched"
"Celadon","Hipicon","https://www.hipicon.com/tr-en/designers","Platform profili (tasarımcı/marka/stüdyo/üretici karışık)","Resmî public dizinden doğrulandı","needs_enrichment","blocked_until_enriched"
"Cella","Hipicon","https://www.hipicon.com/tr-en/designers","Platform profili (tasarımcı/marka/stüdyo/üretici karışık)","Resmî public dizinden doğrulandı","needs_enrichment","blocked_until_enriched"
"Cella Store","Hipicon","https://www.hipicon.com/tr-en/designers","Platform profili (tasarımcı/marka/stüdyo/üretici karışık)","Resmî public dizinden doğrulandı","needs_enrichment","blocked_until_enriched"
"Cemil Haşimi","Hipicon","https://www.hipicon.com/tr-en/designers","Platform profili (tasarımcı/marka/stüdyo/üretici karışık)","Resmî public dizinden doğrulandı","needs_enrichment","blocked_until_enriched"
"Ceramic She","Hipicon","https://www.hipicon.com/tr-en/designers","Platform profili (tasarımcı/marka/stüdyo/üretici karışık)","Resmî public dizinden doğrulandı","needs_enrichment","blocked_until_enriched"
"Ceramicbottery","Hipicon","https://www.hipicon.com/tr-en/designers","Platform profili (tasarımcı/marka/stüdyo/üretici karışık)","Resmî public dizinden doğrulandı","needs_enrichment","blocked_until_enriched"
"Cere Atelier","Hipicon","https://www.hipicon.com/tr-en/designers","Platform profili (tasarımcı/marka/stüdyo/üretici karışık)","Resmî public dizinden doğrulandı","needs_enrichment","blocked_until_enriched"
"Ceremony In Bloom","Hipicon","https://www.hipicon.com/tr-en/designers","Platform profili (tasarımcı/marka/stüdyo/üretici karışık)","Resmî public dizinden doğrulandı","needs_enrichment","blocked_until_enriched"
"Cerinae","Hipicon","https://www.hipicon.com/tr-en/designers","Platform profili (tasarımcı/marka/stüdyo/üretici karışık)","Resmî public dizinden doğrulandı","needs_enrichment","blocked_until_enriched"
"Certain","Hipicon","https://www.hipicon.com/tr-en/designers","Platform profili (tasarımcı/marka/stüdyo/üretici karışık)","Resmî public dizinden doğrulandı","needs_enrichment","blocked_until_enriched"
"Chalicca","Hipicon","https://www.hipicon.com/tr-en/designers","Platform profili (tasarımcı/marka/stüdyo/üretici karışık)","Resmî public dizinden doğrulandı","needs_enrichment","blocked_until_enriched"
"Chando","Hipicon","https://www.hipicon.com/tr-en/designers","Platform profili (tasarımcı/marka/stüdyo/üretici karışık)","Resmî public dizinden doğrulandı","needs_enrichment","blocked_until_enriched"
"Chantal","Hipicon","https://www.hipicon.com/tr-en/designers","Platform profili (tasarımcı/marka/stüdyo/üretici karışık)","Resmî public dizinden doğrulandı","needs_enrichment","blocked_until_enriched"
"Charette Maison","Hipicon","https://www.hipicon.com/tr-en/designers","Platform profili (tasarımcı/marka/stüdyo/üretici karışık)","Resmî public dizinden doğrulandı","needs_enrichment","blocked_until_enriched"
"Charm in Urban","Hipicon","https://www.hipicon.com/tr-en/designers","Platform profili (tasarımcı/marka/stüdyo/üretici karışık)","Resmî public dizinden doğrulandı","needs_enrichment","blocked_until_enriched"
"Charme d'Orient","Hipicon","https://www.hipicon.com/tr-en/designers","Platform profili (tasarımcı/marka/stüdyo/üretici karışık)","Resmî public dizinden doğrulandı","needs_enrichment","blocked_until_enriched"
"Charya Maison","Hipicon","https://www.hipicon.com/tr-en/designers","Platform profili (tasarımcı/marka/stüdyo/üretici karışık)","Resmî public dizinden doğrulandı","needs_enrichment","blocked_until_enriched"
"Chaseldor","Hipicon","https://www.hipicon.com/tr-en/designers","Platform profili (tasarımcı/marka/stüdyo/üretici karışık)","Resmî public dizinden doğrulandı","needs_enrichment","blocked_until_enriched"
"Chef's Kiss but Paper","Hipicon","https://www.hipicon.com/tr-en/designers","Platform profili (tasarımcı/marka/stüdyo/üretici karışık)","Resmî public dizinden doğrulandı","needs_enrichment","blocked_until_enriched"
"Childhome","Hipicon","https://www.hipicon.com/tr-en/designers","Platform profili (tasarımcı/marka/stüdyo/üretici karışık)","Resmî public dizinden doğrulandı","needs_enrichment","blocked_until_enriched"
"Chillax","Hipicon","https://www.hipicon.com/tr-en/designers","Platform profili (tasarımcı/marka/stüdyo/üretici karışık)","Resmî public dizinden doğrulandı","needs_enrichment","blocked_until_enriched"
"Chimommy","Hipicon","https://www.hipicon.com/tr-en/designers","Platform profili (tasarımcı/marka/stüdyo/üretici karışık)","Resmî public dizinden doğrulandı","needs_enrichment","blocked_until_enriched"
"Chintar","Hipicon","https://www.hipicon.com/tr-en/designers","Platform profili (tasarımcı/marka/stüdyo/üretici karışık)","Resmî public dizinden doğrulandı","needs_enrichment","blocked_until_enriched"
"Chivit","Hipicon","https://www.hipicon.com/tr-en/designers","Platform profili (tasarımcı/marka/stüdyo/üretici karışık)","Resmî public dizinden doğrulandı","needs_enrichment","blocked_until_enriched"
"Chloris Candle","Hipicon","https://www.hipicon.com/tr-en/designers","Platform profili (tasarımcı/marka/stüdyo/üretici karışık)","Resmî public dizinden doğrulandı","needs_enrichment","blocked_until_enriched"
"Chocli","Hipicon","https://www.hipicon.com/tr-en/designers","Platform profili (tasarımcı/marka/stüdyo/üretici karışık)","Resmî public dizinden doğrulandı","needs_enrichment","blocked_until_enriched"
"Chroma Coffee","Hipicon","https://www.hipicon.com/tr-en/designers","Platform profili (tasarımcı/marka/stüdyo/üretici karışık)","Resmî public dizinden doğrulandı","needs_enrichment","blocked_until_enriched"
"Chronicles","Hipicon","https://www.hipicon.com/tr-en/designers","Platform profili (tasarımcı/marka/stüdyo/üretici karışık)","Resmî public dizinden doğrulandı","needs_enrichment","blocked_until_enriched"
"Cierre","Hipicon","https://www.hipicon.com/tr-en/designers","Platform profili (tasarımcı/marka/stüdyo/üretici karışık)","Resmî public dizinden doğrulandı","needs_enrichment","blocked_until_enriched"
"Cipretti","Hipicon","https://www.hipicon.com/tr-en/designers","Platform profili (tasarımcı/marka/stüdyo/üretici karışık)","Resmî public dizinden doğrulandı","needs_enrichment","blocked_until_enriched"
"Circus.junior","Hipicon","https://www.hipicon.com/tr-en/designers","Platform profili (tasarımcı/marka/stüdyo/üretici karışık)","Resmî public dizinden doğrulandı","needs_enrichment","blocked_until_enriched"
"Citizen","Hipicon","https://www.hipicon.com/tr-en/designers","Platform profili (tasarımcı/marka/stüdyo/üretici karışık)","Resmî public dizinden doğrulandı","needs_enrichment","blocked_until_enriched"
"Civan","Hipicon","https://www.hipicon.com/tr-en/designers","Platform profili (tasarımcı/marka/stüdyo/üretici karışık)","Resmî public dizinden doğrulandı","needs_enrichment","blocked_until_enriched"
"Clarte","Hipicon","https://www.hipicon.com/tr-en/designers","Platform profili (tasarımcı/marka/stüdyo/üretici karışık)","Resmî public dizinden doğrulandı","needs_enrichment","blocked_until_enriched"
"Clavist","Hipicon","https://www.hipicon.com/tr-en/designers","Platform profili (tasarımcı/marka/stüdyo/üretici karışık)","Resmî public dizinden doğrulandı","needs_enrichment","blocked_until_enriched"
"Claws","Hipicon","https://www.hipicon.com/tr-en/designers","Platform profili (tasarımcı/marka/stüdyo/üretici karışık)","Resmî public dizinden doğrulandı","needs_enrichment","blocked_until_enriched"
"Cle","Hipicon","https://www.hipicon.com/tr-en/designers","Platform profili (tasarımcı/marka/stüdyo/üretici karışık)","Resmî public dizinden doğrulandı","needs_enrichment","blocked_until_enriched"
"Cloudberrykidss","Hipicon","https://www.hipicon.com/tr-en/designers","Platform profili (tasarımcı/marka/stüdyo/üretici karışık)","Resmî public dizinden doğrulandı","needs_enrichment","blocked_until_enriched"
"Cndn by Candan Balto","Hipicon","https://www.hipicon.com/tr-en/designers","Platform profili (tasarımcı/marka/stüdyo/üretici karışık)","Resmî public dizinden doğrulandı","needs_enrichment","blocked_until_enriched"
"Cnswoman","Hipicon","https://www.hipicon.com/tr-en/designers","Platform profili (tasarımcı/marka/stüdyo/üretici karışık)","Resmî public dizinden doğrulandı","needs_enrichment","blocked_until_enriched"
"Coach Coffee Company","Hipicon","https://www.hipicon.com/tr-en/designers","Platform profili (tasarımcı/marka/stüdyo/üretici karışık)","Resmî public dizinden doğrulandı","needs_enrichment","blocked_until_enriched"
"Cocodema","Hipicon","https://www.hipicon.com/tr-en/designers","Platform profili (tasarımcı/marka/stüdyo/üretici karışık)","Resmî public dizinden doğrulandı","needs_enrichment","blocked_until_enriched"
"Coesse","Hipicon","https://www.hipicon.com/tr-en/designers","Platform profili (tasarımcı/marka/stüdyo/üretici karışık)","Resmî public dizinden doğrulandı","needs_enrichment","blocked_until_enriched"
"Coffee Manifesto","Hipicon","https://www.hipicon.com/tr-en/designers","Platform profili (tasarımcı/marka/stüdyo/üretici karışık)","Resmî public dizinden doğrulandı","needs_enrichment","blocked_until_enriched"
"Cogger","Hipicon","https://www.hipicon.com/tr-en/designers","Platform profili (tasarımcı/marka/stüdyo/üretici karışık)","Resmî public dizinden doğrulandı","needs_enrichment","blocked_until_enriched"
"Coho Objet","Hipicon","https://www.hipicon.com/tr-en/designers","Platform profili (tasarımcı/marka/stüdyo/üretici karışık)","Resmî public dizinden doğrulandı","needs_enrichment","blocked_until_enriched"
"Coleccion Tansu","Hipicon","https://www.hipicon.com/tr-en/designers","Platform profili (tasarımcı/marka/stüdyo/üretici karışık)","Resmî public dizinden doğrulandı","needs_enrichment","blocked_until_enriched"
"CollecThings","Hipicon","https://www.hipicon.com/tr-en/designers","Platform profili (tasarımcı/marka/stüdyo/üretici karışık)","Resmî public dizinden doğrulandı","needs_enrichment","blocked_until_enriched"
"Color Manifesto","Hipicon","https://www.hipicon.com/tr-en/designers","Platform profili (tasarımcı/marka/stüdyo/üretici karışık)","Resmî public dizinden doğrulandı","needs_enrichment","blocked_until_enriched"
"Color Reflect","Hipicon","https://www.hipicon.com/tr-en/designers","Platform profili (tasarımcı/marka/stüdyo/üretici karışık)","Resmî public dizinden doğrulandı","needs_enrichment","blocked_until_enriched"
"Colors of Doa","Hipicon","https://www.hipicon.com/tr-en/designers","Platform profili (tasarımcı/marka/stüdyo/üretici karışık)","Resmî public dizinden doğrulandı","needs_enrichment","blocked_until_enriched"
"Colorz Doğal Boyalar","Hipicon","https://www.hipicon.com/tr-en/designers","Platform profili (tasarımcı/marka/stüdyo/üretici karışık)","Resmî public dizinden doğrulandı","needs_enrichment","blocked_until_enriched"
"Columbia","Hipicon","https://www.hipicon.com/tr-en/designers","Platform profili (tasarımcı/marka/stüdyo/üretici karışık)","Resmî public dizinden doğrulandı","needs_enrichment","blocked_until_enriched"
"Conceptionpatte","Hipicon","https://www.hipicon.com/tr-en/designers","Platform profili (tasarımcı/marka/stüdyo/üretici karışık)","Resmî public dizinden doğrulandı","needs_enrichment","blocked_until_enriched"
"Confidante","Hipicon","https://www.hipicon.com/tr-en/designers","Platform profili (tasarımcı/marka/stüdyo/üretici karışık)","Resmî public dizinden doğrulandı","needs_enrichment","blocked_until_enriched"
"Connetix","Hipicon","https://www.hipicon.com/tr-en/designers","Platform profili (tasarımcı/marka/stüdyo/üretici karışık)","Resmî public dizinden doğrulandı","needs_enrichment","blocked_until_enriched"
"Console Furniture","Hipicon","https://www.hipicon.com/tr-en/designers","Platform profili (tasarımcı/marka/stüdyo/üretici karışık)","Resmî public dizinden doğrulandı","needs_enrichment","blocked_until_enriched"
"Contardi","Hipicon","https://www.hipicon.com/tr-en/designers","Platform profili (tasarımcı/marka/stüdyo/üretici karışık)","Resmî public dizinden doğrulandı","needs_enrichment","blocked_until_enriched"
"Cooperative Studio","Hipicon","https://www.hipicon.com/tr-en/designers","Platform profili (tasarımcı/marka/stüdyo/üretici karışık)","Resmî public dizinden doğrulandı","needs_enrichment","blocked_until_enriched"
"Copic","Hipicon","https://www.hipicon.com/tr-en/designers","Platform profili (tasarımcı/marka/stüdyo/üretici karışık)","Resmî public dizinden doğrulandı","needs_enrichment","blocked_until_enriched"
"Coppart","Hipicon","https://www.hipicon.com/tr-en/designers","Platform profili (tasarımcı/marka/stüdyo/üretici karışık)","Resmî public dizinden doğrulandı","needs_enrichment","blocked_until_enriched"
"CoralArte","Hipicon","https://www.hipicon.com/tr-en/designers","Platform profili (tasarımcı/marka/stüdyo/üretici karışık)","Resmî public dizinden doğrulandı","needs_enrichment","blocked_until_enriched"
"Cose Prezioso","Hipicon","https://www.hipicon.com/tr-en/designers","Platform profili (tasarımcı/marka/stüdyo/üretici karışık)","Resmî public dizinden doğrulandı","needs_enrichment","blocked_until_enriched"
"Cosmi Cookie Lab","Hipicon","https://www.hipicon.com/tr-en/designers","Platform profili (tasarımcı/marka/stüdyo/üretici karışık)","Resmî public dizinden doğrulandı","needs_enrichment","blocked_until_enriched"
"Cosphera","Hipicon","https://www.hipicon.com/tr-en/designers","Platform profili (tasarımcı/marka/stüdyo/üretici karışık)","Resmî public dizinden doğrulandı","needs_enrichment","blocked_until_enriched"
"Cospotin Atelier","Hipicon","https://www.hipicon.com/tr-en/designers","Platform profili (tasarımcı/marka/stüdyo/üretici karışık)","Resmî public dizinden doğrulandı","needs_enrichment","blocked_until_enriched"
"Cotoni Home","Hipicon","https://www.hipicon.com/tr-en/designers","Platform profili (tasarımcı/marka/stüdyo/üretici karışık)","Resmî public dizinden doğrulandı","needs_enrichment","blocked_until_enriched"
"Coucou","Hipicon","https://www.hipicon.com/tr-en/designers","Platform profili (tasarımcı/marka/stüdyo/üretici karışık)","Resmî public dizinden doğrulandı","needs_enrichment","blocked_until_enriched"
"Cowshed","Hipicon","https://www.hipicon.com/tr-en/designers","Platform profili (tasarımcı/marka/stüdyo/üretici karışık)","Resmî public dizinden doğrulandı","needs_enrichment","blocked_until_enriched"
"Cozas - Pylones","Hipicon","https://www.hipicon.com/tr-en/designers","Platform profili (tasarımcı/marka/stüdyo/üretici karışık)","Resmî public dizinden doğrulandı","needs_enrichment","blocked_until_enriched"
"Cozier","Hipicon","https://www.hipicon.com/tr-en/designers","Platform profili (tasarımcı/marka/stüdyo/üretici karışık)","Resmî public dizinden doğrulandı","needs_enrichment","blocked_until_enriched"
"Craftale Porcelain Studio","Hipicon","https://www.hipicon.com/tr-en/designers","Platform profili (tasarımcı/marka/stüdyo/üretici karışık)","Resmî public dizinden doğrulandı","needs_enrichment","blocked_until_enriched"
"Craighill","Hipicon","https://www.hipicon.com/tr-en/designers","Platform profili (tasarımcı/marka/stüdyo/üretici karışık)","Resmî public dizinden doğrulandı","needs_enrichment","blocked_until_enriched"
"Cream Grey","Hipicon","https://www.hipicon.com/tr-en/designers","Platform profili (tasarımcı/marka/stüdyo/üretici karışık)","Resmî public dizinden doğrulandı","needs_enrichment","blocked_until_enriched"
"Creande","Hipicon","https://www.hipicon.com/tr-en/designers","Platform profili (tasarımcı/marka/stüdyo/üretici karışık)","Resmî public dizinden doğrulandı","needs_enrichment","blocked_until_enriched"
"Creatto","Hipicon","https://www.hipicon.com/tr-en/designers","Platform profili (tasarımcı/marka/stüdyo/üretici karışık)","Resmî public dizinden doğrulandı","needs_enrichment","blocked_until_enriched"
"Creo Mobili","Hipicon","https://www.hipicon.com/tr-en/designers","Platform profili (tasarımcı/marka/stüdyo/üretici karışık)","Resmî public dizinden doğrulandı","needs_enrichment","blocked_until_enriched"
"Crescent Line","Hipicon","https://www.hipicon.com/tr-en/designers","Platform profili (tasarımcı/marka/stüdyo/üretici karışık)","Resmî public dizinden doğrulandı","needs_enrichment","blocked_until_enriched"
"Cromia","Hipicon","https://www.hipicon.com/tr-en/designers","Platform profili (tasarımcı/marka/stüdyo/üretici karışık)","Resmî public dizinden doğrulandı","needs_enrichment","blocked_until_enriched"
"Crow Coffee Roastery","Hipicon","https://www.hipicon.com/tr-en/designers","Platform profili (tasarımcı/marka/stüdyo/üretici karışık)","Resmî public dizinden doğrulandı","needs_enrichment","blocked_until_enriched"
"Cult & Glint","Hipicon","https://www.hipicon.com/tr-en/designers","Platform profili (tasarımcı/marka/stüdyo/üretici karışık)","Resmî public dizinden doğrulandı","needs_enrichment","blocked_until_enriched"
"Cuteville Flavours","Hipicon","https://www.hipicon.com/tr-en/designers","Platform profili (tasarımcı/marka/stüdyo/üretici karışık)","Resmî public dizinden doğrulandı","needs_enrichment","blocked_until_enriched"
"camADA","Hipicon","https://www.hipicon.com/tr-en/designers","Platform profili (tasarımcı/marka/stüdyo/üretici karışık)","Resmî public dizinden doğrulandı","needs_enrichment","blocked_until_enriched"
"ces.collection","Hipicon","https://www.hipicon.com/tr-en/designers","Platform profili (tasarımcı/marka/stüdyo/üretici karışık)","Resmî public dizinden doğrulandı","needs_enrichment","blocked_until_enriched"
"cocoist.dog","Hipicon","https://www.hipicon.com/tr-en/designers","Platform profili (tasarımcı/marka/stüdyo/üretici karışık)","Resmî public dizinden doğrulandı","needs_enrichment","blocked_until_enriched"
"Çakıl Jewelry","Hipicon","https://www.hipicon.com/tr-en/designers","Platform profili (tasarımcı/marka/stüdyo/üretici karışık)","Resmî public dizinden doğrulandı","needs_enrichment","blocked_until_enriched"
"Çaçiçakaduz","Hipicon","https://www.hipicon.com/tr-en/designers","Platform profili (tasarımcı/marka/stüdyo/üretici karışık)","Resmî public dizinden doğrulandı","needs_enrichment","blocked_until_enriched"
"Çağlayan Koltuk","Hipicon","https://www.hipicon.com/tr-en/designers","Platform profili (tasarımcı/marka/stüdyo/üretici karışık)","Resmî public dizinden doğrulandı","needs_enrichment","blocked_until_enriched"
"Çağıl Duman","Hipicon","https://www.hipicon.com/tr-en/designers","Platform profili (tasarımcı/marka/stüdyo/üretici karışık)","Resmî public dizinden doğrulandı","needs_enrichment","blocked_until_enriched"
"Çiğdem Yapanar","Hipicon","https://www.hipicon.com/tr-en/designers","Platform profili (tasarımcı/marka/stüdyo/üretici karışık)","Resmî public dizinden doğrulandı","needs_enrichment","blocked_until_enriched"
"Çuval","Hipicon","https://www.hipicon.com/tr-en/designers","Platform profili (tasarımcı/marka/stüdyo/üretici karışık)","Resmî public dizinden doğrulandı","needs_enrichment","blocked_until_enriched"
"ÇİĞDEM GÖK TASARIM","Hipicon","https://www.hipicon.com/tr-en/designers","Platform profili (tasarımcı/marka/stüdyo/üretici karışık)","Resmî public dizinden doğrulandı","needs_enrichment","blocked_until_enriched"
"29 Designlab","Hipicon","https://www.hipicon.com/tr-en/designers","Platform profili (tasarımcı/marka/stüdyo/üretici karışık)","Resmî public dizinden doğrulandı","needs_enrichment","blocked_until_enriched"
"D&G Terracotta Studyo","Hipicon","https://www.hipicon.com/tr-en/designers","Platform profili (tasarımcı/marka/stüdyo/üretici karışık)","Resmî public dizinden doğrulandı","needs_enrichment","blocked_until_enriched"
"D'lueur Atelier","Hipicon","https://www.hipicon.com/tr-en/designers","Platform profili (tasarımcı/marka/stüdyo/üretici karışık)","Resmî public dizinden doğrulandı","needs_enrichment","blocked_until_enriched"
"DEAG","Hipicon","https://www.hipicon.com/tr-en/designers","Platform profili (tasarımcı/marka/stüdyo/üretici karışık)","Resmî public dizinden doğrulandı","needs_enrichment","blocked_until_enriched"
"DEAR HOME","Hipicon","https://www.hipicon.com/tr-en/designers","Platform profili (tasarımcı/marka/stüdyo/üretici karışık)","Resmî public dizinden doğrulandı","needs_enrichment","blocked_until_enriched"
"DJEZAIRLI","Hipicon","https://www.hipicon.com/tr-en/designers","Platform profili (tasarımcı/marka/stüdyo/üretici karışık)","Resmî public dizinden doğrulandı","needs_enrichment","blocked_until_enriched"
"DK Store","Hipicon","https://www.hipicon.com/tr-en/designers","Platform profili (tasarımcı/marka/stüdyo/üretici karışık)","Resmî public dizinden doğrulandı","needs_enrichment","blocked_until_enriched"
"DOG.iST","Hipicon","https://www.hipicon.com/tr-en/designers","Platform profili (tasarımcı/marka/stüdyo/üretici karışık)","Resmî public dizinden doğrulandı","needs_enrichment","blocked_until_enriched"
"DOGO","Hipicon","https://www.hipicon.com/tr-en/designers","Platform profili (tasarımcı/marka/stüdyo/üretici karışık)","Resmî public dizinden doğrulandı","needs_enrichment","blocked_until_enriched"
"DOROANDME","Hipicon","https://www.hipicon.com/tr-en/designers","Platform profili (tasarımcı/marka/stüdyo/üretici karışık)","Resmî public dizinden doğrulandı","needs_enrichment","blocked_until_enriched"
"DSN Sanat","Hipicon","https://www.hipicon.com/tr-en/designers","Platform profili (tasarımcı/marka/stüdyo/üretici karışık)","Resmî public dizinden doğrulandı","needs_enrichment","blocked_until_enriched"
"Daedalus","Hipicon","https://www.hipicon.com/tr-en/designers","Platform profili (tasarımcı/marka/stüdyo/üretici karışık)","Resmî public dizinden doğrulandı","needs_enrichment","blocked_until_enriched"
"Dag Home Store","Hipicon","https://www.hipicon.com/tr-en/designers","Platform profili (tasarımcı/marka/stüdyo/üretici karışık)","Resmî public dizinden doğrulandı","needs_enrichment","blocked_until_enriched"
"Daily Me Wellbeing","Hipicon","https://www.hipicon.com/tr-en/designers","Platform profili (tasarımcı/marka/stüdyo/üretici karışık)","Resmî public dizinden doğrulandı","needs_enrichment","blocked_until_enriched"
"Daim Dükkan","Hipicon","https://www.hipicon.com/tr-en/designers","Platform profili (tasarımcı/marka/stüdyo/üretici karışık)","Resmî public dizinden doğrulandı","needs_enrichment","blocked_until_enriched"
"Dainova","Hipicon","https://www.hipicon.com/tr-en/designers","Platform profili (tasarımcı/marka/stüdyo/üretici karışık)","Resmî public dizinden doğrulandı","needs_enrichment","blocked_until_enriched"
"Daka Concept Store","Hipicon","https://www.hipicon.com/tr-en/designers","Platform profili (tasarımcı/marka/stüdyo/üretici karışık)","Resmî public dizinden doğrulandı","needs_enrichment","blocked_until_enriched"
"Dall","Hipicon","https://www.hipicon.com/tr-en/designers","Platform profili (tasarımcı/marka/stüdyo/üretici karışık)","Resmî public dizinden doğrulandı","needs_enrichment","blocked_until_enriched"
"Daphne Studio","Hipicon","https://www.hipicon.com/tr-en/designers","Platform profili (tasarımcı/marka/stüdyo/üretici karışık)","Resmî public dizinden doğrulandı","needs_enrichment","blocked_until_enriched"
"Daring Littles","Hipicon","https://www.hipicon.com/tr-en/designers","Platform profili (tasarımcı/marka/stüdyo/üretici karışık)","Resmî public dizinden doğrulandı","needs_enrichment","blocked_until_enriched"
"Das Pieces","Hipicon","https://www.hipicon.com/tr-en/designers","Platform profili (tasarımcı/marka/stüdyo/üretici karışık)","Resmî public dizinden doğrulandı","needs_enrichment","blocked_until_enriched"
"Date Studio","Hipicon","https://www.hipicon.com/tr-en/designers","Platform profili (tasarımcı/marka/stüdyo/üretici karışık)","Resmî public dizinden doğrulandı","needs_enrichment","blocked_until_enriched"
"De Majo","Hipicon","https://www.hipicon.com/tr-en/designers","Platform profili (tasarımcı/marka/stüdyo/üretici karışık)","Resmî public dizinden doğrulandı","needs_enrichment","blocked_until_enriched"
"DeDe Candle & Body","Hipicon","https://www.hipicon.com/tr-en/designers","Platform profili (tasarımcı/marka/stüdyo/üretici karışık)","Resmî public dizinden doğrulandı","needs_enrichment","blocked_until_enriched"
"DeSoKa","Hipicon","https://www.hipicon.com/tr-en/designers","Platform profili (tasarımcı/marka/stüdyo/üretici karışık)","Resmî public dizinden doğrulandı","needs_enrichment","blocked_until_enriched"
"Dea'rt İstanbul","Hipicon","https://www.hipicon.com/tr-en/designers","Platform profili (tasarımcı/marka/stüdyo/üretici karışık)","Resmî public dizinden doğrulandı","needs_enrichment","blocked_until_enriched"
"Dear Deer","Hipicon","https://www.hipicon.com/tr-en/designers","Platform profili (tasarımcı/marka/stüdyo/üretici karışık)","Resmî public dizinden doğrulandı","needs_enrichment","blocked_until_enriched"
"Death Is Easy","Hipicon","https://www.hipicon.com/tr-en/designers","Platform profili (tasarımcı/marka/stüdyo/üretici karışık)","Resmî public dizinden doğrulandı","needs_enrichment","blocked_until_enriched"
"Deauty Skin","Hipicon","https://www.hipicon.com/tr-en/designers","Platform profili (tasarımcı/marka/stüdyo/üretici karışık)","Resmî public dizinden doğrulandı","needs_enrichment","blocked_until_enriched"
"Decemberpie","Hipicon","https://www.hipicon.com/tr-en/designers","Platform profili (tasarımcı/marka/stüdyo/üretici karışık)","Resmî public dizinden doğrulandı","needs_enrichment","blocked_until_enriched"
"Decorium","Hipicon","https://www.hipicon.com/tr-en/designers","Platform profili (tasarımcı/marka/stüdyo/üretici karışık)","Resmî public dizinden doğrulandı","needs_enrichment","blocked_until_enriched"
"Decorova","Hipicon","https://www.hipicon.com/tr-en/designers","Platform profili (tasarımcı/marka/stüdyo/üretici karışık)","Resmî public dizinden doğrulandı","needs_enrichment","blocked_until_enriched"
"Decotta","Hipicon","https://www.hipicon.com/tr-en/designers","Platform profili (tasarımcı/marka/stüdyo/üretici karışık)","Resmî public dizinden doğrulandı","needs_enrichment","blocked_until_enriched"
"Deek Objects","Hipicon","https://www.hipicon.com/tr-en/designers","Platform profili (tasarımcı/marka/stüdyo/üretici karışık)","Resmî public dizinden doğrulandı","needs_enrichment","blocked_until_enriched"
"Deeperlove","Hipicon","https://www.hipicon.com/tr-en/designers","Platform profili (tasarımcı/marka/stüdyo/üretici karışık)","Resmî public dizinden doğrulandı","needs_enrichment","blocked_until_enriched"
"DeerCase","Hipicon","https://www.hipicon.com/tr-en/designers","Platform profili (tasarımcı/marka/stüdyo/üretici karışık)","Resmî public dizinden doğrulandı","needs_enrichment","blocked_until_enriched"
"Deff Banyo","Hipicon","https://www.hipicon.com/tr-en/designers","Platform profili (tasarımcı/marka/stüdyo/üretici karışık)","Resmî public dizinden doğrulandı","needs_enrichment","blocked_until_enriched"
"Deinos","Hipicon","https://www.hipicon.com/tr-en/designers","Platform profili (tasarımcı/marka/stüdyo/üretici karışık)","Resmî public dizinden doğrulandı","needs_enrichment","blocked_until_enriched"
"Deja Home","Hipicon","https://www.hipicon.com/tr-en/designers","Platform profili (tasarımcı/marka/stüdyo/üretici karışık)","Resmî public dizinden doğrulandı","needs_enrichment","blocked_until_enriched"
"Dekorish","Hipicon","https://www.hipicon.com/tr-en/designers","Platform profili (tasarımcı/marka/stüdyo/üretici karışık)","Resmî public dizinden doğrulandı","needs_enrichment","blocked_until_enriched"
"Dekorlist","Hipicon","https://www.hipicon.com/tr-en/designers","Platform profili (tasarımcı/marka/stüdyo/üretici karışık)","Resmî public dizinden doğrulandı","needs_enrichment","blocked_until_enriched"
"Delanoir İstanbul","Hipicon","https://www.hipicon.com/tr-en/designers","Platform profili (tasarımcı/marka/stüdyo/üretici karışık)","Resmî public dizinden doğrulandı","needs_enrichment","blocked_until_enriched"
"Delicate","Hipicon","https://www.hipicon.com/tr-en/designers","Platform profili (tasarımcı/marka/stüdyo/üretici karışık)","Resmî public dizinden doğrulandı","needs_enrichment","blocked_until_enriched"
"Dellel","Hipicon","https://www.hipicon.com/tr-en/designers","Platform profili (tasarımcı/marka/stüdyo/üretici karışık)","Resmî public dizinden doğrulandı","needs_enrichment","blocked_until_enriched"
"Demar Forge","Hipicon","https://www.hipicon.com/tr-en/designers","Platform profili (tasarımcı/marka/stüdyo/üretici karışık)","Resmî public dizinden doğrulandı","needs_enrichment","blocked_until_enriched"
"Demon","Hipicon","https://www.hipicon.com/tr-en/designers","Platform profili (tasarımcı/marka/stüdyo/üretici karışık)","Resmî public dizinden doğrulandı","needs_enrichment","blocked_until_enriched"
"Denden Handmade","Hipicon","https://www.hipicon.com/tr-en/designers","Platform profili (tasarımcı/marka/stüdyo/üretici karışık)","Resmî public dizinden doğrulandı","needs_enrichment","blocked_until_enriched"
"Denivia","Hipicon","https://www.hipicon.com/tr-en/designers","Platform profili (tasarımcı/marka/stüdyo/üretici karışık)","Resmî public dizinden doğrulandı","needs_enrichment","blocked_until_enriched"
"Deniz MosaicWorks","Hipicon","https://www.hipicon.com/tr-en/designers","Platform profili (tasarımcı/marka/stüdyo/üretici karışık)","Resmî public dizinden doğrulandı","needs_enrichment","blocked_until_enriched"
"Denizli Concept","Hipicon","https://www.hipicon.com/tr-en/designers","Platform profili (tasarımcı/marka/stüdyo/üretici karışık)","Resmî public dizinden doğrulandı","needs_enrichment","blocked_until_enriched"
"Denk","Hipicon","https://www.hipicon.com/tr-en/designers","Platform profili (tasarımcı/marka/stüdyo/üretici karışık)","Resmî public dizinden doğrulandı","needs_enrichment","blocked_until_enriched"
"Dennch New York","Hipicon","https://www.hipicon.com/tr-en/designers","Platform profili (tasarımcı/marka/stüdyo/üretici karışık)","Resmî public dizinden doğrulandı","needs_enrichment","blocked_until_enriched"
"Densa Essential","Hipicon","https://www.hipicon.com/tr-en/designers","Platform profili (tasarımcı/marka/stüdyo/üretici karışık)","Resmî public dizinden doğrulandı","needs_enrichment","blocked_until_enriched"
"Deramic","Hipicon","https://www.hipicon.com/tr-en/designers","Platform profili (tasarımcı/marka/stüdyo/üretici karışık)","Resmî public dizinden doğrulandı","needs_enrichment","blocked_until_enriched"
"Design Atria","Hipicon","https://www.hipicon.com/tr-en/designers","Platform profili (tasarımcı/marka/stüdyo/üretici karışık)","Resmî public dizinden doğrulandı","needs_enrichment","blocked_until_enriched"
"Design Company","Hipicon","https://www.hipicon.com/tr-en/designers","Platform profili (tasarımcı/marka/stüdyo/üretici karışık)","Resmî public dizinden doğrulandı","needs_enrichment","blocked_until_enriched"
"Design Elements","Hipicon","https://www.hipicon.com/tr-en/designers","Platform profili (tasarımcı/marka/stüdyo/üretici karışık)","Resmî public dizinden doğrulandı","needs_enrichment","blocked_until_enriched"
"Design Madrigal","Hipicon","https://www.hipicon.com/tr-en/designers","Platform profili (tasarımcı/marka/stüdyo/üretici karışık)","Resmî public dizinden doğrulandı","needs_enrichment","blocked_until_enriched"
"Design Market","Hipicon","https://www.hipicon.com/tr-en/designers","Platform profili (tasarımcı/marka/stüdyo/üretici karışık)","Resmî public dizinden doğrulandı","needs_enrichment","blocked_until_enriched"
"Design Studio","Hipicon","https://www.hipicon.com/tr-en/designers","Platform profili (tasarımcı/marka/stüdyo/üretici karışık)","Resmî public dizinden doğrulandı","needs_enrichment","blocked_until_enriched"
"Design Vira","Hipicon","https://www.hipicon.com/tr-en/designers","Platform profili (tasarımcı/marka/stüdyo/üretici karışık)","Resmî public dizinden doğrulandı","needs_enrichment","blocked_until_enriched"
"DesignDEM","Hipicon","https://www.hipicon.com/tr-en/designers","Platform profili (tasarımcı/marka/stüdyo/üretici karışık)","Resmî public dizinden doğrulandı","needs_enrichment","blocked_until_enriched"
"Designworks Ink","Hipicon","https://www.hipicon.com/tr-en/designers","Platform profili (tasarımcı/marka/stüdyo/üretici karışık)","Resmî public dizinden doğrulandı","needs_enrichment","blocked_until_enriched"
"Desmo Concept","Hipicon","https://www.hipicon.com/tr-en/designers","Platform profili (tasarımcı/marka/stüdyo/üretici karışık)","Resmî public dizinden doğrulandı","needs_enrichment","blocked_until_enriched"
"Detailor Project","Hipicon","https://www.hipicon.com/tr-en/designers","Platform profili (tasarımcı/marka/stüdyo/üretici karışık)","Resmî public dizinden doğrulandı","needs_enrichment","blocked_until_enriched"
"Deux Lapins","Hipicon","https://www.hipicon.com/tr-en/designers","Platform profili (tasarımcı/marka/stüdyo/üretici karışık)","Resmî public dizinden doğrulandı","needs_enrichment","blocked_until_enriched"
"Dhink","Hipicon","https://www.hipicon.com/tr-en/designers","Platform profili (tasarımcı/marka/stüdyo/üretici karışık)","Resmî public dizinden doğrulandı","needs_enrichment","blocked_until_enriched"
"Di Project","Hipicon","https://www.hipicon.com/tr-en/designers","Platform profili (tasarımcı/marka/stüdyo/üretici karışık)","Resmî public dizinden doğrulandı","needs_enrichment","blocked_until_enriched"
"Dianora Piercing & Jewelry","Hipicon","https://www.hipicon.com/tr-en/designers","Platform profili (tasarımcı/marka/stüdyo/üretici karışık)","Resmî public dizinden doğrulandı","needs_enrichment","blocked_until_enriched"
"Did List","Hipicon","https://www.hipicon.com/tr-en/designers","Platform profili (tasarımcı/marka/stüdyo/üretici karışık)","Resmî public dizinden doğrulandı","needs_enrichment","blocked_until_enriched"
"Dikaid","Hipicon","https://www.hipicon.com/tr-en/designers","Platform profili (tasarımcı/marka/stüdyo/üretici karışık)","Resmî public dizinden doğrulandı","needs_enrichment","blocked_until_enriched"
"Dila Özoflu Jewelry","Hipicon","https://www.hipicon.com/tr-en/designers","Platform profili (tasarımcı/marka/stüdyo/üretici karışık)","Resmî public dizinden doğrulandı","needs_enrichment","blocked_until_enriched"
"Dim Lighting Design","Hipicon","https://www.hipicon.com/tr-en/designers","Platform profili (tasarımcı/marka/stüdyo/üretici karışık)","Resmî public dizinden doğrulandı","needs_enrichment","blocked_until_enriched"
"Dino Kids Furniture","Hipicon","https://www.hipicon.com/tr-en/designers","Platform profili (tasarımcı/marka/stüdyo/üretici karışık)","Resmî public dizinden doğrulandı","needs_enrichment","blocked_until_enriched"
"Dionesse","Hipicon","https://www.hipicon.com/tr-en/designers","Platform profili (tasarımcı/marka/stüdyo/üretici karışık)","Resmî public dizinden doğrulandı","needs_enrichment","blocked_until_enriched"
"Dipole Mobilya","Hipicon","https://www.hipicon.com/tr-en/designers","Platform profili (tasarımcı/marka/stüdyo/üretici karışık)","Resmî public dizinden doğrulandı","needs_enrichment","blocked_until_enriched"
"Direm Beauty","Hipicon","https://www.hipicon.com/tr-en/designers","Platform profili (tasarımcı/marka/stüdyo/üretici karışık)","Resmî public dizinden doğrulandı","needs_enrichment","blocked_until_enriched"
"Disappear Wear","Hipicon","https://www.hipicon.com/tr-en/designers","Platform profili (tasarımcı/marka/stüdyo/üretici karışık)","Resmî public dizinden doğrulandı","needs_enrichment","blocked_until_enriched"
"Divona Home","Hipicon","https://www.hipicon.com/tr-en/designers","Platform profili (tasarımcı/marka/stüdyo/üretici karışık)","Resmî public dizinden doğrulandı","needs_enrichment","blocked_until_enriched"
"Divoute","Hipicon","https://www.hipicon.com/tr-en/designers","Platform profili (tasarımcı/marka/stüdyo/üretici karışık)","Resmî public dizinden doğrulandı","needs_enrichment","blocked_until_enriched"
"Diy and Green","Hipicon","https://www.hipicon.com/tr-en/designers","Platform profili (tasarımcı/marka/stüdyo/üretici karışık)","Resmî public dizinden doğrulandı","needs_enrichment","blocked_until_enriched"
"Dizayn Life","Hipicon","https://www.hipicon.com/tr-en/designers","Platform profili (tasarımcı/marka/stüdyo/üretici karışık)","Resmî public dizinden doğrulandı","needs_enrichment","blocked_until_enriched"
"Do Not Wear This","Hipicon","https://www.hipicon.com/tr-en/designers","Platform profili (tasarımcı/marka/stüdyo/üretici karışık)","Resmî public dizinden doğrulandı","needs_enrichment","blocked_until_enriched"
"Docho","Hipicon","https://www.hipicon.com/tr-en/designers","Platform profili (tasarımcı/marka/stüdyo/üretici karışık)","Resmî public dizinden doğrulandı","needs_enrichment","blocked_until_enriched"
"Dodo Seramik Atölyesi","Hipicon","https://www.hipicon.com/tr-en/designers","Platform profili (tasarımcı/marka/stüdyo/üretici karışık)","Resmî public dizinden doğrulandı","needs_enrichment","blocked_until_enriched"
"Doing Goods","Hipicon","https://www.hipicon.com/tr-en/designers","Platform profili (tasarımcı/marka/stüdyo/üretici karışık)","Resmî public dizinden doğrulandı","needs_enrichment","blocked_until_enriched"
"Dolce & Gabbana Casa","Hipicon","https://www.hipicon.com/tr-en/designers","Platform profili (tasarımcı/marka/stüdyo/üretici karışık)","Resmî public dizinden doğrulandı","needs_enrichment","blocked_until_enriched"
"DolcePets","Hipicon","https://www.hipicon.com/tr-en/designers","Platform profili (tasarımcı/marka/stüdyo/üretici karışık)","Resmî public dizinden doğrulandı","needs_enrichment","blocked_until_enriched"
"Dollie Bell","Hipicon","https://www.hipicon.com/tr-en/designers","Platform profili (tasarımcı/marka/stüdyo/üretici karışık)","Resmî public dizinden doğrulandı","needs_enrichment","blocked_until_enriched"
"Dook Home","Hipicon","https://www.hipicon.com/tr-en/designers","Platform profili (tasarımcı/marka/stüdyo/üretici karışık)","Resmî public dizinden doğrulandı","needs_enrichment","blocked_until_enriched"
"Doona","Hipicon","https://www.hipicon.com/tr-en/designers","Platform profili (tasarımcı/marka/stüdyo/üretici karışık)","Resmî public dizinden doğrulandı","needs_enrichment","blocked_until_enriched"
"Dor Raw Luxury","Hipicon","https://www.hipicon.com/tr-en/designers","Platform profili (tasarımcı/marka/stüdyo/üretici karışık)","Resmî public dizinden doğrulandı","needs_enrichment","blocked_until_enriched"
"Doğan Demir","Hipicon","https://www.hipicon.com/tr-en/designers","Platform profili (tasarımcı/marka/stüdyo/üretici karışık)","Resmî public dizinden doğrulandı","needs_enrichment","blocked_until_enriched"
"Dr. Bei","Hipicon","https://www.hipicon.com/tr-en/designers","Platform profili (tasarımcı/marka/stüdyo/üretici karışık)","Resmî public dizinden doğrulandı","needs_enrichment","blocked_until_enriched"
"Dr. Reala","Hipicon","https://www.hipicon.com/tr-en/designers","Platform profili (tasarımcı/marka/stüdyo/üretici karışık)","Resmî public dizinden doğrulandı","needs_enrichment","blocked_until_enriched"
"Dreams Of Society","Hipicon","https://www.hipicon.com/tr-en/designers","Platform profili (tasarımcı/marka/stüdyo/üretici karışık)","Resmî public dizinden doğrulandı","needs_enrichment","blocked_until_enriched"
"Drole İstanbul","Hipicon","https://www.hipicon.com/tr-en/designers","Platform profili (tasarımcı/marka/stüdyo/üretici karışık)","Resmî public dizinden doğrulandı","needs_enrichment","blocked_until_enriched"
"DuaAlaliArt","Hipicon","https://www.hipicon.com/tr-en/designers","Platform profili (tasarımcı/marka/stüdyo/üretici karışık)","Resmî public dizinden doğrulandı","needs_enrichment","blocked_until_enriched"
"Duck.ist","Hipicon","https://www.hipicon.com/tr-en/designers","Platform profili (tasarımcı/marka/stüdyo/üretici karışık)","Resmî public dizinden doğrulandı","needs_enrichment","blocked_until_enriched"
"Duende Handicrafts","Hipicon","https://www.hipicon.com/tr-en/designers","Platform profili (tasarımcı/marka/stüdyo/üretici karışık)","Resmî public dizinden doğrulandı","needs_enrichment","blocked_until_enriched"
"Duo Concept","Hipicon","https://www.hipicon.com/tr-en/designers","Platform profili (tasarımcı/marka/stüdyo/üretici karışık)","Resmî public dizinden doğrulandı","needs_enrichment","blocked_until_enriched"
"Duygu Ajandası","Hipicon","https://www.hipicon.com/tr-en/designers","Platform profili (tasarımcı/marka/stüdyo/üretici karışık)","Resmî public dizinden doğrulandı","needs_enrichment","blocked_until_enriched"
"Duygu Seçen Seramik","Hipicon","https://www.hipicon.com/tr-en/designers","Platform profili (tasarımcı/marka/stüdyo/üretici karışık)","Resmî public dizinden doğrulandı","needs_enrichment","blocked_until_enriched"
"Dylla Atelier","Hipicon","https://www.hipicon.com/tr-en/designers","Platform profili (tasarımcı/marka/stüdyo/üretici karışık)","Resmî public dizinden doğrulandı","needs_enrichment","blocked_until_enriched"
"Dükkan 17","Hipicon","https://www.hipicon.com/tr-en/designers","Platform profili (tasarımcı/marka/stüdyo/üretici karışık)","Resmî public dizinden doğrulandı","needs_enrichment","blocked_until_enriched"
"das Stammgast - Kaffeerösterei","Hipicon","https://www.hipicon.com/tr-en/designers","Platform profili (tasarımcı/marka/stüdyo/üretici karışık)","Resmî public dizinden doğrulandı","needs_enrichment","blocked_until_enriched"
"destekar","Hipicon","https://www.hipicon.com/tr-en/designers","Platform profili (tasarımcı/marka/stüdyo/üretici karışık)","Resmî public dizinden doğrulandı","needs_enrichment","blocked_until_enriched"
"dinnerdesign","Hipicon","https://www.hipicon.com/tr-en/designers","Platform profili (tasarımcı/marka/stüdyo/üretici karışık)","Resmî public dizinden doğrulandı","needs_enrichment","blocked_until_enriched"
"du2","Hipicon","https://www.hipicon.com/tr-en/designers","Platform profili (tasarımcı/marka/stüdyo/üretici karışık)","Resmî public dizinden doğrulandı","needs_enrichment","blocked_until_enriched"
"d’Alba","Hipicon","https://www.hipicon.com/tr-en/designers","Platform profili (tasarımcı/marka/stüdyo/üretici karışık)","Resmî public dizinden doğrulandı","needs_enrichment","blocked_until_enriched"
"E Was There","Hipicon","https://www.hipicon.com/tr-en/designers","Platform profili (tasarımcı/marka/stüdyo/üretici karışık)","Resmî public dizinden doğrulandı","needs_enrichment","blocked_until_enriched"
"E.K. Design","Hipicon","https://www.hipicon.com/tr-en/designers","Platform profili (tasarımcı/marka/stüdyo/üretici karışık)","Resmî public dizinden doğrulandı","needs_enrichment","blocked_until_enriched"
"ECM Manufacture","Hipicon","https://www.hipicon.com/tr-en/designers","Platform profili (tasarımcı/marka/stüdyo/üretici karışık)","Resmî public dizinden doğrulandı","needs_enrichment","blocked_until_enriched"
"EKRIA","Hipicon","https://www.hipicon.com/tr-en/designers","Platform profili (tasarımcı/marka/stüdyo/üretici karışık)","Resmî public dizinden doğrulandı","needs_enrichment","blocked_until_enriched"
"ES Emine Saraç","Hipicon","https://www.hipicon.com/tr-en/designers","Platform profili (tasarımcı/marka/stüdyo/üretici karışık)","Resmî public dizinden doğrulandı","needs_enrichment","blocked_until_enriched"
"EXQUISE","Hipicon","https://www.hipicon.com/tr-en/designers","Platform profili (tasarımcı/marka/stüdyo/üretici karışık)","Resmî public dizinden doğrulandı","needs_enrichment","blocked_until_enriched"
"Easy Koala Collection","Hipicon","https://www.hipicon.com/tr-en/designers","Platform profili (tasarımcı/marka/stüdyo/üretici karışık)","Resmî public dizinden doğrulandı","needs_enrichment","blocked_until_enriched"
"Easy Life","Hipicon","https://www.hipicon.com/tr-en/designers","Platform profili (tasarımcı/marka/stüdyo/üretici karışık)","Resmî public dizinden doğrulandı","needs_enrichment","blocked_until_enriched"
"Eau De Bosphore","Hipicon","https://www.hipicon.com/tr-en/designers","Platform profili (tasarımcı/marka/stüdyo/üretici karışık)","Resmî public dizinden doğrulandı","needs_enrichment","blocked_until_enriched"
"Ebru Sayer Art & Design","Hipicon","https://www.hipicon.com/tr-en/designers","Platform profili (tasarımcı/marka/stüdyo/üretici karışık)","Resmî public dizinden doğrulandı","needs_enrichment","blocked_until_enriched"
"Eccolo","Hipicon","https://www.hipicon.com/tr-en/designers","Platform profili (tasarımcı/marka/stüdyo/üretici karışık)","Resmî public dizinden doğrulandı","needs_enrichment","blocked_until_enriched"
"Ece Diler","Hipicon","https://www.hipicon.com/tr-en/designers","Platform profili (tasarımcı/marka/stüdyo/üretici karışık)","Resmî public dizinden doğrulandı","needs_enrichment","blocked_until_enriched"
"Ece Kilimci All Unique","Hipicon","https://www.hipicon.com/tr-en/designers","Platform profili (tasarımcı/marka/stüdyo/üretici karışık)","Resmî public dizinden doğrulandı","needs_enrichment","blocked_until_enriched"
"Ece London","Hipicon","https://www.hipicon.com/tr-en/designers","Platform profili (tasarımcı/marka/stüdyo/üretici karışık)","Resmî public dizinden doğrulandı","needs_enrichment","blocked_until_enriched"
"Ecem Baki","Hipicon","https://www.hipicon.com/tr-en/designers","Platform profili (tasarımcı/marka/stüdyo/üretici karışık)","Resmî public dizinden doğrulandı","needs_enrichment","blocked_until_enriched"
"Echoes Lab","Hipicon","https://www.hipicon.com/tr-en/designers","Platform profili (tasarımcı/marka/stüdyo/üretici karışık)","Resmî public dizinden doğrulandı","needs_enrichment","blocked_until_enriched"
"Eclectic Concept","Hipicon","https://www.hipicon.com/tr-en/designers","Platform profili (tasarımcı/marka/stüdyo/üretici karışık)","Resmî public dizinden doğrulandı","needs_enrichment","blocked_until_enriched"
"Eclectic Home","Hipicon","https://www.hipicon.com/tr-en/designers","Platform profili (tasarımcı/marka/stüdyo/üretici karışık)","Resmî public dizinden doğrulandı","needs_enrichment","blocked_until_enriched"
"Ecne Design","Hipicon","https://www.hipicon.com/tr-en/designers","Platform profili (tasarımcı/marka/stüdyo/üretici karışık)","Resmî public dizinden doğrulandı","needs_enrichment","blocked_until_enriched"
"Ecolivos","Hipicon","https://www.hipicon.com/tr-en/designers","Platform profili (tasarımcı/marka/stüdyo/üretici karışık)","Resmî public dizinden doğrulandı","needs_enrichment","blocked_until_enriched"
"Ecru Atelier","Hipicon","https://www.hipicon.com/tr-en/designers","Platform profili (tasarımcı/marka/stüdyo/üretici karışık)","Resmî public dizinden doğrulandı","needs_enrichment","blocked_until_enriched"
"Eda's Design","Hipicon","https://www.hipicon.com/tr-en/designers","Platform profili (tasarımcı/marka/stüdyo/üretici karışık)","Resmî public dizinden doğrulandı","needs_enrichment","blocked_until_enriched"
"Edda Studio","Hipicon","https://www.hipicon.com/tr-en/designers","Platform profili (tasarımcı/marka/stüdyo/üretici karışık)","Resmî public dizinden doğrulandı","needs_enrichment","blocked_until_enriched"
"Edi Pure Design","Hipicon","https://www.hipicon.com/tr-en/designers","Platform profili (tasarımcı/marka/stüdyo/üretici karışık)","Resmî public dizinden doğrulandı","needs_enrichment","blocked_until_enriched"
"Ediaz","Hipicon","https://www.hipicon.com/tr-en/designers","Platform profili (tasarımcı/marka/stüdyo/üretici karışık)","Resmî public dizinden doğrulandı","needs_enrichment","blocked_until_enriched"
"Editions Studio Art","Hipicon","https://www.hipicon.com/tr-en/designers","Platform profili (tasarımcı/marka/stüdyo/üretici karışık)","Resmî public dizinden doğrulandı","needs_enrichment","blocked_until_enriched"
"Edizione Living","Hipicon","https://www.hipicon.com/tr-en/designers","Platform profili (tasarımcı/marka/stüdyo/üretici karışık)","Resmî public dizinden doğrulandı","needs_enrichment","blocked_until_enriched"
"Edzard","Hipicon","https://www.hipicon.com/tr-en/designers","Platform profili (tasarımcı/marka/stüdyo/üretici karışık)","Resmî public dizinden doğrulandı","needs_enrichment","blocked_until_enriched"
"Efendioğlu Design","Hipicon","https://www.hipicon.com/tr-en/designers","Platform profili (tasarımcı/marka/stüdyo/üretici karışık)","Resmî public dizinden doğrulandı","needs_enrichment","blocked_until_enriched"
"Ege Miray Kaman","Hipicon","https://www.hipicon.com/tr-en/designers","Platform profili (tasarımcı/marka/stüdyo/üretici karışık)","Resmî public dizinden doğrulandı","needs_enrichment","blocked_until_enriched"
"Eglo","Hipicon","https://www.hipicon.com/tr-en/designers","Platform profili (tasarımcı/marka/stüdyo/üretici karışık)","Resmî public dizinden doğrulandı","needs_enrichment","blocked_until_enriched"
"Egro Coffee","Hipicon","https://www.hipicon.com/tr-en/designers","Platform profili (tasarımcı/marka/stüdyo/üretici karışık)","Resmî public dizinden doğrulandı","needs_enrichment","blocked_until_enriched"
"Eight Date","Hipicon","https://www.hipicon.com/tr-en/designers","Platform profili (tasarımcı/marka/stüdyo/üretici karışık)","Resmî public dizinden doğrulandı","needs_enrichment","blocked_until_enriched"
"Eiso","Hipicon","https://www.hipicon.com/tr-en/designers","Platform profili (tasarımcı/marka/stüdyo/üretici karışık)","Resmî public dizinden doğrulandı","needs_enrichment","blocked_until_enriched"
"Ejja Design","Hipicon","https://www.hipicon.com/tr-en/designers","Platform profili (tasarımcı/marka/stüdyo/üretici karışık)","Resmî public dizinden doğrulandı","needs_enrichment","blocked_until_enriched"
"Ekim Bulut Tasarım Atölyesi","Hipicon","https://www.hipicon.com/tr-en/designers","Platform profili (tasarımcı/marka/stüdyo/üretici karışık)","Resmî public dizinden doğrulandı","needs_enrichment","blocked_until_enriched"
"Ekin Varon Design Studio","Hipicon","https://www.hipicon.com/tr-en/designers","Platform profili (tasarımcı/marka/stüdyo/üretici karışık)","Resmî public dizinden doğrulandı","needs_enrichment","blocked_until_enriched"
"El Crea Designs","Hipicon","https://www.hipicon.com/tr-en/designers","Platform profili (tasarımcı/marka/stüdyo/üretici karışık)","Resmî public dizinden doğrulandı","needs_enrichment","blocked_until_enriched"
"El Dueno","Hipicon","https://www.hipicon.com/tr-en/designers","Platform profili (tasarımcı/marka/stüdyo/üretici karışık)","Resmî public dizinden doğrulandı","needs_enrichment","blocked_until_enriched"
"Elem Atelier","Hipicon","https://www.hipicon.com/tr-en/designers","Platform profili (tasarımcı/marka/stüdyo/üretici karışık)","Resmî public dizinden doğrulandı","needs_enrichment","blocked_until_enriched"
"Element and Soul","Hipicon","https://www.hipicon.com/tr-en/designers","Platform profili (tasarımcı/marka/stüdyo/üretici karışık)","Resmî public dizinden doğrulandı","needs_enrichment","blocked_until_enriched"
"Elf House Atelier","Hipicon","https://www.hipicon.com/tr-en/designers","Platform profili (tasarımcı/marka/stüdyo/üretici karışık)","Resmî public dizinden doğrulandı","needs_enrichment","blocked_until_enriched"
"Eli Peacock","Hipicon","https://www.hipicon.com/tr-en/designers","Platform profili (tasarımcı/marka/stüdyo/üretici karışık)","Resmî public dizinden doğrulandı","needs_enrichment","blocked_until_enriched"
"Elif Doğan Jewelry","Hipicon","https://www.hipicon.com/tr-en/designers","Platform profili (tasarımcı/marka/stüdyo/üretici karışık)","Resmî public dizinden doğrulandı","needs_enrichment","blocked_until_enriched"
"Elif Işık Töreci","Hipicon","https://www.hipicon.com/tr-en/designers","Platform profili (tasarımcı/marka/stüdyo/üretici karışık)","Resmî public dizinden doğrulandı","needs_enrichment","blocked_until_enriched"
"Elifes Seramik","Hipicon","https://www.hipicon.com/tr-en/designers","Platform profili (tasarımcı/marka/stüdyo/üretici karışık)","Resmî public dizinden doğrulandı","needs_enrichment","blocked_until_enriched"
"Eliphe","Hipicon","https://www.hipicon.com/tr-en/designers","Platform profili (tasarımcı/marka/stüdyo/üretici karışık)","Resmî public dizinden doğrulandı","needs_enrichment","blocked_until_enriched"
"Ell Concept","Hipicon","https://www.hipicon.com/tr-en/designers","Platform profili (tasarımcı/marka/stüdyo/üretici karışık)","Resmî public dizinden doğrulandı","needs_enrichment","blocked_until_enriched"
"Elora Maison","Hipicon","https://www.hipicon.com/tr-en/designers","Platform profili (tasarımcı/marka/stüdyo/üretici karışık)","Resmî public dizinden doğrulandı","needs_enrichment","blocked_until_enriched"
"Elorian Couture Lingerie","Hipicon","https://www.hipicon.com/tr-en/designers","Platform profili (tasarımcı/marka/stüdyo/üretici karışık)","Resmî public dizinden doğrulandı","needs_enrichment","blocked_until_enriched"
"Elyssa Jewelry","Hipicon","https://www.hipicon.com/tr-en/designers","Platform profili (tasarımcı/marka/stüdyo/üretici karışık)","Resmî public dizinden doğrulandı","needs_enrichment","blocked_until_enriched"
"Emara","Hipicon","https://www.hipicon.com/tr-en/designers","Platform profili (tasarımcı/marka/stüdyo/üretici karışık)","Resmî public dizinden doğrulandı","needs_enrichment","blocked_until_enriched"
"Emaylab","Hipicon","https://www.hipicon.com/tr-en/designers","Platform profili (tasarımcı/marka/stüdyo/üretici karışık)","Resmî public dizinden doğrulandı","needs_enrichment","blocked_until_enriched"
"Emel Özkul","Hipicon","https://www.hipicon.com/tr-en/designers","Platform profili (tasarımcı/marka/stüdyo/üretici karışık)","Resmî public dizinden doğrulandı","needs_enrichment","blocked_until_enriched"
"Emile Henry","Hipicon","https://www.hipicon.com/tr-en/designers","Platform profili (tasarımcı/marka/stüdyo/üretici karışık)","Resmî public dizinden doğrulandı","needs_enrichment","blocked_until_enriched"
"Emre Rende","Hipicon","https://www.hipicon.com/tr-en/designers","Platform profili (tasarımcı/marka/stüdyo/üretici karışık)","Resmî public dizinden doğrulandı","needs_enrichment","blocked_until_enriched"
"Ena Studio","Hipicon","https://www.hipicon.com/tr-en/designers","Platform profili (tasarımcı/marka/stüdyo/üretici karışık)","Resmî public dizinden doğrulandı","needs_enrichment","blocked_until_enriched"
"Endemique Studio","Hipicon","https://www.hipicon.com/tr-en/designers","Platform profili (tasarımcı/marka/stüdyo/üretici karışık)","Resmî public dizinden doğrulandı","needs_enrichment","blocked_until_enriched"
"Endless Potential","Hipicon","https://www.hipicon.com/tr-en/designers","Platform profili (tasarımcı/marka/stüdyo/üretici karışık)","Resmî public dizinden doğrulandı","needs_enrichment","blocked_until_enriched"
"Enigma Furniture","Hipicon","https://www.hipicon.com/tr-en/designers","Platform profili (tasarımcı/marka/stüdyo/üretici karışık)","Resmî public dizinden doğrulandı","needs_enrichment","blocked_until_enriched"
"Envlin","Hipicon","https://www.hipicon.com/tr-en/designers","Platform profili (tasarımcı/marka/stüdyo/üretici karışık)","Resmî public dizinden doğrulandı","needs_enrichment","blocked_until_enriched"
"Eoselio","Hipicon","https://www.hipicon.com/tr-en/designers","Platform profili (tasarımcı/marka/stüdyo/üretici karışık)","Resmî public dizinden doğrulandı","needs_enrichment","blocked_until_enriched"
"Epanoui","Hipicon","https://www.hipicon.com/tr-en/designers","Platform profili (tasarımcı/marka/stüdyo/üretici karışık)","Resmî public dizinden doğrulandı","needs_enrichment","blocked_until_enriched"
"Epidotte","Hipicon","https://www.hipicon.com/tr-en/designers","Platform profili (tasarımcı/marka/stüdyo/üretici karışık)","Resmî public dizinden doğrulandı","needs_enrichment","blocked_until_enriched"
"Episode Stationery","Hipicon","https://www.hipicon.com/tr-en/designers","Platform profili (tasarımcı/marka/stüdyo/üretici karışık)","Resmî public dizinden doğrulandı","needs_enrichment","blocked_until_enriched"
"Erinmir Special Perfume","Hipicon","https://www.hipicon.com/tr-en/designers","Platform profili (tasarımcı/marka/stüdyo/üretici karışık)","Resmî public dizinden doğrulandı","needs_enrichment","blocked_until_enriched"
"Eroke Design","Hipicon","https://www.hipicon.com/tr-en/designers","Platform profili (tasarımcı/marka/stüdyo/üretici karışık)","Resmî public dizinden doğrulandı","needs_enrichment","blocked_until_enriched"
"Es Noor","Hipicon","https://www.hipicon.com/tr-en/designers","Platform profili (tasarımcı/marka/stüdyo/üretici karışık)","Resmî public dizinden doğrulandı","needs_enrichment","blocked_until_enriched"
"Esas Art Design","Hipicon","https://www.hipicon.com/tr-en/designers","Platform profili (tasarımcı/marka/stüdyo/üretici karışık)","Resmî public dizinden doğrulandı","needs_enrichment","blocked_until_enriched"
"Esc2m","Hipicon","https://www.hipicon.com/tr-en/designers","Platform profili (tasarımcı/marka/stüdyo/üretici karışık)","Resmî public dizinden doğrulandı","needs_enrichment","blocked_until_enriched"
"Eslem Arıcı","Hipicon","https://www.hipicon.com/tr-en/designers","Platform profili (tasarımcı/marka/stüdyo/üretici karışık)","Resmî public dizinden doğrulandı","needs_enrichment","blocked_until_enriched"
"Esna Bersu Atelier","Hipicon","https://www.hipicon.com/tr-en/designers","Platform profili (tasarımcı/marka/stüdyo/üretici karışık)","Resmî public dizinden doğrulandı","needs_enrichment","blocked_until_enriched"
"Esotte","Hipicon","https://www.hipicon.com/tr-en/designers","Platform profili (tasarımcı/marka/stüdyo/üretici karışık)","Resmî public dizinden doğrulandı","needs_enrichment","blocked_until_enriched"
"Espresso Perfetto","Hipicon","https://www.hipicon.com/tr-en/designers","Platform profili (tasarımcı/marka/stüdyo/üretici karışık)","Resmî public dizinden doğrulandı","needs_enrichment","blocked_until_enriched"
"Esra Adıgüzel","Hipicon","https://www.hipicon.com/tr-en/designers","Platform profili (tasarımcı/marka/stüdyo/üretici karışık)","Resmî public dizinden doğrulandı","needs_enrichment","blocked_until_enriched"
"Esra Aydın Porcelain","Hipicon","https://www.hipicon.com/tr-en/designers","Platform profili (tasarımcı/marka/stüdyo/üretici karışık)","Resmî public dizinden doğrulandı","needs_enrichment","blocked_until_enriched"
"Esra Boz Çetin Art & Craft Atelier","Hipicon","https://www.hipicon.com/tr-en/designers","Platform profili (tasarımcı/marka/stüdyo/üretici karışık)","Resmî public dizinden doğrulandı","needs_enrichment","blocked_until_enriched"
"Esra Carus Studio","Hipicon","https://www.hipicon.com/tr-en/designers","Platform profili (tasarımcı/marka/stüdyo/üretici karışık)","Resmî public dizinden doğrulandı","needs_enrichment","blocked_until_enriched"
"Esra Kayıra","Hipicon","https://www.hipicon.com/tr-en/designers","Platform profili (tasarımcı/marka/stüdyo/üretici karışık)","Resmî public dizinden doğrulandı","needs_enrichment","blocked_until_enriched"
"Esra Turan Design","Hipicon","https://www.hipicon.com/tr-en/designers","Platform profili (tasarımcı/marka/stüdyo/üretici karışık)","Resmî public dizinden doğrulandı","needs_enrichment","blocked_until_enriched"
"Estel Bensinyor","Hipicon","https://www.hipicon.com/tr-en/designers","Platform profili (tasarımcı/marka/stüdyo/üretici karışık)","Resmî public dizinden doğrulandı","needs_enrichment","blocked_until_enriched"
"Ester & Erik","Hipicon","https://www.hipicon.com/tr-en/designers","Platform profili (tasarımcı/marka/stüdyo/üretici karışık)","Resmî public dizinden doğrulandı","needs_enrichment","blocked_until_enriched"
"Estetik Decor","Hipicon","https://www.hipicon.com/tr-en/designers","Platform profili (tasarımcı/marka/stüdyo/üretici karışık)","Resmî public dizinden doğrulandı","needs_enrichment","blocked_until_enriched"
"Esti Living","Hipicon","https://www.hipicon.com/tr-en/designers","Platform profili (tasarımcı/marka/stüdyo/üretici karışık)","Resmî public dizinden doğrulandı","needs_enrichment","blocked_until_enriched"
"Esvoria","Hipicon","https://www.hipicon.com/tr-en/designers","Platform profili (tasarımcı/marka/stüdyo/üretici karışık)","Resmî public dizinden doğrulandı","needs_enrichment","blocked_until_enriched"
"Ethnicloom","Hipicon","https://www.hipicon.com/tr-en/designers","Platform profili (tasarımcı/marka/stüdyo/üretici karışık)","Resmî public dizinden doğrulandı","needs_enrichment","blocked_until_enriched"
"Ethnicraft","Hipicon","https://www.hipicon.com/tr-en/designers","Platform profili (tasarımcı/marka/stüdyo/üretici karışık)","Resmî public dizinden doğrulandı","needs_enrichment","blocked_until_enriched"
"Ethos","Hipicon","https://www.hipicon.com/tr-en/designers","Platform profili (tasarımcı/marka/stüdyo/üretici karışık)","Resmî public dizinden doğrulandı","needs_enrichment","blocked_until_enriched"
"Etiwood","Hipicon","https://www.hipicon.com/tr-en/designers","Platform profili (tasarımcı/marka/stüdyo/üretici karışık)","Resmî public dizinden doğrulandı","needs_enrichment","blocked_until_enriched"
"Eudoimonia","Hipicon","https://www.hipicon.com/tr-en/designers","Platform profili (tasarımcı/marka/stüdyo/üretici karışık)","Resmî public dizinden doğrulandı","needs_enrichment","blocked_until_enriched"
"Eudoimoniart","Hipicon","https://www.hipicon.com/tr-en/designers","Platform profili (tasarımcı/marka/stüdyo/üretici karışık)","Resmî public dizinden doğrulandı","needs_enrichment","blocked_until_enriched"
"Eunoia Studio","Hipicon","https://www.hipicon.com/tr-en/designers","Platform profili (tasarımcı/marka/stüdyo/üretici karışık)","Resmî public dizinden doğrulandı","needs_enrichment","blocked_until_enriched"
"Eureka","Hipicon","https://www.hipicon.com/tr-en/designers","Platform profili (tasarımcı/marka/stüdyo/üretici karışık)","Resmî public dizinden doğrulandı","needs_enrichment","blocked_until_enriched"
"Euroluce","Hipicon","https://www.hipicon.com/tr-en/designers","Platform profili (tasarımcı/marka/stüdyo/üretici karışık)","Resmî public dizinden doğrulandı","needs_enrichment","blocked_until_enriched"
"Evayna","Hipicon","https://www.hipicon.com/tr-en/designers","Platform profili (tasarımcı/marka/stüdyo/üretici karışık)","Resmî public dizinden doğrulandı","needs_enrichment","blocked_until_enriched"
"Evcazım","Hipicon","https://www.hipicon.com/tr-en/designers","Platform profili (tasarımcı/marka/stüdyo/üretici karışık)","Resmî public dizinden doğrulandı","needs_enrichment","blocked_until_enriched"
"Evimluks Home & Decor","Hipicon","https://www.hipicon.com/tr-en/designers","Platform profili (tasarımcı/marka/stüdyo/üretici karışık)","Resmî public dizinden doğrulandı","needs_enrichment","blocked_until_enriched"
"Evka","Hipicon","https://www.hipicon.com/tr-en/designers","Platform profili (tasarımcı/marka/stüdyo/üretici karışık)","Resmî public dizinden doğrulandı","needs_enrichment","blocked_until_enriched"
"Evolvy","Hipicon","https://www.hipicon.com/tr-en/designers","Platform profili (tasarımcı/marka/stüdyo/üretici karışık)","Resmî public dizinden doğrulandı","needs_enrichment","blocked_until_enriched"
"Eye Of Horus","Hipicon","https://www.hipicon.com/tr-en/designers","Platform profili (tasarımcı/marka/stüdyo/üretici karışık)","Resmî public dizinden doğrulandı","needs_enrichment","blocked_until_enriched"
"EynaCo","Hipicon","https://www.hipicon.com/tr-en/designers","Platform profili (tasarımcı/marka/stüdyo/üretici karışık)","Resmî public dizinden doğrulandı","needs_enrichment","blocked_until_enriched"
"Eyüboğlu Online","Hipicon","https://www.hipicon.com/tr-en/designers","Platform profili (tasarımcı/marka/stüdyo/üretici karışık)","Resmî public dizinden doğrulandı","needs_enrichment","blocked_until_enriched"
"Ezra Baghaki Jewellery","Hipicon","https://www.hipicon.com/tr-en/designers","Platform profili (tasarımcı/marka/stüdyo/üretici karışık)","Resmî public dizinden doğrulandı","needs_enrichment","blocked_until_enriched"
"Ezra Olive Oil","Hipicon","https://www.hipicon.com/tr-en/designers","Platform profili (tasarımcı/marka/stüdyo/üretici karışık)","Resmî public dizinden doğrulandı","needs_enrichment","blocked_until_enriched"
"Eşa","Hipicon","https://www.hipicon.com/tr-en/designers","Platform profili (tasarımcı/marka/stüdyo/üretici karışık)","Resmî public dizinden doğrulandı","needs_enrichment","blocked_until_enriched"
"elin.is.rich","Hipicon","https://www.hipicon.com/tr-en/designers","Platform profili (tasarımcı/marka/stüdyo/üretici karışık)","Resmî public dizinden doğrulandı","needs_enrichment","blocked_until_enriched"
"esrakarapottery","Hipicon","https://www.hipicon.com/tr-en/designers","Platform profili (tasarımcı/marka/stüdyo/üretici karışık)","Resmî public dizinden doğrulandı","needs_enrichment","blocked_until_enriched"
"F Line Studio","Hipicon","https://www.hipicon.com/tr-en/designers","Platform profili (tasarımcı/marka/stüdyo/üretici karışık)","Resmî public dizinden doğrulandı","needs_enrichment","blocked_until_enriched"
"Factory Of Us","Hipicon","https://www.hipicon.com/tr-en/designers","Platform profili (tasarımcı/marka/stüdyo/üretici karışık)","Resmî public dizinden doğrulandı","needs_enrichment","blocked_until_enriched"
"Fad Fashion Art Design","Hipicon","https://www.hipicon.com/tr-en/designers","Platform profili (tasarımcı/marka/stüdyo/üretici karışık)","Resmî public dizinden doğrulandı","needs_enrichment","blocked_until_enriched"
"FadeandForge","Hipicon","https://www.hipicon.com/tr-en/designers","Platform profili (tasarımcı/marka/stüdyo/üretici karışık)","Resmî public dizinden doğrulandı","needs_enrichment","blocked_until_enriched"
"Fagus Wood","Hipicon","https://www.hipicon.com/tr-en/designers","Platform profili (tasarımcı/marka/stüdyo/üretici karışık)","Resmî public dizinden doğrulandı","needs_enrichment","blocked_until_enriched"
"Famn Store","Hipicon","https://www.hipicon.com/tr-en/designers","Platform profili (tasarımcı/marka/stüdyo/üretici karışık)","Resmî public dizinden doğrulandı","needs_enrichment","blocked_until_enriched"
"Fango","Hipicon","https://www.hipicon.com/tr-en/designers","Platform profili (tasarımcı/marka/stüdyo/üretici karışık)","Resmî public dizinden doğrulandı","needs_enrichment","blocked_until_enriched"
"Faristo","Hipicon","https://www.hipicon.com/tr-en/designers","Platform profili (tasarımcı/marka/stüdyo/üretici karışık)","Resmî public dizinden doğrulandı","needs_enrichment","blocked_until_enriched"
"Farm & More","Hipicon","https://www.hipicon.com/tr-en/designers","Platform profili (tasarımcı/marka/stüdyo/üretici karışık)","Resmî public dizinden doğrulandı","needs_enrichment","blocked_until_enriched"
"Faura","Hipicon","https://www.hipicon.com/tr-en/designers","Platform profili (tasarımcı/marka/stüdyo/üretici karışık)","Resmî public dizinden doğrulandı","needs_enrichment","blocked_until_enriched"
"Fav Mat","Hipicon","https://www.hipicon.com/tr-en/designers","Platform profili (tasarımcı/marka/stüdyo/üretici karışık)","Resmî public dizinden doğrulandı","needs_enrichment","blocked_until_enriched"
"Feb Jewelry","Hipicon","https://www.hipicon.com/tr-en/designers","Platform profili (tasarımcı/marka/stüdyo/üretici karışık)","Resmî public dizinden doğrulandı","needs_enrichment","blocked_until_enriched"
"Febbraio Due","Hipicon","https://www.hipicon.com/tr-en/designers","Platform profili (tasarımcı/marka/stüdyo/üretici karışık)","Resmî public dizinden doğrulandı","needs_enrichment","blocked_until_enriched"
"Federal Coffee Company","Hipicon","https://www.hipicon.com/tr-en/designers","Platform profili (tasarımcı/marka/stüdyo/üretici karışık)","Resmî public dizinden doğrulandı","needs_enrichment","blocked_until_enriched"
"Feeling Good Inside","Hipicon","https://www.hipicon.com/tr-en/designers","Platform profili (tasarımcı/marka/stüdyo/üretici karışık)","Resmî public dizinden doğrulandı","needs_enrichment","blocked_until_enriched"
"FelisArts","Hipicon","https://www.hipicon.com/tr-en/designers","Platform profili (tasarımcı/marka/stüdyo/üretici karışık)","Resmî public dizinden doğrulandı","needs_enrichment","blocked_until_enriched"
"Felizist","Hipicon","https://www.hipicon.com/tr-en/designers","Platform profili (tasarımcı/marka/stüdyo/üretici karışık)","Resmî public dizinden doğrulandı","needs_enrichment","blocked_until_enriched"
"Fender","Hipicon","https://www.hipicon.com/tr-en/designers","Platform profili (tasarımcı/marka/stüdyo/üretici karışık)","Resmî public dizinden doğrulandı","needs_enrichment","blocked_until_enriched"
"Feraye","Hipicon","https://www.hipicon.com/tr-en/designers","Platform profili (tasarımcı/marka/stüdyo/üretici karışık)","Resmî public dizinden doğrulandı","needs_enrichment","blocked_until_enriched"
"Ferdeko Creative","Hipicon","https://www.hipicon.com/tr-en/designers","Platform profili (tasarımcı/marka/stüdyo/üretici karışık)","Resmî public dizinden doğrulandı","needs_enrichment","blocked_until_enriched"
"Ferenza Leather","Hipicon","https://www.hipicon.com/tr-en/designers","Platform profili (tasarımcı/marka/stüdyo/üretici karışık)","Resmî public dizinden doğrulandı","needs_enrichment","blocked_until_enriched"
"Fern&Co.","Hipicon","https://www.hipicon.com/tr-en/designers","Platform profili (tasarımcı/marka/stüdyo/üretici karışık)","Resmî public dizinden doğrulandı","needs_enrichment","blocked_until_enriched"
"Feroff","Hipicon","https://www.hipicon.com/tr-en/designers","Platform profili (tasarımcı/marka/stüdyo/üretici karışık)","Resmî public dizinden doğrulandı","needs_enrichment","blocked_until_enriched"
"Ferual","Hipicon","https://www.hipicon.com/tr-en/designers","Platform profili (tasarımcı/marka/stüdyo/üretici karışık)","Resmî public dizinden doğrulandı","needs_enrichment","blocked_until_enriched"
"Feu du Ciel","Hipicon","https://www.hipicon.com/tr-en/designers","Platform profili (tasarımcı/marka/stüdyo/üretici karışık)","Resmî public dizinden doğrulandı","needs_enrichment","blocked_until_enriched"
"Feyn Living","Hipicon","https://www.hipicon.com/tr-en/designers","Platform profili (tasarımcı/marka/stüdyo/üretici karışık)","Resmî public dizinden doğrulandı","needs_enrichment","blocked_until_enriched"
"Feyz Contemporary Rugs","Hipicon","https://www.hipicon.com/tr-en/designers","Platform profili (tasarımcı/marka/stüdyo/üretici karışık)","Resmî public dizinden doğrulandı","needs_enrichment","blocked_until_enriched"
"Feza Dsgn","Hipicon","https://www.hipicon.com/tr-en/designers","Platform profili (tasarımcı/marka/stüdyo/üretici karışık)","Resmî public dizinden doğrulandı","needs_enrichment","blocked_until_enriched"
"Fhurn Design Studio","Hipicon","https://www.hipicon.com/tr-en/designers","Platform profili (tasarımcı/marka/stüdyo/üretici karışık)","Resmî public dizinden doğrulandı","needs_enrichment","blocked_until_enriched"
"Fickle Hearts","Hipicon","https://www.hipicon.com/tr-en/designers","Platform profili (tasarımcı/marka/stüdyo/üretici karışık)","Resmî public dizinden doğrulandı","needs_enrichment","blocked_until_enriched"
"Field Blends","Hipicon","https://www.hipicon.com/tr-en/designers","Platform profili (tasarımcı/marka/stüdyo/üretici karışık)","Resmî public dizinden doğrulandı","needs_enrichment","blocked_until_enriched"
"Fifil Design","Hipicon","https://www.hipicon.com/tr-en/designers","Platform profili (tasarımcı/marka/stüdyo/üretici karışık)","Resmî public dizinden doğrulandı","needs_enrichment","blocked_until_enriched"
"Fifth Sense","Hipicon","https://www.hipicon.com/tr-en/designers","Platform profili (tasarımcı/marka/stüdyo/üretici karışık)","Resmî public dizinden doğrulandı","needs_enrichment","blocked_until_enriched"
"Fifty Pieces","Hipicon","https://www.hipicon.com/tr-en/designers","Platform profili (tasarımcı/marka/stüdyo/üretici karışık)","Resmî public dizinden doğrulandı","needs_enrichment","blocked_until_enriched"
"Figshade","Hipicon","https://www.hipicon.com/tr-en/designers","Platform profili (tasarımcı/marka/stüdyo/üretici karışık)","Resmî public dizinden doğrulandı","needs_enrichment","blocked_until_enriched"
"Figure","Hipicon","https://www.hipicon.com/tr-en/designers","Platform profili (tasarımcı/marka/stüdyo/üretici karışık)","Resmî public dizinden doğrulandı","needs_enrichment","blocked_until_enriched"
"Fiji","Hipicon","https://www.hipicon.com/tr-en/designers","Platform profili (tasarımcı/marka/stüdyo/üretici karışık)","Resmî public dizinden doğrulandı","needs_enrichment","blocked_until_enriched"
"Fika Furn","Hipicon","https://www.hipicon.com/tr-en/designers","Platform profili (tasarımcı/marka/stüdyo/üretici karışık)","Resmî public dizinden doğrulandı","needs_enrichment","blocked_until_enriched"
"Filiz'den Taş Ev","Hipicon","https://www.hipicon.com/tr-en/designers","Platform profili (tasarımcı/marka/stüdyo/üretici karışık)","Resmî public dizinden doğrulandı","needs_enrichment","blocked_until_enriched"
"Fill In The Black","Hipicon","https://www.hipicon.com/tr-en/designers","Platform profili (tasarımcı/marka/stüdyo/üretici karışık)","Resmî public dizinden doğrulandı","needs_enrichment","blocked_until_enriched"
"Fille a Fille Design Studio","Hipicon","https://www.hipicon.com/tr-en/designers","Platform profili (tasarımcı/marka/stüdyo/üretici karışık)","Resmî public dizinden doğrulandı","needs_enrichment","blocked_until_enriched"
"Fin All Design","Hipicon","https://www.hipicon.com/tr-en/designers","Platform profili (tasarımcı/marka/stüdyo/üretici karışık)","Resmî public dizinden doğrulandı","needs_enrichment","blocked_until_enriched"
"Fin Tableware","Hipicon","https://www.hipicon.com/tr-en/designers","Platform profili (tasarımcı/marka/stüdyo/üretici karışık)","Resmî public dizinden doğrulandı","needs_enrichment","blocked_until_enriched"
"Find Studio","Hipicon","https://www.hipicon.com/tr-en/designers","Platform profili (tasarımcı/marka/stüdyo/üretici karışık)","Resmî public dizinden doğrulandı","needs_enrichment","blocked_until_enriched"
"Finegrid","Hipicon","https://www.hipicon.com/tr-en/designers","Platform profili (tasarımcı/marka/stüdyo/üretici karışık)","Resmî public dizinden doğrulandı","needs_enrichment","blocked_until_enriched"
"Fiorel Design","Hipicon","https://www.hipicon.com/tr-en/designers","Platform profili (tasarımcı/marka/stüdyo/üretici karışık)","Resmî public dizinden doğrulandı","needs_enrichment","blocked_until_enriched"
"Fiplantart Works","Hipicon","https://www.hipicon.com/tr-en/designers","Platform profili (tasarımcı/marka/stüdyo/üretici karışık)","Resmî public dizinden doğrulandı","needs_enrichment","blocked_until_enriched"
"Fitfeed","Hipicon","https://www.hipicon.com/tr-en/designers","Platform profili (tasarımcı/marka/stüdyo/üretici karışık)","Resmî public dizinden doğrulandı","needs_enrichment","blocked_until_enriched"
"Flanerie","Hipicon","https://www.hipicon.com/tr-en/designers","Platform profili (tasarımcı/marka/stüdyo/üretici karışık)","Resmî public dizinden doğrulandı","needs_enrichment","blocked_until_enriched"
"Flay Candles","Hipicon","https://www.hipicon.com/tr-en/designers","Platform profili (tasarımcı/marka/stüdyo/üretici karışık)","Resmî public dizinden doğrulandı","needs_enrichment","blocked_until_enriched"
"Flek Design","Hipicon","https://www.hipicon.com/tr-en/designers","Platform profili (tasarımcı/marka/stüdyo/üretici karışık)","Resmî public dizinden doğrulandı","needs_enrichment","blocked_until_enriched"
"Fleur De Cansu","Hipicon","https://www.hipicon.com/tr-en/designers","Platform profili (tasarımcı/marka/stüdyo/üretici karışık)","Resmî public dizinden doğrulandı","needs_enrichment","blocked_until_enriched"
"Fleurs de Lumiere","Hipicon","https://www.hipicon.com/tr-en/designers","Platform profili (tasarımcı/marka/stüdyo/üretici karışık)","Resmî public dizinden doğrulandı","needs_enrichment","blocked_until_enriched"
"Flight Number","Hipicon","https://www.hipicon.com/tr-en/designers","Platform profili (tasarımcı/marka/stüdyo/üretici karışık)","Resmî public dizinden doğrulandı","needs_enrichment","blocked_until_enriched"
"Floid","Hipicon","https://www.hipicon.com/tr-en/designers","Platform profili (tasarımcı/marka/stüdyo/üretici karışık)","Resmî public dizinden doğrulandı","needs_enrichment","blocked_until_enriched"
"Floral Design by Rumeysa Ebrar","Hipicon","https://www.hipicon.com/tr-en/designers","Platform profili (tasarımcı/marka/stüdyo/üretici karışık)","Resmî public dizinden doğrulandı","needs_enrichment","blocked_until_enriched"
"Florije Baby","Hipicon","https://www.hipicon.com/tr-en/designers","Platform profili (tasarımcı/marka/stüdyo/üretici karışık)","Resmî public dizinden doğrulandı","needs_enrichment","blocked_until_enriched"
"Flow","Hipicon","https://www.hipicon.com/tr-en/designers","Platform profili (tasarımcı/marka/stüdyo/üretici karışık)","Resmî public dizinden doğrulandı","needs_enrichment","blocked_until_enriched"
"Fluxus Coffee","Hipicon","https://www.hipicon.com/tr-en/designers","Platform profili (tasarımcı/marka/stüdyo/üretici karışık)","Resmî public dizinden doğrulandı","needs_enrichment","blocked_until_enriched"
"Flying Kiwi Ceramics","Hipicon","https://www.hipicon.com/tr-en/designers","Platform profili (tasarımcı/marka/stüdyo/üretici karışık)","Resmî public dizinden doğrulandı","needs_enrichment","blocked_until_enriched"
"Foa Design","Hipicon","https://www.hipicon.com/tr-en/designers","Platform profili (tasarımcı/marka/stüdyo/üretici karışık)","Resmî public dizinden doğrulandı","needs_enrichment","blocked_until_enriched"
"Foia","Hipicon","https://www.hipicon.com/tr-en/designers","Platform profili (tasarımcı/marka/stüdyo/üretici karışık)","Resmî public dizinden doğrulandı","needs_enrichment","blocked_until_enriched"
"Folie Living","Hipicon","https://www.hipicon.com/tr-en/designers","Platform profili (tasarımcı/marka/stüdyo/üretici karışık)","Resmî public dizinden doğrulandı","needs_enrichment","blocked_until_enriched"
"Follow Fiction","Hipicon","https://www.hipicon.com/tr-en/designers","Platform profili (tasarımcı/marka/stüdyo/üretici karışık)","Resmî public dizinden doğrulandı","needs_enrichment","blocked_until_enriched"
"Foodpacker","Hipicon","https://www.hipicon.com/tr-en/designers","Platform profili (tasarımcı/marka/stüdyo/üretici karışık)","Resmî public dizinden doğrulandı","needs_enrichment","blocked_until_enriched"
"Foqlio","Hipicon","https://www.hipicon.com/tr-en/designers","Platform profili (tasarımcı/marka/stüdyo/üretici karışık)","Resmî public dizinden doğrulandı","needs_enrichment","blocked_until_enriched"
"Foreign377","Hipicon","https://www.hipicon.com/tr-en/designers","Platform profili (tasarımcı/marka/stüdyo/üretici karışık)","Resmî public dizinden doğrulandı","needs_enrichment","blocked_until_enriched"
"Foreo","Hipicon","https://www.hipicon.com/tr-en/designers","Platform profili (tasarımcı/marka/stüdyo/üretici karışık)","Resmî public dizinden doğrulandı","needs_enrichment","blocked_until_enriched"
"Form&Seek","Hipicon","https://www.hipicon.com/tr-en/designers","Platform profili (tasarımcı/marka/stüdyo/üretici karışık)","Resmî public dizinden doğrulandı","needs_enrichment","blocked_until_enriched"
"Fossil","Hipicon","https://www.hipicon.com/tr-en/designers","Platform profili (tasarımcı/marka/stüdyo/üretici karışık)","Resmî public dizinden doğrulandı","needs_enrichment","blocked_until_enriched"
"Fouramour","Hipicon","https://www.hipicon.com/tr-en/designers","Platform profili (tasarımcı/marka/stüdyo/üretici karışık)","Resmî public dizinden doğrulandı","needs_enrichment","blocked_until_enriched"
"Fractaline","Hipicon","https://www.hipicon.com/tr-en/designers","Platform profili (tasarımcı/marka/stüdyo/üretici karışık)","Resmî public dizinden doğrulandı","needs_enrichment","blocked_until_enriched"
"Freddie Ceramics","Hipicon","https://www.hipicon.com/tr-en/designers","Platform profili (tasarımcı/marka/stüdyo/üretici karışık)","Resmî public dizinden doğrulandı","needs_enrichment","blocked_until_enriched"
"Freno Box","Hipicon","https://www.hipicon.com/tr-en/designers","Platform profili (tasarımcı/marka/stüdyo/üretici karışık)","Resmî public dizinden doğrulandı","needs_enrichment","blocked_until_enriched"
"Freyja Pet","Hipicon","https://www.hipicon.com/tr-en/designers","Platform profili (tasarımcı/marka/stüdyo/üretici karışık)","Resmî public dizinden doğrulandı","needs_enrichment","blocked_until_enriched"
"Friday Bunny","Hipicon","https://www.hipicon.com/tr-en/designers","Platform profili (tasarımcı/marka/stüdyo/üretici karışık)","Resmî public dizinden doğrulandı","needs_enrichment","blocked_until_enriched"
"Froglet","Hipicon","https://www.hipicon.com/tr-en/designers","Platform profili (tasarımcı/marka/stüdyo/üretici karışık)","Resmî public dizinden doğrulandı","needs_enrichment","blocked_until_enriched"
"FromPera Sustainable","Hipicon","https://www.hipicon.com/tr-en/designers","Platform profili (tasarımcı/marka/stüdyo/üretici karışık)","Resmî public dizinden doğrulandı","needs_enrichment","blocked_until_enriched"
"Frui Ceramics","Hipicon","https://www.hipicon.com/tr-en/designers","Platform profili (tasarımcı/marka/stüdyo/üretici karışık)","Resmî public dizinden doğrulandı","needs_enrichment","blocked_until_enriched"
"Fudela","Hipicon","https://www.hipicon.com/tr-en/designers","Platform profili (tasarımcı/marka/stüdyo/üretici karışık)","Resmî public dizinden doğrulandı","needs_enrichment","blocked_until_enriched"
"Fulique","Hipicon","https://www.hipicon.com/tr-en/designers","Platform profili (tasarımcı/marka/stüdyo/üretici karışık)","Resmî public dizinden doğrulandı","needs_enrichment","blocked_until_enriched"
"Fulya Genç","Hipicon","https://www.hipicon.com/tr-en/designers","Platform profili (tasarımcı/marka/stüdyo/üretici karışık)","Resmî public dizinden doğrulandı","needs_enrichment","blocked_until_enriched"
"Fundaze","Hipicon","https://www.hipicon.com/tr-en/designers","Platform profili (tasarımcı/marka/stüdyo/üretici karışık)","Resmî public dizinden doğrulandı","needs_enrichment","blocked_until_enriched"
"Funkshion by Ekin Sarı","Hipicon","https://www.hipicon.com/tr-en/designers","Platform profili (tasarımcı/marka/stüdyo/üretici karışık)","Resmî public dizinden doğrulandı","needs_enrichment","blocked_until_enriched"
"Funn Atelier","Hipicon","https://www.hipicon.com/tr-en/designers","Platform profili (tasarımcı/marka/stüdyo/üretici karışık)","Resmî public dizinden doğrulandı","needs_enrichment","blocked_until_enriched"
"Furla","Hipicon","https://www.hipicon.com/tr-en/designers","Platform profili (tasarımcı/marka/stüdyo/üretici karışık)","Resmî public dizinden doğrulandı","needs_enrichment","blocked_until_enriched"
"Further Atelier","Hipicon","https://www.hipicon.com/tr-en/designers","Platform profili (tasarımcı/marka/stüdyo/üretici karışık)","Resmî public dizinden doğrulandı","needs_enrichment","blocked_until_enriched"
"Furu-Semu","Hipicon","https://www.hipicon.com/tr-en/designers","Platform profili (tasarımcı/marka/stüdyo/üretici karışık)","Resmî public dizinden doğrulandı","needs_enrichment","blocked_until_enriched"
"Fuschu","Hipicon","https://www.hipicon.com/tr-en/designers","Platform profili (tasarımcı/marka/stüdyo/üretici karışık)","Resmî public dizinden doğrulandı","needs_enrichment","blocked_until_enriched"
"Fusska Handmade Ceramics","Hipicon","https://www.hipicon.com/tr-en/designers","Platform profili (tasarımcı/marka/stüdyo/üretici karışık)","Resmî public dizinden doğrulandı","needs_enrichment","blocked_until_enriched"
"Fuze The Muze","Hipicon","https://www.hipicon.com/tr-en/designers","Platform profili (tasarımcı/marka/stüdyo/üretici karışık)","Resmî public dizinden doğrulandı","needs_enrichment","blocked_until_enriched"
"Füreya Art","Hipicon","https://www.hipicon.com/tr-en/designers","Platform profili (tasarımcı/marka/stüdyo/üretici karışık)","Resmî public dizinden doğrulandı","needs_enrichment","blocked_until_enriched"
"GA Ceramic","Hipicon","https://www.hipicon.com/tr-en/designers","Platform profili (tasarımcı/marka/stüdyo/üretici karışık)","Resmî public dizinden doğrulandı","needs_enrichment","blocked_until_enriched"
"GE Living","Hipicon","https://www.hipicon.com/tr-en/designers","Platform profili (tasarımcı/marka/stüdyo/üretici karışık)","Resmî public dizinden doğrulandı","needs_enrichment","blocked_until_enriched"
"GGS Solingen","Hipicon","https://www.hipicon.com/tr-en/designers","Platform profili (tasarımcı/marka/stüdyo/üretici karışık)","Resmî public dizinden doğrulandı","needs_enrichment","blocked_until_enriched"
"GIB'S Pottery","Hipicon","https://www.hipicon.com/tr-en/designers","Platform profili (tasarımcı/marka/stüdyo/üretici karışık)","Resmî public dizinden doğrulandı","needs_enrichment","blocked_until_enriched"
"GT Spirit","Hipicon","https://www.hipicon.com/tr-en/designers","Platform profili (tasarımcı/marka/stüdyo/üretici karışık)","Resmî public dizinden doğrulandı","needs_enrichment","blocked_until_enriched"
"Gaen Studio","Hipicon","https://www.hipicon.com/tr-en/designers","Platform profili (tasarımcı/marka/stüdyo/üretici karışık)","Resmî public dizinden doğrulandı","needs_enrichment","blocked_until_enriched"
"Gaggia Milano","Hipicon","https://www.hipicon.com/tr-en/designers","Platform profili (tasarımcı/marka/stüdyo/üretici karışık)","Resmî public dizinden doğrulandı","needs_enrichment","blocked_until_enriched"
"Gaia Clay","Hipicon","https://www.hipicon.com/tr-en/designers","Platform profili (tasarımcı/marka/stüdyo/üretici karışık)","Resmî public dizinden doğrulandı","needs_enrichment","blocked_until_enriched"
"Gaia Remedies","Hipicon","https://www.hipicon.com/tr-en/designers","Platform profili (tasarımcı/marka/stüdyo/üretici karışık)","Resmî public dizinden doğrulandı","needs_enrichment","blocked_until_enriched"
"Gaia's Store","Hipicon","https://www.hipicon.com/tr-en/designers","Platform profili (tasarımcı/marka/stüdyo/üretici karışık)","Resmî public dizinden doğrulandı","needs_enrichment","blocked_until_enriched"
"Gajah","Hipicon","https://www.hipicon.com/tr-en/designers","Platform profili (tasarımcı/marka/stüdyo/üretici karışık)","Resmî public dizinden doğrulandı","needs_enrichment","blocked_until_enriched"
"Gajah Co","Hipicon","https://www.hipicon.com/tr-en/designers","Platform profili (tasarımcı/marka/stüdyo/üretici karışık)","Resmî public dizinden doğrulandı","needs_enrichment","blocked_until_enriched"
"Gal İstanbul","Hipicon","https://www.hipicon.com/tr-en/designers","Platform profili (tasarımcı/marka/stüdyo/üretici karışık)","Resmî public dizinden doğrulandı","needs_enrichment","blocked_until_enriched"
"Galata Project","Hipicon","https://www.hipicon.com/tr-en/designers","Platform profili (tasarımcı/marka/stüdyo/üretici karışık)","Resmî public dizinden doğrulandı","needs_enrichment","blocked_until_enriched"
"Galene","Hipicon","https://www.hipicon.com/tr-en/designers","Platform profili (tasarımcı/marka/stüdyo/üretici karışık)","Resmî public dizinden doğrulandı","needs_enrichment","blocked_until_enriched"
"Galia Tasarım","Hipicon","https://www.hipicon.com/tr-en/designers","Platform profili (tasarımcı/marka/stüdyo/üretici karışık)","Resmî public dizinden doğrulandı","needs_enrichment","blocked_until_enriched"
"Galiya","Hipicon","https://www.hipicon.com/tr-en/designers","Platform profili (tasarımcı/marka/stüdyo/üretici karışık)","Resmî public dizinden doğrulandı","needs_enrichment","blocked_until_enriched"
"Galli Premium","Hipicon","https://www.hipicon.com/tr-en/designers","Platform profili (tasarımcı/marka/stüdyo/üretici karışık)","Resmî public dizinden doğrulandı","needs_enrichment","blocked_until_enriched"
"Ganita Art Homemade","Hipicon","https://www.hipicon.com/tr-en/designers","Platform profili (tasarımcı/marka/stüdyo/üretici karışık)","Resmî public dizinden doğrulandı","needs_enrichment","blocked_until_enriched"
"Gard and Co.","Hipicon","https://www.hipicon.com/tr-en/designers","Platform profili (tasarımcı/marka/stüdyo/üretici karışık)","Resmî public dizinden doğrulandı","needs_enrichment","blocked_until_enriched"
"Garden Art Home","Hipicon","https://www.hipicon.com/tr-en/designers","Platform profili (tasarımcı/marka/stüdyo/üretici karışık)","Resmî public dizinden doğrulandı","needs_enrichment","blocked_until_enriched"
"Gardin Leather","Hipicon","https://www.hipicon.com/tr-en/designers","Platform profili (tasarımcı/marka/stüdyo/üretici karışık)","Resmî public dizinden doğrulandı","needs_enrichment","blocked_until_enriched"
"Gaston Luga","Hipicon","https://www.hipicon.com/tr-en/designers","Platform profili (tasarımcı/marka/stüdyo/üretici karışık)","Resmî public dizinden doğrulandı","needs_enrichment","blocked_until_enriched"
"Gazelle Jewelry","Hipicon","https://www.hipicon.com/tr-en/designers","Platform profili (tasarımcı/marka/stüdyo/üretici karışık)","Resmî public dizinden doğrulandı","needs_enrichment","blocked_until_enriched"
"Gemineight","Hipicon","https://www.hipicon.com/tr-en/designers","Platform profili (tasarımcı/marka/stüdyo/üretici karışık)","Resmî public dizinden doğrulandı","needs_enrichment","blocked_until_enriched"
"Gennaro","Hipicon","https://www.hipicon.com/tr-en/designers","Platform profili (tasarımcı/marka/stüdyo/üretici karışık)","Resmî public dizinden doğrulandı","needs_enrichment","blocked_until_enriched"
"Gentlemen's Hardware","Hipicon","https://www.hipicon.com/tr-en/designers","Platform profili (tasarımcı/marka/stüdyo/üretici karışık)","Resmî public dizinden doğrulandı","needs_enrichment","blocked_until_enriched"
"Geomi","Hipicon","https://www.hipicon.com/tr-en/designers","Platform profili (tasarımcı/marka/stüdyo/üretici karışık)","Resmî public dizinden doğrulandı","needs_enrichment","blocked_until_enriched"
"Gesu Store","Hipicon","https://www.hipicon.com/tr-en/designers","Platform profili (tasarımcı/marka/stüdyo/üretici karışık)","Resmî public dizinden doğrulandı","needs_enrichment","blocked_until_enriched"
"Geveze Lori","Hipicon","https://www.hipicon.com/tr-en/designers","Platform profili (tasarımcı/marka/stüdyo/üretici karışık)","Resmî public dizinden doğrulandı","needs_enrichment","blocked_until_enriched"
"Gezenbebe","Hipicon","https://www.hipicon.com/tr-en/designers","Platform profili (tasarımcı/marka/stüdyo/üretici karışık)","Resmî public dizinden doğrulandı","needs_enrichment","blocked_until_enriched"
"Ghogol Home","Hipicon","https://www.hipicon.com/tr-en/designers","Platform profili (tasarımcı/marka/stüdyo/üretici karışık)","Resmî public dizinden doğrulandı","needs_enrichment","blocked_until_enriched"
"Ghüt W Me","Hipicon","https://www.hipicon.com/tr-en/designers","Platform profili (tasarımcı/marka/stüdyo/üretici karışık)","Resmî public dizinden doğrulandı","needs_enrichment","blocked_until_enriched"
"Gianfranco Jewelry","Hipicon","https://www.hipicon.com/tr-en/designers","Platform profili (tasarımcı/marka/stüdyo/üretici karışık)","Resmî public dizinden doğrulandı","needs_enrichment","blocked_until_enriched"
"Gianmarco Sorelli","Hipicon","https://www.hipicon.com/tr-en/designers","Platform profili (tasarımcı/marka/stüdyo/üretici karışık)","Resmî public dizinden doğrulandı","needs_enrichment","blocked_until_enriched"
"Gigi's","Hipicon","https://www.hipicon.com/tr-en/designers","Platform profili (tasarımcı/marka/stüdyo/üretici karışık)","Resmî public dizinden doğrulandı","needs_enrichment","blocked_until_enriched"
"Gimora","Hipicon","https://www.hipicon.com/tr-en/designers","Platform profili (tasarımcı/marka/stüdyo/üretici karışık)","Resmî public dizinden doğrulandı","needs_enrichment","blocked_until_enriched"
"Ginkgodesign","Hipicon","https://www.hipicon.com/tr-en/designers","Platform profili (tasarımcı/marka/stüdyo/üretici karışık)","Resmî public dizinden doğrulandı","needs_enrichment","blocked_until_enriched"
"Giobagnara","Hipicon","https://www.hipicon.com/tr-en/designers","Platform profili (tasarımcı/marka/stüdyo/üretici karışık)","Resmî public dizinden doğrulandı","needs_enrichment","blocked_until_enriched"
"Giovanni Fabiani","Hipicon","https://www.hipicon.com/tr-en/designers","Platform profili (tasarımcı/marka/stüdyo/üretici karışık)","Resmî public dizinden doğrulandı","needs_enrichment","blocked_until_enriched"
"Giran Maye","Hipicon","https://www.hipicon.com/tr-en/designers","Platform profili (tasarımcı/marka/stüdyo/üretici karışık)","Resmî public dizinden doğrulandı","needs_enrichment","blocked_until_enriched"
"Gironacci","Hipicon","https://www.hipicon.com/tr-en/designers","Platform profili (tasarımcı/marka/stüdyo/üretici karışık)","Resmî public dizinden doğrulandı","needs_enrichment","blocked_until_enriched"
"Gise Studio","Hipicon","https://www.hipicon.com/tr-en/designers","Platform profili (tasarımcı/marka/stüdyo/üretici karışık)","Resmî public dizinden doğrulandı","needs_enrichment","blocked_until_enriched"
"Gist Kids","Hipicon","https://www.hipicon.com/tr-en/designers","Platform profili (tasarımcı/marka/stüdyo/üretici karışık)","Resmî public dizinden doğrulandı","needs_enrichment","blocked_until_enriched"
"Giwa Uwa","Hipicon","https://www.hipicon.com/tr-en/designers","Platform profili (tasarımcı/marka/stüdyo/üretici karışık)","Resmî public dizinden doğrulandı","needs_enrichment","blocked_until_enriched"
"Gizsan Modern Chair","Hipicon","https://www.hipicon.com/tr-en/designers","Platform profili (tasarımcı/marka/stüdyo/üretici karışık)","Resmî public dizinden doğrulandı","needs_enrichment","blocked_until_enriched"
"Glassberry Design","Hipicon","https://www.hipicon.com/tr-en/designers","Platform profili (tasarımcı/marka/stüdyo/üretici karışık)","Resmî public dizinden doğrulandı","needs_enrichment","blocked_until_enriched"
"Glassel Design","Hipicon","https://www.hipicon.com/tr-en/designers","Platform profili (tasarımcı/marka/stüdyo/üretici karışık)","Resmî public dizinden doğrulandı","needs_enrichment","blocked_until_enriched"
"Glazka","Hipicon","https://www.hipicon.com/tr-en/designers","Platform profili (tasarımcı/marka/stüdyo/üretici karışık)","Resmî public dizinden doğrulandı","needs_enrichment","blocked_until_enriched"
"Gleamnglint","Hipicon","https://www.hipicon.com/tr-en/designers","Platform profili (tasarımcı/marka/stüdyo/üretici karışık)","Resmî public dizinden doğrulandı","needs_enrichment","blocked_until_enriched"
"Gliparis","Hipicon","https://www.hipicon.com/tr-en/designers","Platform profili (tasarımcı/marka/stüdyo/üretici karışık)","Resmî public dizinden doğrulandı","needs_enrichment","blocked_until_enriched"
"Glo Studio","Hipicon","https://www.hipicon.com/tr-en/designers","Platform profili (tasarımcı/marka/stüdyo/üretici karışık)","Resmî public dizinden doğrulandı","needs_enrichment","blocked_until_enriched"
"Gloi","Hipicon","https://www.hipicon.com/tr-en/designers","Platform profili (tasarımcı/marka/stüdyo/üretici karışık)","Resmî public dizinden doğrulandı","needs_enrichment","blocked_until_enriched"
"Glowing Forest","Hipicon","https://www.hipicon.com/tr-en/designers","Platform profili (tasarımcı/marka/stüdyo/üretici karışık)","Resmî public dizinden doğrulandı","needs_enrichment","blocked_until_enriched"
"Glowry Home","Hipicon","https://www.hipicon.com/tr-en/designers","Platform profili (tasarımcı/marka/stüdyo/üretici karışık)","Resmî public dizinden doğrulandı","needs_enrichment","blocked_until_enriched"
"Glowup Interior","Hipicon","https://www.hipicon.com/tr-en/designers","Platform profili (tasarımcı/marka/stüdyo/üretici karışık)","Resmî public dizinden doğrulandı","needs_enrichment","blocked_until_enriched"
"Go Nature","Hipicon","https://www.hipicon.com/tr-en/designers","Platform profili (tasarımcı/marka/stüdyo/üretici karışık)","Resmî public dizinden doğrulandı","needs_enrichment","blocked_until_enriched"
"Go&Co Concept","Hipicon","https://www.hipicon.com/tr-en/designers","Platform profili (tasarımcı/marka/stüdyo/üretici karışık)","Resmî public dizinden doğrulandı","needs_enrichment","blocked_until_enriched"
"Gods Next Door","Hipicon","https://www.hipicon.com/tr-en/designers","Platform profili (tasarımcı/marka/stüdyo/üretici karışık)","Resmî public dizinden doğrulandı","needs_enrichment","blocked_until_enriched"
"Good Night Kid","Hipicon","https://www.hipicon.com/tr-en/designers","Platform profili (tasarımcı/marka/stüdyo/üretici karışık)","Resmî public dizinden doğrulandı","needs_enrichment","blocked_until_enriched"
"Goodboi","Hipicon","https://www.hipicon.com/tr-en/designers","Platform profili (tasarımcı/marka/stüdyo/üretici karışık)","Resmî public dizinden doğrulandı","needs_enrichment","blocked_until_enriched"
"Gorgo Iruka","Hipicon","https://www.hipicon.com/tr-en/designers","Platform profili (tasarımcı/marka/stüdyo/üretici karışık)","Resmî public dizinden doğrulandı","needs_enrichment","blocked_until_enriched"
"Gourmet Ladies","Hipicon","https://www.hipicon.com/tr-en/designers","Platform profili (tasarımcı/marka/stüdyo/üretici karışık)","Resmî public dizinden doğrulandı","needs_enrichment","blocked_until_enriched"
"Gourmoji","Hipicon","https://www.hipicon.com/tr-en/designers","Platform profili (tasarımcı/marka/stüdyo/üretici karışık)","Resmî public dizinden doğrulandı","needs_enrichment","blocked_until_enriched"
"Govee","Hipicon","https://www.hipicon.com/tr-en/designers","Platform profili (tasarımcı/marka/stüdyo/üretici karışık)","Resmî public dizinden doğrulandı","needs_enrichment","blocked_until_enriched"
"Gracey Baby","Hipicon","https://www.hipicon.com/tr-en/designers","Platform profili (tasarımcı/marka/stüdyo/üretici karışık)","Resmî public dizinden doğrulandı","needs_enrichment","blocked_until_enriched"
"Granotherapy","Hipicon","https://www.hipicon.com/tr-en/designers","Platform profili (tasarımcı/marka/stüdyo/üretici karışık)","Resmî public dizinden doğrulandı","needs_enrichment","blocked_until_enriched"
"Graunds","Hipicon","https://www.hipicon.com/tr-en/designers","Platform profili (tasarımcı/marka/stüdyo/üretici karışık)","Resmî public dizinden doğrulandı","needs_enrichment","blocked_until_enriched"
"Gravastar","Hipicon","https://www.hipicon.com/tr-en/designers","Platform profili (tasarımcı/marka/stüdyo/üretici karışık)","Resmî public dizinden doğrulandı","needs_enrichment","blocked_until_enriched"
"Gravity81","Hipicon","https://www.hipicon.com/tr-en/designers","Platform profili (tasarımcı/marka/stüdyo/üretici karışık)","Resmî public dizinden doğrulandı","needs_enrichment","blocked_until_enriched"
"Green People","Hipicon","https://www.hipicon.com/tr-en/designers","Platform profili (tasarımcı/marka/stüdyo/üretici karışık)","Resmî public dizinden doğrulandı","needs_enrichment","blocked_until_enriched"
"Green Petition","Hipicon","https://www.hipicon.com/tr-en/designers","Platform profili (tasarımcı/marka/stüdyo/üretici karışık)","Resmî public dizinden doğrulandı","needs_enrichment","blocked_until_enriched"
"Greenlight","Hipicon","https://www.hipicon.com/tr-en/designers","Platform profili (tasarımcı/marka/stüdyo/üretici karışık)","Resmî public dizinden doğrulandı","needs_enrichment","blocked_until_enriched"
"Grid Design","Hipicon","https://www.hipicon.com/tr-en/designers","Platform profili (tasarımcı/marka/stüdyo/üretici karışık)","Resmî public dizinden doğrulandı","needs_enrichment","blocked_until_enriched"
"Grizzly Coffee Roasters Co.","Hipicon","https://www.hipicon.com/tr-en/designers","Platform profili (tasarımcı/marka/stüdyo/üretici karışık)","Resmî public dizinden doğrulandı","needs_enrichment","blocked_until_enriched"
"Grob","Hipicon","https://www.hipicon.com/tr-en/designers","Platform profili (tasarımcı/marka/stüdyo/üretici karışık)","Resmî public dizinden doğrulandı","needs_enrichment","blocked_until_enriched"
"Groel Design","Hipicon","https://www.hipicon.com/tr-en/designers","Platform profili (tasarımcı/marka/stüdyo/üretici karışık)","Resmî public dizinden doğrulandı","needs_enrichment","blocked_until_enriched"
"Gugarwood","Hipicon","https://www.hipicon.com/tr-en/designers","Platform profili (tasarımcı/marka/stüdyo/üretici karışık)","Resmî public dizinden doğrulandı","needs_enrichment","blocked_until_enriched"
"Gui","Hipicon","https://www.hipicon.com/tr-en/designers","Platform profili (tasarımcı/marka/stüdyo/üretici karışık)","Resmî public dizinden doğrulandı","needs_enrichment","blocked_until_enriched"
"Guma Collection","Hipicon","https://www.hipicon.com/tr-en/designers","Platform profili (tasarımcı/marka/stüdyo/üretici karışık)","Resmî public dizinden doğrulandı","needs_enrichment","blocked_until_enriched"
"Guru Studio","Hipicon","https://www.hipicon.com/tr-en/designers","Platform profili (tasarımcı/marka/stüdyo/üretici karışık)","Resmî public dizinden doğrulandı","needs_enrichment","blocked_until_enriched"
"Guzza","Hipicon","https://www.hipicon.com/tr-en/designers","Platform profili (tasarımcı/marka/stüdyo/üretici karışık)","Resmî public dizinden doğrulandı","needs_enrichment","blocked_until_enriched"
"Gügü Design by Gülnur","Hipicon","https://www.hipicon.com/tr-en/designers","Platform profili (tasarımcı/marka/stüdyo/üretici karışık)","Resmî public dizinden doğrulandı","needs_enrichment","blocked_until_enriched"
"Gügü Handmade Ceramics","Hipicon","https://www.hipicon.com/tr-en/designers","Platform profili (tasarımcı/marka/stüdyo/üretici karışık)","Resmî public dizinden doğrulandı","needs_enrichment","blocked_until_enriched"
"Gül Batmanoğlu","Hipicon","https://www.hipicon.com/tr-en/designers","Platform profili (tasarımcı/marka/stüdyo/üretici karışık)","Resmî public dizinden doğrulandı","needs_enrichment","blocked_until_enriched"
"Güldeniz Art Studio","Hipicon","https://www.hipicon.com/tr-en/designers","Platform profili (tasarımcı/marka/stüdyo/üretici karışık)","Resmî public dizinden doğrulandı","needs_enrichment","blocked_until_enriched"
"Gülruh","Hipicon","https://www.hipicon.com/tr-en/designers","Platform profili (tasarımcı/marka/stüdyo/üretici karışık)","Resmî public dizinden doğrulandı","needs_enrichment","blocked_until_enriched"
"Günseli Sepici","Hipicon","https://www.hipicon.com/tr-en/designers","Platform profili (tasarımcı/marka/stüdyo/üretici karışık)","Resmî public dizinden doğrulandı","needs_enrichment","blocked_until_enriched"
"goods","Hipicon","https://www.hipicon.com/tr-en/designers","Platform profili (tasarımcı/marka/stüdyo/üretici karışık)","Resmî public dizinden doğrulandı","needs_enrichment","blocked_until_enriched"
"HGO Atelier","Hipicon","https://www.hipicon.com/tr-en/designers","Platform profili (tasarımcı/marka/stüdyo/üretici karışık)","Resmî public dizinden doğrulandı","needs_enrichment","blocked_until_enriched"
"Haane Design","Hipicon","https://www.hipicon.com/tr-en/designers","Platform profili (tasarımcı/marka/stüdyo/üretici karışık)","Resmî public dizinden doğrulandı","needs_enrichment","blocked_until_enriched"
"Haantoo","Hipicon","https://www.hipicon.com/tr-en/designers","Platform profili (tasarımcı/marka/stüdyo/üretici karışık)","Resmî public dizinden doğrulandı","needs_enrichment","blocked_until_enriched"
"Habib Wood","Hipicon","https://www.hipicon.com/tr-en/designers","Platform profili (tasarımcı/marka/stüdyo/üretici karışık)","Resmî public dizinden doğrulandı","needs_enrichment","blocked_until_enriched"
"Had Ceramic","Hipicon","https://www.hipicon.com/tr-en/designers","Platform profili (tasarımcı/marka/stüdyo/üretici karışık)","Resmî public dizinden doğrulandı","needs_enrichment","blocked_until_enriched"
"Hakankemal Studio","Hipicon","https://www.hipicon.com/tr-en/designers","Platform profili (tasarımcı/marka/stüdyo/üretici karışık)","Resmî public dizinden doğrulandı","needs_enrichment","blocked_until_enriched"
"Haki Heal Natural Cosmetics & Aromathrapy","Hipicon","https://www.hipicon.com/tr-en/designers","Platform profili (tasarımcı/marka/stüdyo/üretici karışık)","Resmî public dizinden doğrulandı","needs_enrichment","blocked_until_enriched"
"Halhab","Hipicon","https://www.hipicon.com/tr-en/designers","Platform profili (tasarımcı/marka/stüdyo/üretici karışık)","Resmî public dizinden doğrulandı","needs_enrichment","blocked_until_enriched"
"Halil Onat","Hipicon","https://www.hipicon.com/tr-en/designers","Platform profili (tasarımcı/marka/stüdyo/üretici karışık)","Resmî public dizinden doğrulandı","needs_enrichment","blocked_until_enriched"
"Halit Berker","Hipicon","https://www.hipicon.com/tr-en/designers","Platform profili (tasarımcı/marka/stüdyo/üretici karışık)","Resmî public dizinden doğrulandı","needs_enrichment","blocked_until_enriched"
"Halohope Design","Hipicon","https://www.hipicon.com/tr-en/designers","Platform profili (tasarımcı/marka/stüdyo/üretici karışık)","Resmî public dizinden doğrulandı","needs_enrichment","blocked_until_enriched"
"Halıcızade","Hipicon","https://www.hipicon.com/tr-en/designers","Platform profili (tasarımcı/marka/stüdyo/üretici karışık)","Resmî public dizinden doğrulandı","needs_enrichment","blocked_until_enriched"
"Hamdeko","Hipicon","https://www.hipicon.com/tr-en/designers","Platform profili (tasarımcı/marka/stüdyo/üretici karışık)","Resmî public dizinden doğrulandı","needs_enrichment","blocked_until_enriched"
"Handarte Los Angeles","Hipicon","https://www.hipicon.com/tr-en/designers","Platform profili (tasarımcı/marka/stüdyo/üretici karışık)","Resmî public dizinden doğrulandı","needs_enrichment","blocked_until_enriched"
"Hande Erbuk Glass","Hipicon","https://www.hipicon.com/tr-en/designers","Platform profili (tasarımcı/marka/stüdyo/üretici karışık)","Resmî public dizinden doğrulandı","needs_enrichment","blocked_until_enriched"
"Handl","Hipicon","https://www.hipicon.com/tr-en/designers","Platform profili (tasarımcı/marka/stüdyo/üretici karışık)","Resmî public dizinden doğrulandı","needs_enrichment","blocked_until_enriched"
"Hane:9","Hipicon","https://www.hipicon.com/tr-en/designers","Platform profili (tasarımcı/marka/stüdyo/üretici karışık)","Resmî public dizinden doğrulandı","needs_enrichment","blocked_until_enriched"
"Hanflos","Hipicon","https://www.hipicon.com/tr-en/designers","Platform profili (tasarımcı/marka/stüdyo/üretici karışık)","Resmî public dizinden doğrulandı","needs_enrichment","blocked_until_enriched"
"Hangora Shop","Hipicon","https://www.hipicon.com/tr-en/designers","Platform profili (tasarımcı/marka/stüdyo/üretici karışık)","Resmî public dizinden doğrulandı","needs_enrichment","blocked_until_enriched"
"Hangout Design Store","Hipicon","https://www.hipicon.com/tr-en/designers","Platform profili (tasarımcı/marka/stüdyo/üretici karışık)","Resmî public dizinden doğrulandı","needs_enrichment","blocked_until_enriched"
"Happy Hair for Happy Kids","Hipicon","https://www.hipicon.com/tr-en/designers","Platform profili (tasarımcı/marka/stüdyo/üretici karışık)","Resmî public dizinden doğrulandı","needs_enrichment","blocked_until_enriched"
"Happy Roots","Hipicon","https://www.hipicon.com/tr-en/designers","Platform profili (tasarımcı/marka/stüdyo/üretici karışık)","Resmî public dizinden doğrulandı","needs_enrichment","blocked_until_enriched"
"Happy-Nes","Hipicon","https://www.hipicon.com/tr-en/designers","Platform profili (tasarımcı/marka/stüdyo/üretici karışık)","Resmî public dizinden doğrulandı","needs_enrichment","blocked_until_enriched"
"Har Sanat","Hipicon","https://www.hipicon.com/tr-en/designers","Platform profili (tasarımcı/marka/stüdyo/üretici karışık)","Resmî public dizinden doğrulandı","needs_enrichment","blocked_until_enriched"
"Haracci","Hipicon","https://www.hipicon.com/tr-en/designers","Platform profili (tasarımcı/marka/stüdyo/üretici karışık)","Resmî public dizinden doğrulandı","needs_enrichment","blocked_until_enriched"
"Harigariga","Hipicon","https://www.hipicon.com/tr-en/designers","Platform profili (tasarımcı/marka/stüdyo/üretici karışık)","Resmî public dizinden doğrulandı","needs_enrichment","blocked_until_enriched"
"Hario","Hipicon","https://www.hipicon.com/tr-en/designers","Platform profili (tasarımcı/marka/stüdyo/üretici karışık)","Resmî public dizinden doğrulandı","needs_enrichment","blocked_until_enriched"
"Harman Coffee","Hipicon","https://www.hipicon.com/tr-en/designers","Platform profili (tasarımcı/marka/stüdyo/üretici karışık)","Resmî public dizinden doğrulandı","needs_enrichment","blocked_until_enriched"
"Haru Concept","Hipicon","https://www.hipicon.com/tr-en/designers","Platform profili (tasarımcı/marka/stüdyo/üretici karışık)","Resmî public dizinden doğrulandı","needs_enrichment","blocked_until_enriched"
"Hasan Koca","Hipicon","https://www.hipicon.com/tr-en/designers","Platform profili (tasarımcı/marka/stüdyo/üretici karışık)","Resmî public dizinden doğrulandı","needs_enrichment","blocked_until_enriched"
"Hateko","Hipicon","https://www.hipicon.com/tr-en/designers","Platform profili (tasarımcı/marka/stüdyo/üretici karışık)","Resmî public dizinden doğrulandı","needs_enrichment","blocked_until_enriched"
"Hau Bio","Hipicon","https://www.hipicon.com/tr-en/designers","Platform profili (tasarımcı/marka/stüdyo/üretici karışık)","Resmî public dizinden doğrulandı","needs_enrichment","blocked_until_enriched"
"Haus 34 Project","Hipicon","https://www.hipicon.com/tr-en/designers","Platform profili (tasarımcı/marka/stüdyo/üretici karışık)","Resmî public dizinden doğrulandı","needs_enrichment","blocked_until_enriched"
"Haute Boards","Hipicon","https://www.hipicon.com/tr-en/designers","Platform profili (tasarımcı/marka/stüdyo/üretici karışık)","Resmî public dizinden doğrulandı","needs_enrichment","blocked_until_enriched"
"HavCouture","Hipicon","https://www.hipicon.com/tr-en/designers","Platform profili (tasarımcı/marka/stüdyo/üretici karışık)","Resmî public dizinden doğrulandı","needs_enrichment","blocked_until_enriched"
"Havhav & Miyav","Hipicon","https://www.hipicon.com/tr-en/designers","Platform profili (tasarımcı/marka/stüdyo/üretici karışık)","Resmî public dizinden doğrulandı","needs_enrichment","blocked_until_enriched"
"Haypin Furniture","Hipicon","https://www.hipicon.com/tr-en/designers","Platform profili (tasarımcı/marka/stüdyo/üretici karışık)","Resmî public dizinden doğrulandı","needs_enrichment","blocked_until_enriched"
"Hayra Alamet Dükkan","Hipicon","https://www.hipicon.com/tr-en/designers","Platform profili (tasarımcı/marka/stüdyo/üretici karışık)","Resmî public dizinden doğrulandı","needs_enrichment","blocked_until_enriched"
"Hazal Taner Ceramics","Hipicon","https://www.hipicon.com/tr-en/designers","Platform profili (tasarımcı/marka/stüdyo/üretici karışık)","Resmî public dizinden doğrulandı","needs_enrichment","blocked_until_enriched"
"Heartish","Hipicon","https://www.hipicon.com/tr-en/designers","Platform profili (tasarımcı/marka/stüdyo/üretici karışık)","Resmî public dizinden doğrulandı","needs_enrichment","blocked_until_enriched"
"Heavenly, Practice.","Hipicon","https://www.hipicon.com/tr-en/designers","Platform profili (tasarımcı/marka/stüdyo/üretici karışık)","Resmî public dizinden doğrulandı","needs_enrichment","blocked_until_enriched"
"Heirloom","Hipicon","https://www.hipicon.com/tr-en/designers","Platform profili (tasarımcı/marka/stüdyo/üretici karışık)","Resmî public dizinden doğrulandı","needs_enrichment","blocked_until_enriched"
"Helal Merch","Hipicon","https://www.hipicon.com/tr-en/designers","Platform profili (tasarımcı/marka/stüdyo/üretici karışık)","Resmî public dizinden doğrulandı","needs_enrichment","blocked_until_enriched"
"Helen Co","Hipicon","https://www.hipicon.com/tr-en/designers","Platform profili (tasarımcı/marka/stüdyo/üretici karışık)","Resmî public dizinden doğrulandı","needs_enrichment","blocked_until_enriched"
"Helia Fabric","Hipicon","https://www.hipicon.com/tr-en/designers","Platform profili (tasarımcı/marka/stüdyo/üretici karışık)","Resmî public dizinden doğrulandı","needs_enrichment","blocked_until_enriched"
"Helin Aydogan","Hipicon","https://www.hipicon.com/tr-en/designers","Platform profili (tasarımcı/marka/stüdyo/üretici karışık)","Resmî public dizinden doğrulandı","needs_enrichment","blocked_until_enriched"
"Heliophilia","Hipicon","https://www.hipicon.com/tr-en/designers","Platform profili (tasarımcı/marka/stüdyo/üretici karışık)","Resmî public dizinden doğrulandı","needs_enrichment","blocked_until_enriched"
"Hello Donne","Hipicon","https://www.hipicon.com/tr-en/designers","Platform profili (tasarımcı/marka/stüdyo/üretici karışık)","Resmî public dizinden doğrulandı","needs_enrichment","blocked_until_enriched"
"Hello Soley","Hipicon","https://www.hipicon.com/tr-en/designers","Platform profili (tasarımcı/marka/stüdyo/üretici karışık)","Resmî public dizinden doğrulandı","needs_enrichment","blocked_until_enriched"
"Hello Stranger","Hipicon","https://www.hipicon.com/tr-en/designers","Platform profili (tasarımcı/marka/stüdyo/üretici karışık)","Resmî public dizinden doğrulandı","needs_enrichment","blocked_until_enriched"
"Hengo","Hipicon","https://www.hipicon.com/tr-en/designers","Platform profili (tasarımcı/marka/stüdyo/üretici karışık)","Resmî public dizinden doğrulandı","needs_enrichment","blocked_until_enriched"
"Hepha Home","Hipicon","https://www.hipicon.com/tr-en/designers","Platform profili (tasarımcı/marka/stüdyo/üretici karışık)","Resmî public dizinden doğrulandı","needs_enrichment","blocked_until_enriched"
"Hepio","Hipicon","https://www.hipicon.com/tr-en/designers","Platform profili (tasarımcı/marka/stüdyo/üretici karışık)","Resmî public dizinden doğrulandı","needs_enrichment","blocked_until_enriched"
"Herby","Hipicon","https://www.hipicon.com/tr-en/designers","Platform profili (tasarımcı/marka/stüdyo/üretici karışık)","Resmî public dizinden doğrulandı","needs_enrichment","blocked_until_enriched"
"Herfetch","Hipicon","https://www.hipicon.com/tr-en/designers","Platform profili (tasarımcı/marka/stüdyo/üretici karışık)","Resmî public dizinden doğrulandı","needs_enrichment","blocked_until_enriched"
"Hermann Bauer","Hipicon","https://www.hipicon.com/tr-en/designers","Platform profili (tasarımcı/marka/stüdyo/üretici karışık)","Resmî public dizinden doğrulandı","needs_enrichment","blocked_until_enriched"
"Hermann Club","Hipicon","https://www.hipicon.com/tr-en/designers","Platform profili (tasarımcı/marka/stüdyo/üretici karışık)","Resmî public dizinden doğrulandı","needs_enrichment","blocked_until_enriched"
"Hermhaus","Hipicon","https://www.hipicon.com/tr-en/designers","Platform profili (tasarımcı/marka/stüdyo/üretici karışık)","Resmî public dizinden doğrulandı","needs_enrichment","blocked_until_enriched"
"Hesperides Jewelry","Hipicon","https://www.hipicon.com/tr-en/designers","Platform profili (tasarımcı/marka/stüdyo/üretici karışık)","Resmî public dizinden doğrulandı","needs_enrichment","blocked_until_enriched"
"Heyb","Hipicon","https://www.hipicon.com/tr-en/designers","Platform profili (tasarımcı/marka/stüdyo/üretici karışık)","Resmî public dizinden doğrulandı","needs_enrichment","blocked_until_enriched"
"Heybes","Hipicon","https://www.hipicon.com/tr-en/designers","Platform profili (tasarımcı/marka/stüdyo/üretici karışık)","Resmî public dizinden doğrulandı","needs_enrichment","blocked_until_enriched"
"Hi Atölye","Hipicon","https://www.hipicon.com/tr-en/designers","Platform profili (tasarımcı/marka/stüdyo/üretici karışık)","Resmî public dizinden doğrulandı","needs_enrichment","blocked_until_enriched"
"Hi Little Things","Hipicon","https://www.hipicon.com/tr-en/designers","Platform profili (tasarımcı/marka/stüdyo/üretici karışık)","Resmî public dizinden doğrulandı","needs_enrichment","blocked_until_enriched"
"Hillora Cosmetics","Hipicon","https://www.hipicon.com/tr-en/designers","Platform profili (tasarımcı/marka/stüdyo/üretici karışık)","Resmî public dizinden doğrulandı","needs_enrichment","blocked_until_enriched"
"Himla","Hipicon","https://www.hipicon.com/tr-en/designers","Platform profili (tasarımcı/marka/stüdyo/üretici karışık)","Resmî public dizinden doğrulandı","needs_enrichment","blocked_until_enriched"
"Hip + Happen","Hipicon","https://www.hipicon.com/tr-en/designers","Platform profili (tasarımcı/marka/stüdyo/üretici karışık)","Resmî public dizinden doğrulandı","needs_enrichment","blocked_until_enriched"
"Hipicon","Hipicon","https://www.hipicon.com/tr-en/designers","Platform profili (tasarımcı/marka/stüdyo/üretici karışık)","Resmî public dizinden doğrulandı","needs_enrichment","blocked_until_enriched"
"Hipnotico","Hipicon","https://www.hipicon.com/tr-en/designers","Platform profili (tasarımcı/marka/stüdyo/üretici karışık)","Resmî public dizinden doğrulandı","needs_enrichment","blocked_until_enriched"
"Hippi","Hipicon","https://www.hipicon.com/tr-en/designers","Platform profili (tasarımcı/marka/stüdyo/üretici karışık)","Resmî public dizinden doğrulandı","needs_enrichment","blocked_until_enriched"
"His","Hipicon","https://www.hipicon.com/tr-en/designers","Platform profili (tasarımcı/marka/stüdyo/üretici karışık)","Resmî public dizinden doğrulandı","needs_enrichment","blocked_until_enriched"
"Hisli Şeyler","Hipicon","https://www.hipicon.com/tr-en/designers","Platform profili (tasarımcı/marka/stüdyo/üretici karışık)","Resmî public dizinden doğrulandı","needs_enrichment","blocked_until_enriched"
"Hitta Studio","Hipicon","https://www.hipicon.com/tr-en/designers","Platform profili (tasarımcı/marka/stüdyo/üretici karışık)","Resmî public dizinden doğrulandı","needs_enrichment","blocked_until_enriched"
"Hiç Ceramics","Hipicon","https://www.hipicon.com/tr-en/designers","Platform profili (tasarımcı/marka/stüdyo/üretici karışık)","Resmî public dizinden doğrulandı","needs_enrichment","blocked_until_enriched"
"Hodhi","Hipicon","https://www.hipicon.com/tr-en/designers","Platform profili (tasarımcı/marka/stüdyo/üretici karışık)","Resmî public dizinden doğrulandı","needs_enrichment","blocked_until_enriched"
"Hodja Jewellery","Hipicon","https://www.hipicon.com/tr-en/designers","Platform profili (tasarımcı/marka/stüdyo/üretici karışık)","Resmî public dizinden doğrulandı","needs_enrichment","blocked_until_enriched"
"Hokus Design","Hipicon","https://www.hipicon.com/tr-en/designers","Platform profili (tasarımcı/marka/stüdyo/üretici karışık)","Resmî public dizinden doğrulandı","needs_enrichment","blocked_until_enriched"
"Hollow Gallery","Hipicon","https://www.hipicon.com/tr-en/designers","Platform profili (tasarımcı/marka/stüdyo/üretici karışık)","Resmî public dizinden doğrulandı","needs_enrichment","blocked_until_enriched"
"Holo Toyz","Hipicon","https://www.hipicon.com/tr-en/designers","Platform profili (tasarımcı/marka/stüdyo/üretici karışık)","Resmî public dizinden doğrulandı","needs_enrichment","blocked_until_enriched"
"Home Essence","Hipicon","https://www.hipicon.com/tr-en/designers","Platform profili (tasarımcı/marka/stüdyo/üretici karışık)","Resmî public dizinden doğrulandı","needs_enrichment","blocked_until_enriched"
"Home and Rituals","Hipicon","https://www.hipicon.com/tr-en/designers","Platform profili (tasarımcı/marka/stüdyo/üretici karışık)","Resmî public dizinden doğrulandı","needs_enrichment","blocked_until_enriched"
"Home in Joy","Hipicon","https://www.hipicon.com/tr-en/designers","Platform profili (tasarımcı/marka/stüdyo/üretici karışık)","Resmî public dizinden doğrulandı","needs_enrichment","blocked_until_enriched"
"Homedius","Hipicon","https://www.hipicon.com/tr-en/designers","Platform profili (tasarımcı/marka/stüdyo/üretici karışık)","Resmî public dizinden doğrulandı","needs_enrichment","blocked_until_enriched"
"Homemade Aromaterapi","Hipicon","https://www.hipicon.com/tr-en/designers","Platform profili (tasarımcı/marka/stüdyo/üretici karışık)","Resmî public dizinden doğrulandı","needs_enrichment","blocked_until_enriched"
"Homiof","Hipicon","https://www.hipicon.com/tr-en/designers","Platform profili (tasarımcı/marka/stüdyo/üretici karışık)","Resmî public dizinden doğrulandı","needs_enrichment","blocked_until_enriched"
"Homy&Cozy","Hipicon","https://www.hipicon.com/tr-en/designers","Platform profili (tasarımcı/marka/stüdyo/üretici karışık)","Resmî public dizinden doğrulandı","needs_enrichment","blocked_until_enriched"
"Honnete","Hipicon","https://www.hipicon.com/tr-en/designers","Platform profili (tasarımcı/marka/stüdyo/üretici karışık)","Resmî public dizinden doğrulandı","needs_enrichment","blocked_until_enriched"
"Hook Up Pillow","Hipicon","https://www.hipicon.com/tr-en/designers","Platform profili (tasarımcı/marka/stüdyo/üretici karışık)","Resmî public dizinden doğrulandı","needs_enrichment","blocked_until_enriched"
"Hooland","Hipicon","https://www.hipicon.com/tr-en/designers","Platform profili (tasarımcı/marka/stüdyo/üretici karışık)","Resmî public dizinden doğrulandı","needs_enrichment","blocked_until_enriched"
"Hoom Concept","Hipicon","https://www.hipicon.com/tr-en/designers","Platform profili (tasarımcı/marka/stüdyo/üretici karışık)","Resmî public dizinden doğrulandı","needs_enrichment","blocked_until_enriched"
"Hooq Design","Hipicon","https://www.hipicon.com/tr-en/designers","Platform profili (tasarımcı/marka/stüdyo/üretici karışık)","Resmî public dizinden doğrulandı","needs_enrichment","blocked_until_enriched"
"Hoppies","Hipicon","https://www.hipicon.com/tr-en/designers","Platform profili (tasarımcı/marka/stüdyo/üretici karışık)","Resmî public dizinden doğrulandı","needs_enrichment","blocked_until_enriched"
"Houb Atelier","Hipicon","https://www.hipicon.com/tr-en/designers","Platform profili (tasarımcı/marka/stüdyo/üretici karışık)","Resmî public dizinden doğrulandı","needs_enrichment","blocked_until_enriched"
"Hound Coffee & Eatery","Hipicon","https://www.hipicon.com/tr-en/designers","Platform profili (tasarımcı/marka/stüdyo/üretici karışık)","Resmî public dizinden doğrulandı","needs_enrichment","blocked_until_enriched"
"Houps Store","Hipicon","https://www.hipicon.com/tr-en/designers","Platform profili (tasarımcı/marka/stüdyo/üretici karışık)","Resmî public dizinden doğrulandı","needs_enrichment","blocked_until_enriched"
"House Of Marley","Hipicon","https://www.hipicon.com/tr-en/designers","Platform profili (tasarımcı/marka/stüdyo/üretici karışık)","Resmî public dizinden doğrulandı","needs_enrichment","blocked_until_enriched"
"House of IKA","Hipicon","https://www.hipicon.com/tr-en/designers","Platform profili (tasarımcı/marka/stüdyo/üretici karışık)","Resmî public dizinden doğrulandı","needs_enrichment","blocked_until_enriched"
"House of Mare","Hipicon","https://www.hipicon.com/tr-en/designers","Platform profili (tasarımcı/marka/stüdyo/üretici karışık)","Resmî public dizinden doğrulandı","needs_enrichment","blocked_until_enriched"
"House of Mo","Hipicon","https://www.hipicon.com/tr-en/designers","Platform profili (tasarımcı/marka/stüdyo/üretici karışık)","Resmî public dizinden doğrulandı","needs_enrichment","blocked_until_enriched"
"House of Nine Muses","Hipicon","https://www.hipicon.com/tr-en/designers","Platform profili (tasarımcı/marka/stüdyo/üretici karışık)","Resmî public dizinden doğrulandı","needs_enrichment","blocked_until_enriched"
"HuHaa Design Store","Hipicon","https://www.hipicon.com/tr-en/designers","Platform profili (tasarımcı/marka/stüdyo/üretici karışık)","Resmî public dizinden doğrulandı","needs_enrichment","blocked_until_enriched"
"Huba Concept","Hipicon","https://www.hipicon.com/tr-en/designers","Platform profili (tasarımcı/marka/stüdyo/üretici karışık)","Resmî public dizinden doğrulandı","needs_enrichment","blocked_until_enriched"
"Hueppi","Hipicon","https://www.hipicon.com/tr-en/designers","Platform profili (tasarımcı/marka/stüdyo/üretici karışık)","Resmî public dizinden doğrulandı","needs_enrichment","blocked_until_enriched"
"Hug Atelier","Hipicon","https://www.hipicon.com/tr-en/designers","Platform profili (tasarımcı/marka/stüdyo/üretici karışık)","Resmî public dizinden doğrulandı","needs_enrichment","blocked_until_enriched"
"Hug the Moon","Hipicon","https://www.hipicon.com/tr-en/designers","Platform profili (tasarımcı/marka/stüdyo/üretici karışık)","Resmî public dizinden doğrulandı","needs_enrichment","blocked_until_enriched"
"Huglovekiss","Hipicon","https://www.hipicon.com/tr-en/designers","Platform profili (tasarımcı/marka/stüdyo/üretici karışık)","Resmî public dizinden doğrulandı","needs_enrichment","blocked_until_enriched"
"Huldras","Hipicon","https://www.hipicon.com/tr-en/designers","Platform profili (tasarımcı/marka/stüdyo/üretici karışık)","Resmî public dizinden doğrulandı","needs_enrichment","blocked_until_enriched"
"Hurraw","Hipicon","https://www.hipicon.com/tr-en/designers","Platform profili (tasarımcı/marka/stüdyo/üretici karışık)","Resmî public dizinden doğrulandı","needs_enrichment","blocked_until_enriched"
"Huskee.","Hipicon","https://www.hipicon.com/tr-en/designers","Platform profili (tasarımcı/marka/stüdyo/üretici karışık)","Resmî public dizinden doğrulandı","needs_enrichment","blocked_until_enriched"
"Husufi","Hipicon","https://www.hipicon.com/tr-en/designers","Platform profili (tasarımcı/marka/stüdyo/üretici karışık)","Resmî public dizinden doğrulandı","needs_enrichment","blocked_until_enriched"
"Hypet Fashion","Hipicon","https://www.hipicon.com/tr-en/designers","Platform profili (tasarımcı/marka/stüdyo/üretici karışık)","Resmî public dizinden doğrulandı","needs_enrichment","blocked_until_enriched"
"I Concept","Hipicon","https://www.hipicon.com/tr-en/designers","Platform profili (tasarımcı/marka/stüdyo/üretici karışık)","Resmî public dizinden doğrulandı","needs_enrichment","blocked_until_enriched"
"IL Fanale","Hipicon","https://www.hipicon.com/tr-en/designers","Platform profili (tasarımcı/marka/stüdyo/üretici karışık)","Resmî public dizinden doğrulandı","needs_enrichment","blocked_until_enriched"
"INO","Hipicon","https://www.hipicon.com/tr-en/designers","Platform profili (tasarımcı/marka/stüdyo/üretici karışık)","Resmî public dizinden doğrulandı","needs_enrichment","blocked_until_enriched"
"IXO","Hipicon","https://www.hipicon.com/tr-en/designers","Platform profili (tasarımcı/marka/stüdyo/üretici karışık)","Resmî public dizinden doğrulandı","needs_enrichment","blocked_until_enriched"
"Iberlamp","Hipicon","https://www.hipicon.com/tr-en/designers","Platform profili (tasarımcı/marka/stüdyo/üretici karışık)","Resmî public dizinden doğrulandı","needs_enrichment","blocked_until_enriched"
"Ichendorf Milano","Hipicon","https://www.hipicon.com/tr-en/designers","Platform profili (tasarımcı/marka/stüdyo/üretici karışık)","Resmî public dizinden doğrulandı","needs_enrichment","blocked_until_enriched"
"Icone","Hipicon","https://www.hipicon.com/tr-en/designers","Platform profili (tasarımcı/marka/stüdyo/üretici karışık)","Resmî public dizinden doğrulandı","needs_enrichment","blocked_until_enriched"
"Idea Toscana","Hipicon","https://www.hipicon.com/tr-en/designers","Platform profili (tasarımcı/marka/stüdyo/üretici karışık)","Resmî public dizinden doğrulandı","needs_enrichment","blocked_until_enriched"
"Idea-Wood","Hipicon","https://www.hipicon.com/tr-en/designers","Platform profili (tasarımcı/marka/stüdyo/üretici karışık)","Resmî public dizinden doğrulandı","needs_enrichment","blocked_until_enriched"
"Iglu Soft Play","Hipicon","https://www.hipicon.com/tr-en/designers","Platform profili (tasarımcı/marka/stüdyo/üretici karışık)","Resmî public dizinden doğrulandı","needs_enrichment","blocked_until_enriched"
"Iku Baby","Hipicon","https://www.hipicon.com/tr-en/designers","Platform profili (tasarımcı/marka/stüdyo/üretici karışık)","Resmî public dizinden doğrulandı","needs_enrichment","blocked_until_enriched"
"Ilana Living","Hipicon","https://www.hipicon.com/tr-en/designers","Platform profili (tasarımcı/marka/stüdyo/üretici karışık)","Resmî public dizinden doğrulandı","needs_enrichment","blocked_until_enriched"
"Ilia Brand","Hipicon","https://www.hipicon.com/tr-en/designers","Platform profili (tasarımcı/marka/stüdyo/üretici karışık)","Resmî public dizinden doğrulandı","needs_enrichment","blocked_until_enriched"
"Inch of Nature","Hipicon","https://www.hipicon.com/tr-en/designers","Platform profili (tasarımcı/marka/stüdyo/üretici karışık)","Resmî public dizinden doğrulandı","needs_enrichment","blocked_until_enriched"
"Inglesina","Hipicon","https://www.hipicon.com/tr-en/designers","Platform profili (tasarımcı/marka/stüdyo/üretici karışık)","Resmî public dizinden doğrulandı","needs_enrichment","blocked_until_enriched"
"Innature Home","Hipicon","https://www.hipicon.com/tr-en/designers","Platform profili (tasarımcı/marka/stüdyo/üretici karışık)","Resmî public dizinden doğrulandı","needs_enrichment","blocked_until_enriched"
"Interni","Hipicon","https://www.hipicon.com/tr-en/designers","Platform profili (tasarımcı/marka/stüdyo/üretici karışık)","Resmî public dizinden doğrulandı","needs_enrichment","blocked_until_enriched"
"Ion Province","Hipicon","https://www.hipicon.com/tr-en/designers","Platform profili (tasarımcı/marka/stüdyo/üretici karışık)","Resmî public dizinden doğrulandı","needs_enrichment","blocked_until_enriched"
"Iquoniq","Hipicon","https://www.hipicon.com/tr-en/designers","Platform profili (tasarımcı/marka/stüdyo/üretici karışık)","Resmî public dizinden doğrulandı","needs_enrichment","blocked_until_enriched"
"Iris The Brand","Hipicon","https://www.hipicon.com/tr-en/designers","Platform profili (tasarımcı/marka/stüdyo/üretici karışık)","Resmî public dizinden doğrulandı","needs_enrichment","blocked_until_enriched"
"Isolated People","Hipicon","https://www.hipicon.com/tr-en/designers","Platform profili (tasarımcı/marka/stüdyo/üretici karışık)","Resmî public dizinden doğrulandı","needs_enrichment","blocked_until_enriched"
"Isuwa","Hipicon","https://www.hipicon.com/tr-en/designers","Platform profili (tasarımcı/marka/stüdyo/üretici karışık)","Resmî public dizinden doğrulandı","needs_enrichment","blocked_until_enriched"
"Italamp","Hipicon","https://www.hipicon.com/tr-en/designers","Platform profili (tasarımcı/marka/stüdyo/üretici karışık)","Resmî public dizinden doğrulandı","needs_enrichment","blocked_until_enriched"
"Itsy Bitsy","Hipicon","https://www.hipicon.com/tr-en/designers","Platform profili (tasarımcı/marka/stüdyo/üretici karışık)","Resmî public dizinden doğrulandı","needs_enrichment","blocked_until_enriched"
"Ivy Prive","Hipicon","https://www.hipicon.com/tr-en/designers","Platform profili (tasarımcı/marka/stüdyo/üretici karışık)","Resmî public dizinden doğrulandı","needs_enrichment","blocked_until_enriched"
"Işın Nur Cicerali","Hipicon","https://www.hipicon.com/tr-en/designers","Platform profili (tasarımcı/marka/stüdyo/üretici karışık)","Resmî public dizinden doğrulandı","needs_enrichment","blocked_until_enriched"
"iRobot","Hipicon","https://www.hipicon.com/tr-en/designers","Platform profili (tasarımcı/marka/stüdyo/üretici karışık)","Resmî public dizinden doğrulandı","needs_enrichment","blocked_until_enriched"
"illustro","Hipicon","https://www.hipicon.com/tr-en/designers","Platform profili (tasarımcı/marka/stüdyo/üretici karışık)","Resmî public dizinden doğrulandı","needs_enrichment","blocked_until_enriched"
"ilo + friends","Hipicon","https://www.hipicon.com/tr-en/designers","Platform profili (tasarımcı/marka/stüdyo/üretici karışık)","Resmî public dizinden doğrulandı","needs_enrichment","blocked_until_enriched"
"inRobert","Hipicon","https://www.hipicon.com/tr-en/designers","Platform profili (tasarımcı/marka/stüdyo/üretici karışık)","Resmî public dizinden doğrulandı","needs_enrichment","blocked_until_enriched"
"itina.co","Hipicon","https://www.hipicon.com/tr-en/designers","Platform profili (tasarımcı/marka/stüdyo/üretici karışık)","Resmî public dizinden doğrulandı","needs_enrichment","blocked_until_enriched"
"İ-MeCe","Hipicon","https://www.hipicon.com/tr-en/designers","Platform profili (tasarımcı/marka/stüdyo/üretici karışık)","Resmî public dizinden doğrulandı","needs_enrichment","blocked_until_enriched"
"İiki Seramik","Hipicon","https://www.hipicon.com/tr-en/designers","Platform profili (tasarımcı/marka/stüdyo/üretici karışık)","Resmî public dizinden doğrulandı","needs_enrichment","blocked_until_enriched"
"İkbal Özpınar Glass Studio","Hipicon","https://www.hipicon.com/tr-en/designers","Platform profili (tasarımcı/marka/stüdyo/üretici karışık)","Resmî public dizinden doğrulandı","needs_enrichment","blocked_until_enriched"
"İkon Dizayn","Hipicon","https://www.hipicon.com/tr-en/designers","Platform profili (tasarımcı/marka/stüdyo/üretici karışık)","Resmî public dizinden doğrulandı","needs_enrichment","blocked_until_enriched"
"İladia","Hipicon","https://www.hipicon.com/tr-en/designers","Platform profili (tasarımcı/marka/stüdyo/üretici karışık)","Resmî public dizinden doğrulandı","needs_enrichment","blocked_until_enriched"
"İlitya Ceramics","Hipicon","https://www.hipicon.com/tr-en/designers","Platform profili (tasarımcı/marka/stüdyo/üretici karışık)","Resmî public dizinden doğrulandı","needs_enrichment","blocked_until_enriched"
"İnci Özayan","Hipicon","https://www.hipicon.com/tr-en/designers","Platform profili (tasarımcı/marka/stüdyo/üretici karışık)","Resmî public dizinden doğrulandı","needs_enrichment","blocked_until_enriched"
"İndafelhayat","Hipicon","https://www.hipicon.com/tr-en/designers","Platform profili (tasarımcı/marka/stüdyo/üretici karışık)","Resmî public dizinden doğrulandı","needs_enrichment","blocked_until_enriched"
"İodes","Hipicon","https://www.hipicon.com/tr-en/designers","Platform profili (tasarımcı/marka/stüdyo/üretici karışık)","Resmî public dizinden doğrulandı","needs_enrichment","blocked_until_enriched"
"İrem Karakaş Art","Hipicon","https://www.hipicon.com/tr-en/designers","Platform profili (tasarımcı/marka/stüdyo/üretici karışık)","Resmî public dizinden doğrulandı","needs_enrichment","blocked_until_enriched"
"İreçel","Hipicon","https://www.hipicon.com/tr-en/designers","Platform profili (tasarımcı/marka/stüdyo/üretici karışık)","Resmî public dizinden doğrulandı","needs_enrichment","blocked_until_enriched"
"İrya","Hipicon","https://www.hipicon.com/tr-en/designers","Platform profili (tasarımcı/marka/stüdyo/üretici karışık)","Resmî public dizinden doğrulandı","needs_enrichment","blocked_until_enriched"
"İyikafa","Hipicon","https://www.hipicon.com/tr-en/designers","Platform profili (tasarımcı/marka/stüdyo/üretici karışık)","Resmî public dizinden doğrulandı","needs_enrichment","blocked_until_enriched"
"İyu Seramik","Hipicon","https://www.hipicon.com/tr-en/designers","Platform profili (tasarımcı/marka/stüdyo/üretici karışık)","Resmî public dizinden doğrulandı","needs_enrichment","blocked_until_enriched"
"İz Jewel","Hipicon","https://www.hipicon.com/tr-en/designers","Platform profili (tasarımcı/marka/stüdyo/üretici karışık)","Resmî public dizinden doğrulandı","needs_enrichment","blocked_until_enriched"
"İzda Studio","Hipicon","https://www.hipicon.com/tr-en/designers","Platform profili (tasarımcı/marka/stüdyo/üretici karışık)","Resmî public dizinden doğrulandı","needs_enrichment","blocked_until_enriched"
"JOMO TASARIM","Hipicon","https://www.hipicon.com/tr-en/designers","Platform profili (tasarımcı/marka/stüdyo/üretici karışık)","Resmî public dizinden doğrulandı","needs_enrichment","blocked_until_enriched"
"JOZIP","Hipicon","https://www.hipicon.com/tr-en/designers","Platform profili (tasarımcı/marka/stüdyo/üretici karışık)","Resmî public dizinden doğrulandı","needs_enrichment","blocked_until_enriched"
"JUP","Hipicon","https://www.hipicon.com/tr-en/designers","Platform profili (tasarımcı/marka/stüdyo/üretici karışık)","Resmî public dizinden doğrulandı","needs_enrichment","blocked_until_enriched"
"JUSTWOOD","Hipicon","https://www.hipicon.com/tr-en/designers","Platform profili (tasarımcı/marka/stüdyo/üretici karışık)","Resmî public dizinden doğrulandı","needs_enrichment","blocked_until_enriched"
"Jada","Hipicon","https://www.hipicon.com/tr-en/designers","Platform profili (tasarımcı/marka/stüdyo/üretici karışık)","Resmî public dizinden doğrulandı","needs_enrichment","blocked_until_enriched"
"Jade and Mate","Hipicon","https://www.hipicon.com/tr-en/designers","Platform profili (tasarımcı/marka/stüdyo/üretici karışık)","Resmî public dizinden doğrulandı","needs_enrichment","blocked_until_enriched"
"Jannan's Workshop","Hipicon","https://www.hipicon.com/tr-en/designers","Platform profili (tasarımcı/marka/stüdyo/üretici karışık)","Resmî public dizinden doğrulandı","needs_enrichment","blocked_until_enriched"
"Januis Jewelry","Hipicon","https://www.hipicon.com/tr-en/designers","Platform profili (tasarımcı/marka/stüdyo/üretici karışık)","Resmî public dizinden doğrulandı","needs_enrichment","blocked_until_enriched"
"Jaq Official","Hipicon","https://www.hipicon.com/tr-en/designers","Platform profili (tasarımcı/marka/stüdyo/üretici karışık)","Resmî public dizinden doğrulandı","needs_enrichment","blocked_until_enriched"
"Jardin Du Soleil","Hipicon","https://www.hipicon.com/tr-en/designers","Platform profili (tasarımcı/marka/stüdyo/üretici karışık)","Resmî public dizinden doğrulandı","needs_enrichment","blocked_until_enriched"
"Jasu Design","Hipicon","https://www.hipicon.com/tr-en/designers","Platform profili (tasarımcı/marka/stüdyo/üretici karışık)","Resmî public dizinden doğrulandı","needs_enrichment","blocked_until_enriched"
"JayJayJumpie","Hipicon","https://www.hipicon.com/tr-en/designers","Platform profili (tasarımcı/marka/stüdyo/üretici karışık)","Resmî public dizinden doğrulandı","needs_enrichment","blocked_until_enriched"
"Je Te Veux","Hipicon","https://www.hipicon.com/tr-en/designers","Platform profili (tasarımcı/marka/stüdyo/üretici karışık)","Resmî public dizinden doğrulandı","needs_enrichment","blocked_until_enriched"
"Jecmuse","Hipicon","https://www.hipicon.com/tr-en/designers","Platform profili (tasarımcı/marka/stüdyo/üretici karışık)","Resmî public dizinden doğrulandı","needs_enrichment","blocked_until_enriched"
"Jeloux Beauty","Hipicon","https://www.hipicon.com/tr-en/designers","Platform profili (tasarımcı/marka/stüdyo/üretici karışık)","Resmî public dizinden doğrulandı","needs_enrichment","blocked_until_enriched"
"Jendue","Hipicon","https://www.hipicon.com/tr-en/designers","Platform profili (tasarımcı/marka/stüdyo/üretici karışık)","Resmî public dizinden doğrulandı","needs_enrichment","blocked_until_enriched"
"Jerf","Hipicon","https://www.hipicon.com/tr-en/designers","Platform profili (tasarımcı/marka/stüdyo/üretici karışık)","Resmî public dizinden doğrulandı","needs_enrichment","blocked_until_enriched"
"Jobonel","Hipicon","https://www.hipicon.com/tr-en/designers","Platform profili (tasarımcı/marka/stüdyo/üretici karışık)","Resmî public dizinden doğrulandı","needs_enrichment","blocked_until_enriched"
"Jocosa","Hipicon","https://www.hipicon.com/tr-en/designers","Platform profili (tasarımcı/marka/stüdyo/üretici karışık)","Resmî public dizinden doğrulandı","needs_enrichment","blocked_until_enriched"
"Joila Foods","Hipicon","https://www.hipicon.com/tr-en/designers","Platform profili (tasarımcı/marka/stüdyo/üretici karışık)","Resmî public dizinden doğrulandı","needs_enrichment","blocked_until_enriched"
"Jojomia","Hipicon","https://www.hipicon.com/tr-en/designers","Platform profili (tasarımcı/marka/stüdyo/üretici karışık)","Resmî public dizinden doğrulandı","needs_enrichment","blocked_until_enriched"
"Jorah Closet","Hipicon","https://www.hipicon.com/tr-en/designers","Platform profili (tasarımcı/marka/stüdyo/üretici karışık)","Resmî public dizinden doğrulandı","needs_enrichment","blocked_until_enriched"
"Jorgobe","Hipicon","https://www.hipicon.com/tr-en/designers","Platform profili (tasarımcı/marka/stüdyo/üretici karışık)","Resmî public dizinden doğrulandı","needs_enrichment","blocked_until_enriched"
"Jose Bermel","Hipicon","https://www.hipicon.com/tr-en/designers","Platform profili (tasarımcı/marka/stüdyo/üretici karışık)","Resmî public dizinden doğrulandı","needs_enrichment","blocked_until_enriched"
"Jou Jou Toys","Hipicon","https://www.hipicon.com/tr-en/designers","Platform profili (tasarımcı/marka/stüdyo/üretici karışık)","Resmî public dizinden doğrulandı","needs_enrichment","blocked_until_enriched"
"Journ","Hipicon","https://www.hipicon.com/tr-en/designers","Platform profili (tasarımcı/marka/stüdyo/üretici karışık)","Resmî public dizinden doğrulandı","needs_enrichment","blocked_until_enriched"
"Joy-es","Hipicon","https://www.hipicon.com/tr-en/designers","Platform profili (tasarımcı/marka/stüdyo/üretici karışık)","Resmî public dizinden doğrulandı","needs_enrichment","blocked_until_enriched"
"JoyNest","Hipicon","https://www.hipicon.com/tr-en/designers","Platform profili (tasarımcı/marka/stüdyo/üretici karışık)","Resmî public dizinden doğrulandı","needs_enrichment","blocked_until_enriched"
"Joyso","Hipicon","https://www.hipicon.com/tr-en/designers","Platform profili (tasarımcı/marka/stüdyo/üretici karışık)","Resmî public dizinden doğrulandı","needs_enrichment","blocked_until_enriched"
"Ju Design Works","Hipicon","https://www.hipicon.com/tr-en/designers","Platform profili (tasarımcı/marka/stüdyo/üretici karışık)","Resmî public dizinden doğrulandı","needs_enrichment","blocked_until_enriched"
"Jujuandbalim","Hipicon","https://www.hipicon.com/tr-en/designers","Platform profili (tasarımcı/marka/stüdyo/üretici karışık)","Resmî public dizinden doğrulandı","needs_enrichment","blocked_until_enriched"
"Juliette Artisan Chocolatier","Hipicon","https://www.hipicon.com/tr-en/designers","Platform profili (tasarımcı/marka/stüdyo/üretici karışık)","Resmî public dizinden doğrulandı","needs_enrichment","blocked_until_enriched"
"Jull Home","Hipicon","https://www.hipicon.com/tr-en/designers","Platform profili (tasarımcı/marka/stüdyo/üretici karışık)","Resmî public dizinden doğrulandı","needs_enrichment","blocked_until_enriched"
"Jun Objects","Hipicon","https://www.hipicon.com/tr-en/designers","Platform profili (tasarımcı/marka/stüdyo/üretici karışık)","Resmî public dizinden doğrulandı","needs_enrichment","blocked_until_enriched"
"Jungolica Pet Products","Hipicon","https://www.hipicon.com/tr-en/designers","Platform profili (tasarımcı/marka/stüdyo/üretici karışık)","Resmî public dizinden doğrulandı","needs_enrichment","blocked_until_enriched"
"Junibed","Hipicon","https://www.hipicon.com/tr-en/designers","Platform profili (tasarımcı/marka/stüdyo/üretici karışık)","Resmî public dizinden doğrulandı","needs_enrichment","blocked_until_enriched"
"Junk.","Hipicon","https://www.hipicon.com/tr-en/designers","Platform profili (tasarımcı/marka/stüdyo/üretici karışık)","Resmî public dizinden doğrulandı","needs_enrichment","blocked_until_enriched"
"Juste","Hipicon","https://www.hipicon.com/tr-en/designers","Platform profili (tasarımcı/marka/stüdyo/üretici karışık)","Resmî public dizinden doğrulandı","needs_enrichment","blocked_until_enriched"
"Jüppo","Hipicon","https://www.hipicon.com/tr-en/designers","Platform profili (tasarımcı/marka/stüdyo/üretici karışık)","Resmî public dizinden doğrulandı","needs_enrichment","blocked_until_enriched"
"30 Kağıt İşleri","Hipicon","https://www.hipicon.com/tr-en/designers","Platform profili (tasarımcı/marka/stüdyo/üretici karışık)","Resmî public dizinden doğrulandı","needs_enrichment","blocked_until_enriched"
"K-ANDLE","Hipicon","https://www.hipicon.com/tr-en/designers","Platform profili (tasarımcı/marka/stüdyo/üretici karışık)","Resmî public dizinden doğrulandı","needs_enrichment","blocked_until_enriched"
"KAO Collection","Hipicon","https://www.hipicon.com/tr-en/designers","Platform profili (tasarımcı/marka/stüdyo/üretici karışık)","Resmî public dizinden doğrulandı","needs_enrichment","blocked_until_enriched"
"KAVA Coffee Roasting","Hipicon","https://www.hipicon.com/tr-en/designers","Platform profili (tasarımcı/marka/stüdyo/üretici karışık)","Resmî public dizinden doğrulandı","needs_enrichment","blocked_until_enriched"
"KAYIGO","Hipicon","https://www.hipicon.com/tr-en/designers","Platform profili (tasarımcı/marka/stüdyo/üretici karışık)","Resmî public dizinden doğrulandı","needs_enrichment","blocked_until_enriched"
"KHIERA","Hipicon","https://www.hipicon.com/tr-en/designers","Platform profili (tasarımcı/marka/stüdyo/üretici karışık)","Resmî public dizinden doğrulandı","needs_enrichment","blocked_until_enriched"
"KK Scale","Hipicon","https://www.hipicon.com/tr-en/designers","Platform profili (tasarımcı/marka/stüdyo/üretici karışık)","Resmî public dizinden doğrulandı","needs_enrichment","blocked_until_enriched"
"KRN Design Studio","Hipicon","https://www.hipicon.com/tr-en/designers","Platform profili (tasarımcı/marka/stüdyo/üretici karışık)","Resmî public dizinden doğrulandı","needs_enrichment","blocked_until_enriched"
"KUC","Hipicon","https://www.hipicon.com/tr-en/designers","Platform profili (tasarımcı/marka/stüdyo/üretici karışık)","Resmî public dizinden doğrulandı","needs_enrichment","blocked_until_enriched"
"KUNT’in","Hipicon","https://www.hipicon.com/tr-en/designers","Platform profili (tasarımcı/marka/stüdyo/üretici karışık)","Resmî public dizinden doğrulandı","needs_enrichment","blocked_until_enriched"
"KYS Tasarım","Hipicon","https://www.hipicon.com/tr-en/designers","Platform profili (tasarımcı/marka/stüdyo/üretici karışık)","Resmî public dizinden doğrulandı","needs_enrichment","blocked_until_enriched"
"Kaase Atelier","Hipicon","https://www.hipicon.com/tr-en/designers","Platform profili (tasarımcı/marka/stüdyo/üretici karışık)","Resmî public dizinden doğrulandı","needs_enrichment","blocked_until_enriched"
"Kabuk Woodworks","Hipicon","https://www.hipicon.com/tr-en/designers","Platform profili (tasarımcı/marka/stüdyo/üretici karışık)","Resmî public dizinden doğrulandı","needs_enrichment","blocked_until_enriched"
"Kadawanti","Hipicon","https://www.hipicon.com/tr-en/designers","Platform profili (tasarımcı/marka/stüdyo/üretici karışık)","Resmî public dizinden doğrulandı","needs_enrichment","blocked_until_enriched"
"Kaddes Design","Hipicon","https://www.hipicon.com/tr-en/designers","Platform profili (tasarımcı/marka/stüdyo/üretici karışık)","Resmî public dizinden doğrulandı","needs_enrichment","blocked_until_enriched"
"Kadriye Camcı","Hipicon","https://www.hipicon.com/tr-en/designers","Platform profili (tasarımcı/marka/stüdyo/üretici karışık)","Resmî public dizinden doğrulandı","needs_enrichment","blocked_until_enriched"
"Kafa Dükkan","Hipicon","https://www.hipicon.com/tr-en/designers","Platform profili (tasarımcı/marka/stüdyo/üretici karışık)","Resmî public dizinden doğrulandı","needs_enrichment","blocked_until_enriched"
"Kahshan","Hipicon","https://www.hipicon.com/tr-en/designers","Platform profili (tasarımcı/marka/stüdyo/üretici karışık)","Resmî public dizinden doğrulandı","needs_enrichment","blocked_until_enriched"
"Kahu Naturals","Hipicon","https://www.hipicon.com/tr-en/designers","Platform profili (tasarımcı/marka/stüdyo/üretici karışık)","Resmî public dizinden doğrulandı","needs_enrichment","blocked_until_enriched"
"Kai & Vrosi","Hipicon","https://www.hipicon.com/tr-en/designers","Platform profili (tasarımcı/marka/stüdyo/üretici karışık)","Resmî public dizinden doğrulandı","needs_enrichment","blocked_until_enriched"
"Kaia Blythe","Hipicon","https://www.hipicon.com/tr-en/designers","Platform profili (tasarımcı/marka/stüdyo/üretici karışık)","Resmî public dizinden doğrulandı","needs_enrichment","blocked_until_enriched"
"Kaia Studio","Hipicon","https://www.hipicon.com/tr-en/designers","Platform profili (tasarımcı/marka/stüdyo/üretici karışık)","Resmî public dizinden doğrulandı","needs_enrichment","blocked_until_enriched"
"Kakuba Sisters","Hipicon","https://www.hipicon.com/tr-en/designers","Platform profili (tasarımcı/marka/stüdyo/üretici karışık)","Resmî public dizinden doğrulandı","needs_enrichment","blocked_until_enriched"
"Kalenn","Hipicon","https://www.hipicon.com/tr-en/designers","Platform profili (tasarımcı/marka/stüdyo/üretici karışık)","Resmî public dizinden doğrulandı","needs_enrichment","blocked_until_enriched"
"Kalipso","Hipicon","https://www.hipicon.com/tr-en/designers","Platform profili (tasarımcı/marka/stüdyo/üretici karışık)","Resmî public dizinden doğrulandı","needs_enrichment","blocked_until_enriched"
"Kallen Stockholm","Hipicon","https://www.hipicon.com/tr-en/designers","Platform profili (tasarımcı/marka/stüdyo/üretici karışık)","Resmî public dizinden doğrulandı","needs_enrichment","blocked_until_enriched"
"Kamp Ayısı","Hipicon","https://www.hipicon.com/tr-en/designers","Platform profili (tasarımcı/marka/stüdyo/üretici karışık)","Resmî public dizinden doğrulandı","needs_enrichment","blocked_until_enriched"
"Kanna Design Studio","Hipicon","https://www.hipicon.com/tr-en/designers","Platform profili (tasarımcı/marka/stüdyo/üretici karışık)","Resmî public dizinden doğrulandı","needs_enrichment","blocked_until_enriched"
"Kapka","Hipicon","https://www.hipicon.com/tr-en/designers","Platform profili (tasarımcı/marka/stüdyo/üretici karışık)","Resmî public dizinden doğrulandı","needs_enrichment","blocked_until_enriched"
"Kara Vox","Hipicon","https://www.hipicon.com/tr-en/designers","Platform profili (tasarımcı/marka/stüdyo/üretici karışık)","Resmî public dizinden doğrulandı","needs_enrichment","blocked_until_enriched"
"Karamandji","Hipicon","https://www.hipicon.com/tr-en/designers","Platform profili (tasarımcı/marka/stüdyo/üretici karışık)","Resmî public dizinden doğrulandı","needs_enrichment","blocked_until_enriched"
"Karatis","Hipicon","https://www.hipicon.com/tr-en/designers","Platform profili (tasarımcı/marka/stüdyo/üretici karışık)","Resmî public dizinden doğrulandı","needs_enrichment","blocked_until_enriched"
"Kardia Olive Oil","Hipicon","https://www.hipicon.com/tr-en/designers","Platform profili (tasarımcı/marka/stüdyo/üretici karışık)","Resmî public dizinden doğrulandı","needs_enrichment","blocked_until_enriched"
"Karma","Hipicon","https://www.hipicon.com/tr-en/designers","Platform profili (tasarımcı/marka/stüdyo/üretici karışık)","Resmî public dizinden doğrulandı","needs_enrichment","blocked_until_enriched"
"Karo Design","Hipicon","https://www.hipicon.com/tr-en/designers","Platform profili (tasarımcı/marka/stüdyo/üretici karışık)","Resmî public dizinden doğrulandı","needs_enrichment","blocked_until_enriched"
"Karrla","Hipicon","https://www.hipicon.com/tr-en/designers","Platform profili (tasarımcı/marka/stüdyo/üretici karışık)","Resmî public dizinden doğrulandı","needs_enrichment","blocked_until_enriched"
"Kastra","Hipicon","https://www.hipicon.com/tr-en/designers","Platform profili (tasarımcı/marka/stüdyo/üretici karışık)","Resmî public dizinden doğrulandı","needs_enrichment","blocked_until_enriched"
"Katilya","Hipicon","https://www.hipicon.com/tr-en/designers","Platform profili (tasarımcı/marka/stüdyo/üretici karışık)","Resmî public dizinden doğrulandı","needs_enrichment","blocked_until_enriched"
"Katman","Hipicon","https://www.hipicon.com/tr-en/designers","Platform profili (tasarımcı/marka/stüdyo/üretici karışık)","Resmî public dizinden doğrulandı","needs_enrichment","blocked_until_enriched"
"Kausi Atelier","Hipicon","https://www.hipicon.com/tr-en/designers","Platform profili (tasarımcı/marka/stüdyo/üretici karışık)","Resmî public dizinden doğrulandı","needs_enrichment","blocked_until_enriched"
"Kavi Living","Hipicon","https://www.hipicon.com/tr-en/designers","Platform profili (tasarımcı/marka/stüdyo/üretici karışık)","Resmî public dizinden doğrulandı","needs_enrichment","blocked_until_enriched"
"Kazoo","Hipicon","https://www.hipicon.com/tr-en/designers","Platform profili (tasarımcı/marka/stüdyo/üretici karışık)","Resmî public dizinden doğrulandı","needs_enrichment","blocked_until_enriched"
"Kcteye Studio","Hipicon","https://www.hipicon.com/tr-en/designers","Platform profili (tasarımcı/marka/stüdyo/üretici karışık)","Resmî public dizinden doğrulandı","needs_enrichment","blocked_until_enriched"
"Keeya İstanbul","Hipicon","https://www.hipicon.com/tr-en/designers","Platform profili (tasarımcı/marka/stüdyo/üretici karışık)","Resmî public dizinden doğrulandı","needs_enrichment","blocked_until_enriched"
"Kesb Design","Hipicon","https://www.hipicon.com/tr-en/designers","Platform profili (tasarımcı/marka/stüdyo/üretici karışık)","Resmî public dizinden doğrulandı","needs_enrichment","blocked_until_enriched"
"Key Designed","Hipicon","https://www.hipicon.com/tr-en/designers","Platform profili (tasarımcı/marka/stüdyo/üretici karışık)","Resmî public dizinden doğrulandı","needs_enrichment","blocked_until_enriched"
"Khilios","Hipicon","https://www.hipicon.com/tr-en/designers","Platform profili (tasarımcı/marka/stüdyo/üretici karışık)","Resmî public dizinden doğrulandı","needs_enrichment","blocked_until_enriched"
"Ki Studio Co","Hipicon","https://www.hipicon.com/tr-en/designers","Platform profili (tasarımcı/marka/stüdyo/üretici karışık)","Resmî public dizinden doğrulandı","needs_enrichment","blocked_until_enriched"
"KiaraFeel","Hipicon","https://www.hipicon.com/tr-en/designers","Platform profili (tasarımcı/marka/stüdyo/üretici karışık)","Resmî public dizinden doğrulandı","needs_enrichment","blocked_until_enriched"
"Kid diverse","Hipicon","https://www.hipicon.com/tr-en/designers","Platform profili (tasarımcı/marka/stüdyo/üretici karışık)","Resmî public dizinden doğrulandı","needs_enrichment","blocked_until_enriched"
"Kidful","Hipicon","https://www.hipicon.com/tr-en/designers","Platform profili (tasarımcı/marka/stüdyo/üretici karışık)","Resmî public dizinden doğrulandı","needs_enrichment","blocked_until_enriched"
"Kiiro","Hipicon","https://www.hipicon.com/tr-en/designers","Platform profili (tasarımcı/marka/stüdyo/üretici karışık)","Resmî public dizinden doğrulandı","needs_enrichment","blocked_until_enriched"
"Kiki's Ceramic","Hipicon","https://www.hipicon.com/tr-en/designers","Platform profili (tasarımcı/marka/stüdyo/üretici karışık)","Resmî public dizinden doğrulandı","needs_enrichment","blocked_until_enriched"
"Kikkerland","Hipicon","https://www.hipicon.com/tr-en/designers","Platform profili (tasarımcı/marka/stüdyo/üretici karışık)","Resmî public dizinden doğrulandı","needs_enrichment","blocked_until_enriched"
"Kiklou","Hipicon","https://www.hipicon.com/tr-en/designers","Platform profili (tasarımcı/marka/stüdyo/üretici karışık)","Resmî public dizinden doğrulandı","needs_enrichment","blocked_until_enriched"
"Kile Ceramic","Hipicon","https://www.hipicon.com/tr-en/designers","Platform profili (tasarımcı/marka/stüdyo/üretici karışık)","Resmî public dizinden doğrulandı","needs_enrichment","blocked_until_enriched"
"KilimCo.","Hipicon","https://www.hipicon.com/tr-en/designers","Platform profili (tasarımcı/marka/stüdyo/üretici karışık)","Resmî public dizinden doğrulandı","needs_enrichment","blocked_until_enriched"
"Kilya Aromatherapy","Hipicon","https://www.hipicon.com/tr-en/designers","Platform profili (tasarımcı/marka/stüdyo/üretici karışık)","Resmî public dizinden doğrulandı","needs_enrichment","blocked_until_enriched"
"Kimi by Öykü Kaya","Hipicon","https://www.hipicon.com/tr-en/designers","Platform profili (tasarımcı/marka/stüdyo/üretici karışık)","Resmî public dizinden doğrulandı","needs_enrichment","blocked_until_enriched"
"Kind Cooky","Hipicon","https://www.hipicon.com/tr-en/designers","Platform profili (tasarımcı/marka/stüdyo/üretici karışık)","Resmî public dizinden doğrulandı","needs_enrichment","blocked_until_enriched"
"Kinderbow","Hipicon","https://www.hipicon.com/tr-en/designers","Platform profili (tasarımcı/marka/stüdyo/üretici karışık)","Resmî public dizinden doğrulandı","needs_enrichment","blocked_until_enriched"
"Kinds Decor","Hipicon","https://www.hipicon.com/tr-en/designers","Platform profili (tasarımcı/marka/stüdyo/üretici karışık)","Resmî public dizinden doğrulandı","needs_enrichment","blocked_until_enriched"
"King Zoo","Hipicon","https://www.hipicon.com/tr-en/designers","Platform profili (tasarımcı/marka/stüdyo/üretici karışık)","Resmî public dizinden doğrulandı","needs_enrichment","blocked_until_enriched"
"Kisu","Hipicon","https://www.hipicon.com/tr-en/designers","Platform profili (tasarımcı/marka/stüdyo/üretici karışık)","Resmî public dizinden doğrulandı","needs_enrichment","blocked_until_enriched"
"Kle Studio","Hipicon","https://www.hipicon.com/tr-en/designers","Platform profili (tasarımcı/marka/stüdyo/üretici karışık)","Resmî public dizinden doğrulandı","needs_enrichment","blocked_until_enriched"
"Klevering Amsterdam","Hipicon","https://www.hipicon.com/tr-en/designers","Platform profili (tasarımcı/marka/stüdyo/üretici karışık)","Resmî public dizinden doğrulandı","needs_enrichment","blocked_until_enriched"
"Km Home Collection","Hipicon","https://www.hipicon.com/tr-en/designers","Platform profili (tasarımcı/marka/stüdyo/üretici karışık)","Resmî public dizinden doğrulandı","needs_enrichment","blocked_until_enriched"
"Knitly Studio","Hipicon","https://www.hipicon.com/tr-en/designers","Platform profili (tasarımcı/marka/stüdyo/üretici karışık)","Resmî public dizinden doğrulandı","needs_enrichment","blocked_until_enriched"
"Knock Knock","Hipicon","https://www.hipicon.com/tr-en/designers","Platform profili (tasarımcı/marka/stüdyo/üretici karışık)","Resmî public dizinden doğrulandı","needs_enrichment","blocked_until_enriched"
"Kntlgy","Hipicon","https://www.hipicon.com/tr-en/designers","Platform profili (tasarımcı/marka/stüdyo/üretici karışık)","Resmî public dizinden doğrulandı","needs_enrichment","blocked_until_enriched"
"Kofre Exclusive","Hipicon","https://www.hipicon.com/tr-en/designers","Platform profili (tasarımcı/marka/stüdyo/üretici karışık)","Resmî public dizinden doğrulandı","needs_enrichment","blocked_until_enriched"
"Koi People","Hipicon","https://www.hipicon.com/tr-en/designers","Platform profili (tasarımcı/marka/stüdyo/üretici karışık)","Resmî public dizinden doğrulandı","needs_enrichment","blocked_until_enriched"
"Kokorodeco","Hipicon","https://www.hipicon.com/tr-en/designers","Platform profili (tasarımcı/marka/stüdyo/üretici karışık)","Resmî public dizinden doğrulandı","needs_enrichment","blocked_until_enriched"
"Komono","Hipicon","https://www.hipicon.com/tr-en/designers","Platform profili (tasarımcı/marka/stüdyo/üretici karışık)","Resmî public dizinden doğrulandı","needs_enrichment","blocked_until_enriched"
"Konuşmamız Gereken Şeyler","Hipicon","https://www.hipicon.com/tr-en/designers","Platform profili (tasarımcı/marka/stüdyo/üretici karışık)","Resmî public dizinden doğrulandı","needs_enrichment","blocked_until_enriched"
"KoolSeed","Hipicon","https://www.hipicon.com/tr-en/designers","Platform profili (tasarımcı/marka/stüdyo/üretici karışık)","Resmî public dizinden doğrulandı","needs_enrichment","blocked_until_enriched"
"Kootnu","Hipicon","https://www.hipicon.com/tr-en/designers","Platform profili (tasarımcı/marka/stüdyo/üretici karışık)","Resmî public dizinden doğrulandı","needs_enrichment","blocked_until_enriched"
"Kos Living","Hipicon","https://www.hipicon.com/tr-en/designers","Platform profili (tasarımcı/marka/stüdyo/üretici karışık)","Resmî public dizinden doğrulandı","needs_enrichment","blocked_until_enriched"
"Koza Home","Hipicon","https://www.hipicon.com/tr-en/designers","Platform profili (tasarımcı/marka/stüdyo/üretici karışık)","Resmî public dizinden doğrulandı","needs_enrichment","blocked_until_enriched"
"Kozmos","Hipicon","https://www.hipicon.com/tr-en/designers","Platform profili (tasarımcı/marka/stüdyo/üretici karışık)","Resmî public dizinden doğrulandı","needs_enrichment","blocked_until_enriched"
"Krea Atelier","Hipicon","https://www.hipicon.com/tr-en/designers","Platform profili (tasarımcı/marka/stüdyo/üretici karışık)","Resmî public dizinden doğrulandı","needs_enrichment","blocked_until_enriched"
"Krea The Label","Hipicon","https://www.hipicon.com/tr-en/designers","Platform profili (tasarımcı/marka/stüdyo/üretici karışık)","Resmî public dizinden doğrulandı","needs_enrichment","blocked_until_enriched"
"Krevart","Hipicon","https://www.hipicon.com/tr-en/designers","Platform profili (tasarımcı/marka/stüdyo/üretici karışık)","Resmî public dizinden doğrulandı","needs_enrichment","blocked_until_enriched"
"Krijen","Hipicon","https://www.hipicon.com/tr-en/designers","Platform profili (tasarımcı/marka/stüdyo/üretici karışık)","Resmî public dizinden doğrulandı","needs_enrichment","blocked_until_enriched"
"Kromev","Hipicon","https://www.hipicon.com/tr-en/designers","Platform profili (tasarımcı/marka/stüdyo/üretici karışık)","Resmî public dizinden doğrulandı","needs_enrichment","blocked_until_enriched"
"Kudra Cilt Besinleri","Hipicon","https://www.hipicon.com/tr-en/designers","Platform profili (tasarımcı/marka/stüdyo/üretici karışık)","Resmî public dizinden doğrulandı","needs_enrichment","blocked_until_enriched"
"Kue Olive Oil","Hipicon","https://www.hipicon.com/tr-en/designers","Platform profili (tasarımcı/marka/stüdyo/üretici karışık)","Resmî public dizinden doğrulandı","needs_enrichment","blocked_until_enriched"
"Kukita Baby","Hipicon","https://www.hipicon.com/tr-en/designers","Platform profili (tasarımcı/marka/stüdyo/üretici karışık)","Resmî public dizinden doğrulandı","needs_enrichment","blocked_until_enriched"
"Kupia","Hipicon","https://www.hipicon.com/tr-en/designers","Platform profili (tasarımcı/marka/stüdyo/üretici karışık)","Resmî public dizinden doğrulandı","needs_enrichment","blocked_until_enriched"
"Kut Studio","Hipicon","https://www.hipicon.com/tr-en/designers","Platform profili (tasarımcı/marka/stüdyo/üretici karışık)","Resmî public dizinden doğrulandı","needs_enrichment","blocked_until_enriched"
"Kyphi Natural","Hipicon","https://www.hipicon.com/tr-en/designers","Platform profili (tasarımcı/marka/stüdyo/üretici karışık)","Resmî public dizinden doğrulandı","needs_enrichment","blocked_until_enriched"
"Kızılkarakovan Studio","Hipicon","https://www.hipicon.com/tr-en/designers","Platform profili (tasarımcı/marka/stüdyo/üretici karışık)","Resmî public dizinden doğrulandı","needs_enrichment","blocked_until_enriched"
"kajuland","Hipicon","https://www.hipicon.com/tr-en/designers","Platform profili (tasarımcı/marka/stüdyo/üretici karışık)","Resmî public dizinden doğrulandı","needs_enrichment","blocked_until_enriched"
"kartonstudio","Hipicon","https://www.hipicon.com/tr-en/designers","Platform profili (tasarımcı/marka/stüdyo/üretici karışık)","Resmî public dizinden doğrulandı","needs_enrichment","blocked_until_enriched"
"1984 Leather Goods","Hipicon","https://www.hipicon.com/tr-en/designers","Platform profili (tasarımcı/marka/stüdyo/üretici karışık)","Resmî public dizinden doğrulandı","needs_enrichment","blocked_until_enriched"
"5lamp Design","Hipicon","https://www.hipicon.com/tr-en/designers","Platform profili (tasarımcı/marka/stüdyo/üretici karışık)","Resmî public dizinden doğrulandı","needs_enrichment","blocked_until_enriched"
"602Lab","Hipicon","https://www.hipicon.com/tr-en/designers","Platform profili (tasarımcı/marka/stüdyo/üretici karışık)","Resmî public dizinden doğrulandı","needs_enrichment","blocked_until_enriched"
"L'Atelier des Perles","Hipicon","https://www.hipicon.com/tr-en/designers","Platform profili (tasarımcı/marka/stüdyo/üretici karışık)","Resmî public dizinden doğrulandı","needs_enrichment","blocked_until_enriched"
"L'Obscure Clarte","Hipicon","https://www.hipicon.com/tr-en/designers","Platform profili (tasarımcı/marka/stüdyo/üretici karışık)","Resmî public dizinden doğrulandı","needs_enrichment","blocked_until_enriched"
"L'ajor","Hipicon","https://www.hipicon.com/tr-en/designers","Platform profili (tasarımcı/marka/stüdyo/üretici karışık)","Resmî public dizinden doğrulandı","needs_enrichment","blocked_until_enriched"
"L'atelier Accract","Hipicon","https://www.hipicon.com/tr-en/designers","Platform profili (tasarımcı/marka/stüdyo/üretici karışık)","Resmî public dizinden doğrulandı","needs_enrichment","blocked_until_enriched"
"LAGIA&CO","Hipicon","https://www.hipicon.com/tr-en/designers","Platform profili (tasarımcı/marka/stüdyo/üretici karışık)","Resmî public dizinden doğrulandı","needs_enrichment","blocked_until_enriched"
"LIN’S","Hipicon","https://www.hipicon.com/tr-en/designers","Platform profili (tasarımcı/marka/stüdyo/üretici karışık)","Resmî public dizinden doğrulandı","needs_enrichment","blocked_until_enriched"
"LIVN PIECES","Hipicon","https://www.hipicon.com/tr-en/designers","Platform profili (tasarımcı/marka/stüdyo/üretici karışık)","Resmî public dizinden doğrulandı","needs_enrichment","blocked_until_enriched"
"LOUPE","Hipicon","https://www.hipicon.com/tr-en/designers","Platform profili (tasarımcı/marka/stüdyo/üretici karışık)","Resmî public dizinden doğrulandı","needs_enrichment","blocked_until_enriched"
"LWB","Hipicon","https://www.hipicon.com/tr-en/designers","Platform profili (tasarımcı/marka/stüdyo/üretici karışık)","Resmî public dizinden doğrulandı","needs_enrichment","blocked_until_enriched"
"La Bruket","Hipicon","https://www.hipicon.com/tr-en/designers","Platform profili (tasarımcı/marka/stüdyo/üretici karışık)","Resmî public dizinden doğrulandı","needs_enrichment","blocked_until_enriched"
"La Casa Antica","Hipicon","https://www.hipicon.com/tr-en/designers","Platform profili (tasarımcı/marka/stüdyo/üretici karışık)","Resmî public dizinden doğrulandı","needs_enrichment","blocked_until_enriched"
"La Cle Du Coeur","Hipicon","https://www.hipicon.com/tr-en/designers","Platform profili (tasarımcı/marka/stüdyo/üretici karışık)","Resmî public dizinden doğrulandı","needs_enrichment","blocked_until_enriched"
"La Diplomatie","Hipicon","https://www.hipicon.com/tr-en/designers","Platform profili (tasarımcı/marka/stüdyo/üretici karışık)","Resmî public dizinden doğrulandı","needs_enrichment","blocked_until_enriched"
"La Fann","Hipicon","https://www.hipicon.com/tr-en/designers","Platform profili (tasarımcı/marka/stüdyo/üretici karışık)","Resmî public dizinden doğrulandı","needs_enrichment","blocked_until_enriched"
"La Matcha","Hipicon","https://www.hipicon.com/tr-en/designers","Platform profili (tasarımcı/marka/stüdyo/üretici karışık)","Resmî public dizinden doğrulandı","needs_enrichment","blocked_until_enriched"
"La Metric","Hipicon","https://www.hipicon.com/tr-en/designers","Platform profili (tasarımcı/marka/stüdyo/üretici karışık)","Resmî public dizinden doğrulandı","needs_enrichment","blocked_until_enriched"
"La Rochere","Hipicon","https://www.hipicon.com/tr-en/designers","Platform profili (tasarımcı/marka/stüdyo/üretici karışık)","Resmî public dizinden doğrulandı","needs_enrichment","blocked_until_enriched"
"La Saison Du Mimosa","Hipicon","https://www.hipicon.com/tr-en/designers","Platform profili (tasarımcı/marka/stüdyo/üretici karışık)","Resmî public dizinden doğrulandı","needs_enrichment","blocked_until_enriched"
"La Vie Ancienne","Hipicon","https://www.hipicon.com/tr-en/designers","Platform profili (tasarımcı/marka/stüdyo/üretici karışık)","Resmî public dizinden doğrulandı","needs_enrichment","blocked_until_enriched"
"Lab Verde Di Natura","Hipicon","https://www.hipicon.com/tr-en/designers","Platform profili (tasarımcı/marka/stüdyo/üretici karışık)","Resmî public dizinden doğrulandı","needs_enrichment","blocked_until_enriched"
"Label By Homelike","Hipicon","https://www.hipicon.com/tr-en/designers","Platform profili (tasarımcı/marka/stüdyo/üretici karışık)","Resmî public dizinden doğrulandı","needs_enrichment","blocked_until_enriched"
"Laboratuvar Studio","Hipicon","https://www.hipicon.com/tr-en/designers","Platform profili (tasarımcı/marka/stüdyo/üretici karışık)","Resmî public dizinden doğrulandı","needs_enrichment","blocked_until_enriched"
"Labote Paris","Hipicon","https://www.hipicon.com/tr-en/designers","Platform profili (tasarımcı/marka/stüdyo/üretici karışık)","Resmî public dizinden doğrulandı","needs_enrichment","blocked_until_enriched"
"Ladysin","Hipicon","https://www.hipicon.com/tr-en/designers","Platform profili (tasarımcı/marka/stüdyo/üretici karışık)","Resmî public dizinden doğrulandı","needs_enrichment","blocked_until_enriched"
"Lagina's Craft","Hipicon","https://www.hipicon.com/tr-en/designers","Platform profili (tasarımcı/marka/stüdyo/üretici karışık)","Resmî public dizinden doğrulandı","needs_enrichment","blocked_until_enriched"
"Lagom","Hipicon","https://www.hipicon.com/tr-en/designers","Platform profili (tasarımcı/marka/stüdyo/üretici karışık)","Resmî public dizinden doğrulandı","needs_enrichment","blocked_until_enriched"
"Lagom Candle","Hipicon","https://www.hipicon.com/tr-en/designers","Platform profili (tasarımcı/marka/stüdyo/üretici karışık)","Resmî public dizinden doğrulandı","needs_enrichment","blocked_until_enriched"
"Lagoma","Hipicon","https://www.hipicon.com/tr-en/designers","Platform profili (tasarımcı/marka/stüdyo/üretici karışık)","Resmî public dizinden doğrulandı","needs_enrichment","blocked_until_enriched"
"Lagu","Hipicon","https://www.hipicon.com/tr-en/designers","Platform profili (tasarımcı/marka/stüdyo/üretici karışık)","Resmî public dizinden doğrulandı","needs_enrichment","blocked_until_enriched"
"Laika","Hipicon","https://www.hipicon.com/tr-en/designers","Platform profili (tasarımcı/marka/stüdyo/üretici karışık)","Resmî public dizinden doğrulandı","needs_enrichment","blocked_until_enriched"
"Lakin","Hipicon","https://www.hipicon.com/tr-en/designers","Platform profili (tasarımcı/marka/stüdyo/üretici karışık)","Resmî public dizinden doğrulandı","needs_enrichment","blocked_until_enriched"
"Lala's","Hipicon","https://www.hipicon.com/tr-en/designers","Platform profili (tasarımcı/marka/stüdyo/üretici karışık)","Resmî public dizinden doğrulandı","needs_enrichment","blocked_until_enriched"
"Lali Design Studio","Hipicon","https://www.hipicon.com/tr-en/designers","Platform profili (tasarımcı/marka/stüdyo/üretici karışık)","Resmî public dizinden doğrulandı","needs_enrichment","blocked_until_enriched"
"Lally Things","Hipicon","https://www.hipicon.com/tr-en/designers","Platform profili (tasarımcı/marka/stüdyo/üretici karışık)","Resmî public dizinden doğrulandı","needs_enrichment","blocked_until_enriched"
"Lamerieva Jewelry","Hipicon","https://www.hipicon.com/tr-en/designers","Platform profili (tasarımcı/marka/stüdyo/üretici karışık)","Resmî public dizinden doğrulandı","needs_enrichment","blocked_until_enriched"
"Lamoneta Design","Hipicon","https://www.hipicon.com/tr-en/designers","Platform profili (tasarımcı/marka/stüdyo/üretici karışık)","Resmî public dizinden doğrulandı","needs_enrichment","blocked_until_enriched"
"Lamy","Hipicon","https://www.hipicon.com/tr-en/designers","Platform profili (tasarımcı/marka/stüdyo/üretici karışık)","Resmî public dizinden doğrulandı","needs_enrichment","blocked_until_enriched"
"Lanu Fragrance","Hipicon","https://www.hipicon.com/tr-en/designers","Platform profili (tasarımcı/marka/stüdyo/üretici karışık)","Resmî public dizinden doğrulandı","needs_enrichment","blocked_until_enriched"
"Lanurun","Hipicon","https://www.hipicon.com/tr-en/designers","Platform profili (tasarımcı/marka/stüdyo/üretici karışık)","Resmî public dizinden doğrulandı","needs_enrichment","blocked_until_enriched"
"Lasttouch Interiors","Hipicon","https://www.hipicon.com/tr-en/designers","Platform profili (tasarımcı/marka/stüdyo/üretici karışık)","Resmî public dizinden doğrulandı","needs_enrichment","blocked_until_enriched"
"Lattuga Ceramics","Hipicon","https://www.hipicon.com/tr-en/designers","Platform profili (tasarımcı/marka/stüdyo/üretici karışık)","Resmî public dizinden doğrulandı","needs_enrichment","blocked_until_enriched"
"Laulei","Hipicon","https://www.hipicon.com/tr-en/designers","Platform profili (tasarımcı/marka/stüdyo/üretici karışık)","Resmî public dizinden doğrulandı","needs_enrichment","blocked_until_enriched"
"Lavanta","Hipicon","https://www.hipicon.com/tr-en/designers","Platform profili (tasarımcı/marka/stüdyo/üretici karışık)","Resmî public dizinden doğrulandı","needs_enrichment","blocked_until_enriched"
"Lawon Tekstil","Hipicon","https://www.hipicon.com/tr-en/designers","Platform profili (tasarımcı/marka/stüdyo/üretici karışık)","Resmî public dizinden doğrulandı","needs_enrichment","blocked_until_enriched"
"Le Margot","Hipicon","https://www.hipicon.com/tr-en/designers","Platform profili (tasarımcı/marka/stüdyo/üretici karışık)","Resmî public dizinden doğrulandı","needs_enrichment","blocked_until_enriched"
"Le Mie","Hipicon","https://www.hipicon.com/tr-en/designers","Platform profili (tasarımcı/marka/stüdyo/üretici karışık)","Resmî public dizinden doğrulandı","needs_enrichment","blocked_until_enriched"
"Le Monade Dreams","Hipicon","https://www.hipicon.com/tr-en/designers","Platform profili (tasarımcı/marka/stüdyo/üretici karışık)","Resmî public dizinden doğrulandı","needs_enrichment","blocked_until_enriched"
"Le Natura","Hipicon","https://www.hipicon.com/tr-en/designers","Platform profili (tasarımcı/marka/stüdyo/üretici karışık)","Resmî public dizinden doğrulandı","needs_enrichment","blocked_until_enriched"
"LeBloq","Hipicon","https://www.hipicon.com/tr-en/designers","Platform profili (tasarımcı/marka/stüdyo/üretici karışık)","Resmî public dizinden doğrulandı","needs_enrichment","blocked_until_enriched"
"Leander","Hipicon","https://www.hipicon.com/tr-en/designers","Platform profili (tasarımcı/marka/stüdyo/üretici karışık)","Resmî public dizinden doğrulandı","needs_enrichment","blocked_until_enriched"
"Leather & Paper","Hipicon","https://www.hipicon.com/tr-en/designers","Platform profili (tasarımcı/marka/stüdyo/üretici karışık)","Resmî public dizinden doğrulandı","needs_enrichment","blocked_until_enriched"
"Lebein Haus","Hipicon","https://www.hipicon.com/tr-en/designers","Platform profili (tasarımcı/marka/stüdyo/üretici karışık)","Resmî public dizinden doğrulandı","needs_enrichment","blocked_until_enriched"
"Lebform","Hipicon","https://www.hipicon.com/tr-en/designers","Platform profili (tasarımcı/marka/stüdyo/üretici karışık)","Resmî public dizinden doğrulandı","needs_enrichment","blocked_until_enriched"
"Lebonmerci","Hipicon","https://www.hipicon.com/tr-en/designers","Platform profili (tasarımcı/marka/stüdyo/üretici karışık)","Resmî public dizinden doğrulandı","needs_enrichment","blocked_until_enriched"
"Lecolor","Hipicon","https://www.hipicon.com/tr-en/designers","Platform profili (tasarımcı/marka/stüdyo/üretici karışık)","Resmî public dizinden doğrulandı","needs_enrichment","blocked_until_enriched"
"Leconcept","Hipicon","https://www.hipicon.com/tr-en/designers","Platform profili (tasarımcı/marka/stüdyo/üretici karışık)","Resmî public dizinden doğrulandı","needs_enrichment","blocked_until_enriched"
"Legnovia","Hipicon","https://www.hipicon.com/tr-en/designers","Platform profili (tasarımcı/marka/stüdyo/üretici karışık)","Resmî public dizinden doğrulandı","needs_enrichment","blocked_until_enriched"
"Lei","Hipicon","https://www.hipicon.com/tr-en/designers","Platform profili (tasarımcı/marka/stüdyo/üretici karışık)","Resmî public dizinden doğrulandı","needs_enrichment","blocked_until_enriched"
"Leia Atelier","Hipicon","https://www.hipicon.com/tr-en/designers","Platform profili (tasarımcı/marka/stüdyo/üretici karışık)","Resmî public dizinden doğrulandı","needs_enrichment","blocked_until_enriched"
"Leke Atölye","Hipicon","https://www.hipicon.com/tr-en/designers","Platform profili (tasarımcı/marka/stüdyo/üretici karışık)","Resmî public dizinden doğrulandı","needs_enrichment","blocked_until_enriched"
"Lelit","Hipicon","https://www.hipicon.com/tr-en/designers","Platform profili (tasarımcı/marka/stüdyo/üretici karışık)","Resmî public dizinden doğrulandı","needs_enrichment","blocked_until_enriched"
"Lemonade Handcraft","Hipicon","https://www.hipicon.com/tr-en/designers","Platform profili (tasarımcı/marka/stüdyo/üretici karışık)","Resmî public dizinden doğrulandı","needs_enrichment","blocked_until_enriched"
"Lena Muar","Hipicon","https://www.hipicon.com/tr-en/designers","Platform profili (tasarımcı/marka/stüdyo/üretici karışık)","Resmî public dizinden doğrulandı","needs_enrichment","blocked_until_enriched"
"Lenco","Hipicon","https://www.hipicon.com/tr-en/designers","Platform profili (tasarımcı/marka/stüdyo/üretici karışık)","Resmî public dizinden doğrulandı","needs_enrichment","blocked_until_enriched"
"Leone Wood","Hipicon","https://www.hipicon.com/tr-en/designers","Platform profili (tasarımcı/marka/stüdyo/üretici karışık)","Resmî public dizinden doğrulandı","needs_enrichment","blocked_until_enriched"
"Leone di Fiume","Hipicon","https://www.hipicon.com/tr-en/designers","Platform profili (tasarımcı/marka/stüdyo/üretici karışık)","Resmî public dizinden doğrulandı","needs_enrichment","blocked_until_enriched"
"Leroa","Hipicon","https://www.hipicon.com/tr-en/designers","Platform profili (tasarımcı/marka/stüdyo/üretici karışık)","Resmî public dizinden doğrulandı","needs_enrichment","blocked_until_enriched"
"Les Guepes","Hipicon","https://www.hipicon.com/tr-en/designers","Platform profili (tasarımcı/marka/stüdyo/üretici karışık)","Resmî public dizinden doğrulandı","needs_enrichment","blocked_until_enriched"
"Les Merimes","Hipicon","https://www.hipicon.com/tr-en/designers","Platform profili (tasarımcı/marka/stüdyo/üretici karışık)","Resmî public dizinden doğrulandı","needs_enrichment","blocked_until_enriched"
"Less.","Hipicon","https://www.hipicon.com/tr-en/designers","Platform profili (tasarımcı/marka/stüdyo/üretici karışık)","Resmî public dizinden doğrulandı","needs_enrichment","blocked_until_enriched"
"Let's Be Friends","Hipicon","https://www.hipicon.com/tr-en/designers","Platform profili (tasarımcı/marka/stüdyo/üretici karışık)","Resmî public dizinden doğrulandı","needs_enrichment","blocked_until_enriched"
"Let's Martini","Hipicon","https://www.hipicon.com/tr-en/designers","Platform profili (tasarımcı/marka/stüdyo/üretici karışık)","Resmî public dizinden doğrulandı","needs_enrichment","blocked_until_enriched"
"Letter29","Hipicon","https://www.hipicon.com/tr-en/designers","Platform profili (tasarımcı/marka/stüdyo/üretici karışık)","Resmî public dizinden doğrulandı","needs_enrichment","blocked_until_enriched"
"Leuchtturm1917","Hipicon","https://www.hipicon.com/tr-en/designers","Platform profili (tasarımcı/marka/stüdyo/üretici karışık)","Resmî public dizinden doğrulandı","needs_enrichment","blocked_until_enriched"
"Levaillant","Hipicon","https://www.hipicon.com/tr-en/designers","Platform profili (tasarımcı/marka/stüdyo/üretici karışık)","Resmî public dizinden doğrulandı","needs_enrichment","blocked_until_enriched"
"Lewk Design","Hipicon","https://www.hipicon.com/tr-en/designers","Platform profili (tasarımcı/marka/stüdyo/üretici karışık)","Resmî public dizinden doğrulandı","needs_enrichment","blocked_until_enriched"
"Lexon","Hipicon","https://www.hipicon.com/tr-en/designers","Platform profili (tasarımcı/marka/stüdyo/üretici karışık)","Resmî public dizinden doğrulandı","needs_enrichment","blocked_until_enriched"
"Leyla 5.0","Hipicon","https://www.hipicon.com/tr-en/designers","Platform profili (tasarımcı/marka/stüdyo/üretici karışık)","Resmî public dizinden doğrulandı","needs_enrichment","blocked_until_enriched"
"Leyla Yüngül","Hipicon","https://www.hipicon.com/tr-en/designers","Platform profili (tasarımcı/marka/stüdyo/üretici karışık)","Resmî public dizinden doğrulandı","needs_enrichment","blocked_until_enriched"
"Leyna Beachwear","Hipicon","https://www.hipicon.com/tr-en/designers","Platform profili (tasarımcı/marka/stüdyo/üretici karışık)","Resmî public dizinden doğrulandı","needs_enrichment","blocked_until_enriched"
"Libretto","Hipicon","https://www.hipicon.com/tr-en/designers","Platform profili (tasarımcı/marka/stüdyo/üretici karışık)","Resmî public dizinden doğrulandı","needs_enrichment","blocked_until_enriched"
"Liebe Ceramics","Hipicon","https://www.hipicon.com/tr-en/designers","Platform profili (tasarımcı/marka/stüdyo/üretici karışık)","Resmî public dizinden doğrulandı","needs_enrichment","blocked_until_enriched"
"Lief","Hipicon","https://www.hipicon.com/tr-en/designers","Platform profili (tasarımcı/marka/stüdyo/üretici karışık)","Resmî public dizinden doğrulandı","needs_enrichment","blocked_until_enriched"
"Life Aydınlatma","Hipicon","https://www.hipicon.com/tr-en/designers","Platform profili (tasarımcı/marka/stüdyo/üretici karışık)","Resmî public dizinden doğrulandı","needs_enrichment","blocked_until_enriched"
"Lightning Wooden","Hipicon","https://www.hipicon.com/tr-en/designers","Platform profili (tasarımcı/marka/stüdyo/üretici karışık)","Resmî public dizinden doğrulandı","needs_enrichment","blocked_until_enriched"
"Lil Bug","Hipicon","https://www.hipicon.com/tr-en/designers","Platform profili (tasarımcı/marka/stüdyo/üretici karışık)","Resmî public dizinden doğrulandı","needs_enrichment","blocked_until_enriched"
"Lil'Gaea","Hipicon","https://www.hipicon.com/tr-en/designers","Platform profili (tasarımcı/marka/stüdyo/üretici karışık)","Resmî public dizinden doğrulandı","needs_enrichment","blocked_until_enriched"
"Lilien","Hipicon","https://www.hipicon.com/tr-en/designers","Platform profili (tasarımcı/marka/stüdyo/üretici karışık)","Resmî public dizinden doğrulandı","needs_enrichment","blocked_until_enriched"
"Lille Trove","Hipicon","https://www.hipicon.com/tr-en/designers","Platform profili (tasarımcı/marka/stüdyo/üretici karışık)","Resmî public dizinden doğrulandı","needs_enrichment","blocked_until_enriched"
"Lilou Atelier","Hipicon","https://www.hipicon.com/tr-en/designers","Platform profili (tasarımcı/marka/stüdyo/üretici karışık)","Resmî public dizinden doğrulandı","needs_enrichment","blocked_until_enriched"
"Lilseb","Hipicon","https://www.hipicon.com/tr-en/designers","Platform profili (tasarımcı/marka/stüdyo/üretici karışık)","Resmî public dizinden doğrulandı","needs_enrichment","blocked_until_enriched"
"Lily & Loly Ceramics","Hipicon","https://www.hipicon.com/tr-en/designers","Platform profili (tasarımcı/marka/stüdyo/üretici karışık)","Resmî public dizinden doğrulandı","needs_enrichment","blocked_until_enriched"
"Lily's Candles","Hipicon","https://www.hipicon.com/tr-en/designers","Platform profili (tasarımcı/marka/stüdyo/üretici karışık)","Resmî public dizinden doğrulandı","needs_enrichment","blocked_until_enriched"
"Lindodogs","Hipicon","https://www.hipicon.com/tr-en/designers","Platform profili (tasarımcı/marka/stüdyo/üretici karışık)","Resmî public dizinden doğrulandı","needs_enrichment","blocked_until_enriched"
"Linu Tasarım","Hipicon","https://www.hipicon.com/tr-en/designers","Platform profili (tasarımcı/marka/stüdyo/üretici karışık)","Resmî public dizinden doğrulandı","needs_enrichment","blocked_until_enriched"
"Linya Jewellery","Hipicon","https://www.hipicon.com/tr-en/designers","Platform profili (tasarımcı/marka/stüdyo/üretici karışık)","Resmî public dizinden doğrulandı","needs_enrichment","blocked_until_enriched"
"Lit Clue","Hipicon","https://www.hipicon.com/tr-en/designers","Platform profili (tasarımcı/marka/stüdyo/üretici karışık)","Resmî public dizinden doğrulandı","needs_enrichment","blocked_until_enriched"
"Little Cute Things","Hipicon","https://www.hipicon.com/tr-en/designers","Platform profili (tasarımcı/marka/stüdyo/üretici karışık)","Resmî public dizinden doğrulandı","needs_enrichment","blocked_until_enriched"
"Little Forest Animals","Hipicon","https://www.hipicon.com/tr-en/designers","Platform profili (tasarımcı/marka/stüdyo/üretici karışık)","Resmî public dizinden doğrulandı","needs_enrichment","blocked_until_enriched"
"Little Gusto","Hipicon","https://www.hipicon.com/tr-en/designers","Platform profili (tasarımcı/marka/stüdyo/üretici karışık)","Resmî public dizinden doğrulandı","needs_enrichment","blocked_until_enriched"
"Little Monsters Dog Brand","Hipicon","https://www.hipicon.com/tr-en/designers","Platform profili (tasarımcı/marka/stüdyo/üretici karışık)","Resmî public dizinden doğrulandı","needs_enrichment","blocked_until_enriched"
"Littleku","Hipicon","https://www.hipicon.com/tr-en/designers","Platform profili (tasarımcı/marka/stüdyo/üretici karışık)","Resmî public dizinden doğrulandı","needs_enrichment","blocked_until_enriched"
"Lo Easywear","Hipicon","https://www.hipicon.com/tr-en/designers","Platform profili (tasarımcı/marka/stüdyo/üretici karışık)","Resmî public dizinden doğrulandı","needs_enrichment","blocked_until_enriched"
"Loe Takı","Hipicon","https://www.hipicon.com/tr-en/designers","Platform profili (tasarımcı/marka/stüdyo/üretici karışık)","Resmî public dizinden doğrulandı","needs_enrichment","blocked_until_enriched"
"Loewe","Hipicon","https://www.hipicon.com/tr-en/designers","Platform profili (tasarımcı/marka/stüdyo/üretici karışık)","Resmî public dizinden doğrulandı","needs_enrichment","blocked_until_enriched"
"Lofuta","Hipicon","https://www.hipicon.com/tr-en/designers","Platform profili (tasarımcı/marka/stüdyo/üretici karışık)","Resmî public dizinden doğrulandı","needs_enrichment","blocked_until_enriched"
"Lolidogs","Hipicon","https://www.hipicon.com/tr-en/designers","Platform profili (tasarımcı/marka/stüdyo/üretici karışık)","Resmî public dizinden doğrulandı","needs_enrichment","blocked_until_enriched"
"Lollie","Hipicon","https://www.hipicon.com/tr-en/designers","Platform profili (tasarımcı/marka/stüdyo/üretici karışık)","Resmî public dizinden doğrulandı","needs_enrichment","blocked_until_enriched"
"Lomiss","Hipicon","https://www.hipicon.com/tr-en/designers","Platform profili (tasarımcı/marka/stüdyo/üretici karışık)","Resmî public dizinden doğrulandı","needs_enrichment","blocked_until_enriched"
"Loop And More","Hipicon","https://www.hipicon.com/tr-en/designers","Platform profili (tasarımcı/marka/stüdyo/üretici karışık)","Resmî public dizinden doğrulandı","needs_enrichment","blocked_until_enriched"
"Lopapen Notebooks Crafted by Heart","Hipicon","https://www.hipicon.com/tr-en/designers","Platform profili (tasarımcı/marka/stüdyo/üretici karışık)","Resmî public dizinden doğrulandı","needs_enrichment","blocked_until_enriched"
"Lorena Canals","Hipicon","https://www.hipicon.com/tr-en/designers","Platform profili (tasarımcı/marka/stüdyo/üretici karışık)","Resmî public dizinden doğrulandı","needs_enrichment","blocked_until_enriched"
"Lot34","Hipicon","https://www.hipicon.com/tr-en/designers","Platform profili (tasarımcı/marka/stüdyo/üretici karışık)","Resmî public dizinden doğrulandı","needs_enrichment","blocked_until_enriched"
"Lote","Hipicon","https://www.hipicon.com/tr-en/designers","Platform profili (tasarımcı/marka/stüdyo/üretici karışık)","Resmî public dizinden doğrulandı","needs_enrichment","blocked_until_enriched"
"Lou Lou Baby","Hipicon","https://www.hipicon.com/tr-en/designers","Platform profili (tasarımcı/marka/stüdyo/üretici karışık)","Resmî public dizinden doğrulandı","needs_enrichment","blocked_until_enriched"
"Lou's Concept","Hipicon","https://www.hipicon.com/tr-en/designers","Platform profili (tasarımcı/marka/stüdyo/üretici karışık)","Resmî public dizinden doğrulandı","needs_enrichment","blocked_until_enriched"
"Lova İstanbul","Hipicon","https://www.hipicon.com/tr-en/designers","Platform profili (tasarımcı/marka/stüdyo/üretici karışık)","Resmî public dizinden doğrulandı","needs_enrichment","blocked_until_enriched"
"Love Is Home","Hipicon","https://www.hipicon.com/tr-en/designers","Platform profili (tasarımcı/marka/stüdyo/üretici karışık)","Resmî public dizinden doğrulandı","needs_enrichment","blocked_until_enriched"
"Love Myself","Hipicon","https://www.hipicon.com/tr-en/designers","Platform profili (tasarımcı/marka/stüdyo/üretici karışık)","Resmî public dizinden doğrulandı","needs_enrichment","blocked_until_enriched"
"Lovekini","Hipicon","https://www.hipicon.com/tr-en/designers","Platform profili (tasarımcı/marka/stüdyo/üretici karışık)","Resmî public dizinden doğrulandı","needs_enrichment","blocked_until_enriched"
"Loverush","Hipicon","https://www.hipicon.com/tr-en/designers","Platform profili (tasarımcı/marka/stüdyo/üretici karışık)","Resmî public dizinden doğrulandı","needs_enrichment","blocked_until_enriched"
"Lovinart","Hipicon","https://www.hipicon.com/tr-en/designers","Platform profili (tasarımcı/marka/stüdyo/üretici karışık)","Resmî public dizinden doğrulandı","needs_enrichment","blocked_until_enriched"
"Lovy Atelier","Hipicon","https://www.hipicon.com/tr-en/designers","Platform profili (tasarımcı/marka/stüdyo/üretici karışık)","Resmî public dizinden doğrulandı","needs_enrichment","blocked_until_enriched"
"Lucenti Design","Hipicon","https://www.hipicon.com/tr-en/designers","Platform profili (tasarımcı/marka/stüdyo/üretici karışık)","Resmî public dizinden doğrulandı","needs_enrichment","blocked_until_enriched"
"Luceplan","Hipicon","https://www.hipicon.com/tr-en/designers","Platform profili (tasarımcı/marka/stüdyo/üretici karışık)","Resmî public dizinden doğrulandı","needs_enrichment","blocked_until_enriched"
"Luchemi","Hipicon","https://www.hipicon.com/tr-en/designers","Platform profili (tasarımcı/marka/stüdyo/üretici karışık)","Resmî public dizinden doğrulandı","needs_enrichment","blocked_until_enriched"
"Lucra Concept","Hipicon","https://www.hipicon.com/tr-en/designers","Platform profili (tasarımcı/marka/stüdyo/üretici karışık)","Resmî public dizinden doğrulandı","needs_enrichment","blocked_until_enriched"
"Luiss Design","Hipicon","https://www.hipicon.com/tr-en/designers","Platform profili (tasarımcı/marka/stüdyo/üretici karışık)","Resmî public dizinden doğrulandı","needs_enrichment","blocked_until_enriched"
"Lujo Home","Hipicon","https://www.hipicon.com/tr-en/designers","Platform profili (tasarımcı/marka/stüdyo/üretici karışık)","Resmî public dizinden doğrulandı","needs_enrichment","blocked_until_enriched"
"Lullalucca","Hipicon","https://www.hipicon.com/tr-en/designers","Platform profili (tasarımcı/marka/stüdyo/üretici karışık)","Resmî public dizinden doğrulandı","needs_enrichment","blocked_until_enriched"
"Lullmom","Hipicon","https://www.hipicon.com/tr-en/designers","Platform profili (tasarımcı/marka/stüdyo/üretici karışık)","Resmî public dizinden doğrulandı","needs_enrichment","blocked_until_enriched"
"Lumene","Hipicon","https://www.hipicon.com/tr-en/designers","Platform profili (tasarımcı/marka/stüdyo/üretici karışık)","Resmî public dizinden doğrulandı","needs_enrichment","blocked_until_enriched"
"Lumicos Design","Hipicon","https://www.hipicon.com/tr-en/designers","Platform profili (tasarımcı/marka/stüdyo/üretici karışık)","Resmî public dizinden doğrulandı","needs_enrichment","blocked_until_enriched"
"Lumiere Bodrum","Hipicon","https://www.hipicon.com/tr-en/designers","Platform profili (tasarımcı/marka/stüdyo/üretici karışık)","Resmî public dizinden doğrulandı","needs_enrichment","blocked_until_enriched"
"Luminox","Hipicon","https://www.hipicon.com/tr-en/designers","Platform profili (tasarımcı/marka/stüdyo/üretici karışık)","Resmî public dizinden doğrulandı","needs_enrichment","blocked_until_enriched"
"Lumo","Hipicon","https://www.hipicon.com/tr-en/designers","Platform profili (tasarımcı/marka/stüdyo/üretici karışık)","Resmî public dizinden doğrulandı","needs_enrichment","blocked_until_enriched"
"Lumo by Studio Plus","Hipicon","https://www.hipicon.com/tr-en/designers","Platform profili (tasarımcı/marka/stüdyo/üretici karışık)","Resmî public dizinden doğrulandı","needs_enrichment","blocked_until_enriched"
"Lumoths","Hipicon","https://www.hipicon.com/tr-en/designers","Platform profili (tasarımcı/marka/stüdyo/üretici karışık)","Resmî public dizinden doğrulandı","needs_enrichment","blocked_until_enriched"
"Luna Jewellery Design","Hipicon","https://www.hipicon.com/tr-en/designers","Platform profili (tasarımcı/marka/stüdyo/üretici karışık)","Resmî public dizinden doğrulandı","needs_enrichment","blocked_until_enriched"
"Luna Kids Collection","Hipicon","https://www.hipicon.com/tr-en/designers","Platform profili (tasarımcı/marka/stüdyo/üretici karışık)","Resmî public dizinden doğrulandı","needs_enrichment","blocked_until_enriched"
"Luna Merdin","Hipicon","https://www.hipicon.com/tr-en/designers","Platform profili (tasarımcı/marka/stüdyo/üretici karışık)","Resmî public dizinden doğrulandı","needs_enrichment","blocked_until_enriched"
"Luna Official Luna By Savoir","Hipicon","https://www.hipicon.com/tr-en/designers","Platform profili (tasarımcı/marka/stüdyo/üretici karışık)","Resmî public dizinden doğrulandı","needs_enrichment","blocked_until_enriched"
"Lunysian","Hipicon","https://www.hipicon.com/tr-en/designers","Platform profili (tasarımcı/marka/stüdyo/üretici karışık)","Resmî public dizinden doğrulandı","needs_enrichment","blocked_until_enriched"
"Lurch","Hipicon","https://www.hipicon.com/tr-en/designers","Platform profili (tasarımcı/marka/stüdyo/üretici karışık)","Resmî public dizinden doğrulandı","needs_enrichment","blocked_until_enriched"
"Luss","Hipicon","https://www.hipicon.com/tr-en/designers","Platform profili (tasarımcı/marka/stüdyo/üretici karışık)","Resmî public dizinden doğrulandı","needs_enrichment","blocked_until_enriched"
"Luta Design","Hipicon","https://www.hipicon.com/tr-en/designers","Platform profili (tasarımcı/marka/stüdyo/üretici karışık)","Resmî public dizinden doğrulandı","needs_enrichment","blocked_until_enriched"
"Luvr Atelier","Hipicon","https://www.hipicon.com/tr-en/designers","Platform profili (tasarımcı/marka/stüdyo/üretici karışık)","Resmî public dizinden doğrulandı","needs_enrichment","blocked_until_enriched"
"LuwinaPearls","Hipicon","https://www.hipicon.com/tr-en/designers","Platform profili (tasarımcı/marka/stüdyo/üretici karışık)","Resmî public dizinden doğrulandı","needs_enrichment","blocked_until_enriched"
"Luya Handcrafts","Hipicon","https://www.hipicon.com/tr-en/designers","Platform profili (tasarımcı/marka/stüdyo/üretici karışık)","Resmî public dizinden doğrulandı","needs_enrichment","blocked_until_enriched"
"Luz de Yusa","Hipicon","https://www.hipicon.com/tr-en/designers","Platform profili (tasarımcı/marka/stüdyo/üretici karışık)","Resmî public dizinden doğrulandı","needs_enrichment","blocked_until_enriched"
"Luzart","Hipicon","https://www.hipicon.com/tr-en/designers","Platform profili (tasarımcı/marka/stüdyo/üretici karışık)","Resmî public dizinden doğrulandı","needs_enrichment","blocked_until_enriched"
"Luzia Jewelry","Hipicon","https://www.hipicon.com/tr-en/designers","Platform profili (tasarımcı/marka/stüdyo/üretici karışık)","Resmî public dizinden doğrulandı","needs_enrichment","blocked_until_enriched"
"Lyn Swimwear","Hipicon","https://www.hipicon.com/tr-en/designers","Platform profili (tasarımcı/marka/stüdyo/üretici karışık)","Resmî public dizinden doğrulandı","needs_enrichment","blocked_until_enriched"
"Lûgat365","Hipicon","https://www.hipicon.com/tr-en/designers","Platform profili (tasarımcı/marka/stüdyo/üretici karışık)","Resmî public dizinden doğrulandı","needs_enrichment","blocked_until_enriched"
"L’Arte Studio","Hipicon","https://www.hipicon.com/tr-en/designers","Platform profili (tasarımcı/marka/stüdyo/üretici karışık)","Resmî public dizinden doğrulandı","needs_enrichment","blocked_until_enriched"
"livingstore","Hipicon","https://www.hipicon.com/tr-en/designers","Platform profili (tasarımcı/marka/stüdyo/üretici karışık)","Resmî public dizinden doğrulandı","needs_enrichment","blocked_until_enriched"
"loopemb.","Hipicon","https://www.hipicon.com/tr-en/designers","Platform profili (tasarımcı/marka/stüdyo/üretici karışık)","Resmî public dizinden doğrulandı","needs_enrichment","blocked_until_enriched"
"22 Maggio Istanbul","Hipicon","https://www.hipicon.com/tr-en/designers","Platform profili (tasarımcı/marka/stüdyo/üretici karışık)","Resmî public dizinden doğrulandı","needs_enrichment","blocked_until_enriched"
"8 Maison","Hipicon","https://www.hipicon.com/tr-en/designers","Platform profili (tasarımcı/marka/stüdyo/üretici karışık)","Resmî public dizinden doğrulandı","needs_enrichment","blocked_until_enriched"
"MA Clay Studio","Hipicon","https://www.hipicon.com/tr-en/designers","Platform profili (tasarımcı/marka/stüdyo/üretici karışık)","Resmî public dizinden doğrulandı","needs_enrichment","blocked_until_enriched"
"MA&MAA","Hipicon","https://www.hipicon.com/tr-en/designers","Platform profili (tasarımcı/marka/stüdyo/üretici karışık)","Resmî public dizinden doğrulandı","needs_enrichment","blocked_until_enriched"
"MAJA GLASS","Hipicon","https://www.hipicon.com/tr-en/designers","Platform profili (tasarımcı/marka/stüdyo/üretici karışık)","Resmî public dizinden doğrulandı","needs_enrichment","blocked_until_enriched"
"MAX","Hipicon","https://www.hipicon.com/tr-en/designers","Platform profili (tasarımcı/marka/stüdyo/üretici karışık)","Resmî public dizinden doğrulandı","needs_enrichment","blocked_until_enriched"
"MCG","Hipicon","https://www.hipicon.com/tr-en/designers","Platform profili (tasarımcı/marka/stüdyo/üretici karışık)","Resmî public dizinden doğrulandı","needs_enrichment","blocked_until_enriched"
"MCLOCKS","Hipicon","https://www.hipicon.com/tr-en/designers","Platform profili (tasarımcı/marka/stüdyo/üretici karışık)","Resmî public dizinden doğrulandı","needs_enrichment","blocked_until_enriched"
"MEC Design","Hipicon","https://www.hipicon.com/tr-en/designers","Platform profili (tasarımcı/marka/stüdyo/üretici karışık)","Resmî public dizinden doğrulandı","needs_enrichment","blocked_until_enriched"
"MEJA","Hipicon","https://www.hipicon.com/tr-en/designers","Platform profili (tasarımcı/marka/stüdyo/üretici karışık)","Resmî public dizinden doğrulandı","needs_enrichment","blocked_until_enriched"
"MINIARTEDITIoNS","Hipicon","https://www.hipicon.com/tr-en/designers","Platform profili (tasarımcı/marka/stüdyo/üretici karışık)","Resmî public dizinden doğrulandı","needs_enrichment","blocked_until_enriched"
"MM Lampadari","Hipicon","https://www.hipicon.com/tr-en/designers","Platform profili (tasarımcı/marka/stüdyo/üretici karışık)","Resmî public dizinden doğrulandı","needs_enrichment","blocked_until_enriched"
"MOMAN","Hipicon","https://www.hipicon.com/tr-en/designers","Platform profili (tasarımcı/marka/stüdyo/üretici karışık)","Resmî public dizinden doğrulandı","needs_enrichment","blocked_until_enriched"
"MOX","Hipicon","https://www.hipicon.com/tr-en/designers","Platform profili (tasarımcı/marka/stüdyo/üretici karışık)","Resmî public dizinden doğrulandı","needs_enrichment","blocked_until_enriched"
"MSM Mobilya","Hipicon","https://www.hipicon.com/tr-en/designers","Platform profili (tasarımcı/marka/stüdyo/üretici karışık)","Resmî public dizinden doğrulandı","needs_enrichment","blocked_until_enriched"
"MU Studio","Hipicon","https://www.hipicon.com/tr-en/designers","Platform profili (tasarımcı/marka/stüdyo/üretici karışık)","Resmî public dizinden doğrulandı","needs_enrichment","blocked_until_enriched"
"MUBU İstanbul","Hipicon","https://www.hipicon.com/tr-en/designers","Platform profili (tasarımcı/marka/stüdyo/üretici karışık)","Resmî public dizinden doğrulandı","needs_enrichment","blocked_until_enriched"
"MUJJ Studio","Hipicon","https://www.hipicon.com/tr-en/designers","Platform profili (tasarımcı/marka/stüdyo/üretici karışık)","Resmî public dizinden doğrulandı","needs_enrichment","blocked_until_enriched"
"MX Bag","Hipicon","https://www.hipicon.com/tr-en/designers","Platform profili (tasarımcı/marka/stüdyo/üretici karışık)","Resmî public dizinden doğrulandı","needs_enrichment","blocked_until_enriched"
"Maan İstanbul","Hipicon","https://www.hipicon.com/tr-en/designers","Platform profili (tasarımcı/marka/stüdyo/üretici karışık)","Resmî public dizinden doğrulandı","needs_enrichment","blocked_until_enriched"
"Macra Home","Hipicon","https://www.hipicon.com/tr-en/designers","Platform profili (tasarımcı/marka/stüdyo/üretici karışık)","Resmî public dizinden doğrulandı","needs_enrichment","blocked_until_enriched"
"Maga Flora","Hipicon","https://www.hipicon.com/tr-en/designers","Platform profili (tasarımcı/marka/stüdyo/üretici karışık)","Resmî public dizinden doğrulandı","needs_enrichment","blocked_until_enriched"
"Magisso","Hipicon","https://www.hipicon.com/tr-en/designers","Platform profili (tasarımcı/marka/stüdyo/üretici karışık)","Resmî public dizinden doğrulandı","needs_enrichment","blocked_until_enriched"
"Magni","Hipicon","https://www.hipicon.com/tr-en/designers","Platform profili (tasarımcı/marka/stüdyo/üretici karışık)","Resmî public dizinden doğrulandı","needs_enrichment","blocked_until_enriched"
"Magnolia Textile","Hipicon","https://www.hipicon.com/tr-en/designers","Platform profili (tasarımcı/marka/stüdyo/üretici karışık)","Resmî public dizinden doğrulandı","needs_enrichment","blocked_until_enriched"
"Mago Matcha","Hipicon","https://www.hipicon.com/tr-en/designers","Platform profili (tasarımcı/marka/stüdyo/üretici karışık)","Resmî public dizinden doğrulandı","needs_enrichment","blocked_until_enriched"
"Mah-roc","Hipicon","https://www.hipicon.com/tr-en/designers","Platform profili (tasarımcı/marka/stüdyo/üretici karışık)","Resmî public dizinden doğrulandı","needs_enrichment","blocked_until_enriched"
"Maialis Design","Hipicon","https://www.hipicon.com/tr-en/designers","Platform profili (tasarımcı/marka/stüdyo/üretici karışık)","Resmî public dizinden doğrulandı","needs_enrichment","blocked_until_enriched"
"Maiizen","Hipicon","https://www.hipicon.com/tr-en/designers","Platform profili (tasarımcı/marka/stüdyo/üretici karışık)","Resmî public dizinden doğrulandı","needs_enrichment","blocked_until_enriched"
"Maika Atelier","Hipicon","https://www.hipicon.com/tr-en/designers","Platform profili (tasarımcı/marka/stüdyo/üretici karışık)","Resmî public dizinden doğrulandı","needs_enrichment","blocked_until_enriched"
"Maisi Works","Hipicon","https://www.hipicon.com/tr-en/designers","Platform profili (tasarımcı/marka/stüdyo/üretici karışık)","Resmî public dizinden doğrulandı","needs_enrichment","blocked_until_enriched"
"Maison Aisha","Hipicon","https://www.hipicon.com/tr-en/designers","Platform profili (tasarımcı/marka/stüdyo/üretici karışık)","Resmî public dizinden doğrulandı","needs_enrichment","blocked_until_enriched"
"Maison DT","Hipicon","https://www.hipicon.com/tr-en/designers","Platform profili (tasarımcı/marka/stüdyo/üretici karışık)","Resmî public dizinden doğrulandı","needs_enrichment","blocked_until_enriched"
"Maison Dete","Hipicon","https://www.hipicon.com/tr-en/designers","Platform profili (tasarımcı/marka/stüdyo/üretici karışık)","Resmî public dizinden doğrulandı","needs_enrichment","blocked_until_enriched"
"Maison Genial","Hipicon","https://www.hipicon.com/tr-en/designers","Platform profili (tasarımcı/marka/stüdyo/üretici karışık)","Resmî public dizinden doğrulandı","needs_enrichment","blocked_until_enriched"
"Maison Lygos","Hipicon","https://www.hipicon.com/tr-en/designers","Platform profili (tasarımcı/marka/stüdyo/üretici karışık)","Resmî public dizinden doğrulandı","needs_enrichment","blocked_until_enriched"
"Maison Mara","Hipicon","https://www.hipicon.com/tr-en/designers","Platform profili (tasarımcı/marka/stüdyo/üretici karışık)","Resmî public dizinden doğrulandı","needs_enrichment","blocked_until_enriched"
"Maison Merlo","Hipicon","https://www.hipicon.com/tr-en/designers","Platform profili (tasarımcı/marka/stüdyo/üretici karışık)","Resmî public dizinden doğrulandı","needs_enrichment","blocked_until_enriched"
"Maison Sacree","Hipicon","https://www.hipicon.com/tr-en/designers","Platform profili (tasarımcı/marka/stüdyo/üretici karışık)","Resmî public dizinden doğrulandı","needs_enrichment","blocked_until_enriched"
"Maison Soula","Hipicon","https://www.hipicon.com/tr-en/designers","Platform profili (tasarımcı/marka/stüdyo/üretici karışık)","Resmî public dizinden doğrulandı","needs_enrichment","blocked_until_enriched"
"Maisonord","Hipicon","https://www.hipicon.com/tr-en/designers","Platform profili (tasarımcı/marka/stüdyo/üretici karışık)","Resmî public dizinden doğrulandı","needs_enrichment","blocked_until_enriched"
"Maisto","Hipicon","https://www.hipicon.com/tr-en/designers","Platform profili (tasarımcı/marka/stüdyo/üretici karışık)","Resmî public dizinden doğrulandı","needs_enrichment","blocked_until_enriched"
"Maja Jewels","Hipicon","https://www.hipicon.com/tr-en/designers","Platform profili (tasarımcı/marka/stüdyo/üretici karışık)","Resmî public dizinden doğrulandı","needs_enrichment","blocked_until_enriched"
"Majalis Jewelry","Hipicon","https://www.hipicon.com/tr-en/designers","Platform profili (tasarımcı/marka/stüdyo/üretici karışık)","Resmî public dizinden doğrulandı","needs_enrichment","blocked_until_enriched"
"Maji Botanicals","Hipicon","https://www.hipicon.com/tr-en/designers","Platform profili (tasarımcı/marka/stüdyo/üretici karışık)","Resmî public dizinden doğrulandı","needs_enrichment","blocked_until_enriched"
"Majmino","Hipicon","https://www.hipicon.com/tr-en/designers","Platform profili (tasarımcı/marka/stüdyo/üretici karışık)","Resmî public dizinden doğrulandı","needs_enrichment","blocked_until_enriched"
"Majolin","Hipicon","https://www.hipicon.com/tr-en/designers","Platform profili (tasarımcı/marka/stüdyo/üretici karışık)","Resmî public dizinden doğrulandı","needs_enrichment","blocked_until_enriched"
"Make P:rem","Hipicon","https://www.hipicon.com/tr-en/designers","Platform profili (tasarımcı/marka/stüdyo/üretici karışık)","Resmî public dizinden doğrulandı","needs_enrichment","blocked_until_enriched"
"Make Porcelain Atelier","Hipicon","https://www.hipicon.com/tr-en/designers","Platform profili (tasarımcı/marka/stüdyo/üretici karışık)","Resmî public dizinden doğrulandı","needs_enrichment","blocked_until_enriched"
"Makiela","Hipicon","https://www.hipicon.com/tr-en/designers","Platform profili (tasarımcı/marka/stüdyo/üretici karışık)","Resmî public dizinden doğrulandı","needs_enrichment","blocked_until_enriched"
"Makre","Hipicon","https://www.hipicon.com/tr-en/designers","Platform profili (tasarımcı/marka/stüdyo/üretici karışık)","Resmî public dizinden doğrulandı","needs_enrichment","blocked_until_enriched"
"Maleya","Hipicon","https://www.hipicon.com/tr-en/designers","Platform profili (tasarımcı/marka/stüdyo/üretici karışık)","Resmî public dizinden doğrulandı","needs_enrichment","blocked_until_enriched"
"Malone","Hipicon","https://www.hipicon.com/tr-en/designers","Platform profili (tasarımcı/marka/stüdyo/üretici karışık)","Resmî public dizinden doğrulandı","needs_enrichment","blocked_until_enriched"
"Mama Aniva","Hipicon","https://www.hipicon.com/tr-en/designers","Platform profili (tasarımcı/marka/stüdyo/üretici karışık)","Resmî public dizinden doğrulandı","needs_enrichment","blocked_until_enriched"
"Mama in Love","Hipicon","https://www.hipicon.com/tr-en/designers","Platform profili (tasarımcı/marka/stüdyo/üretici karışık)","Resmî public dizinden doğrulandı","needs_enrichment","blocked_until_enriched"
"Mamaluv","Hipicon","https://www.hipicon.com/tr-en/designers","Platform profili (tasarımcı/marka/stüdyo/üretici karışık)","Resmî public dizinden doğrulandı","needs_enrichment","blocked_until_enriched"
"Mamatoyz","Hipicon","https://www.hipicon.com/tr-en/designers","Platform profili (tasarımcı/marka/stüdyo/üretici karışık)","Resmî public dizinden doğrulandı","needs_enrichment","blocked_until_enriched"
"Mamezon Ceramics","Hipicon","https://www.hipicon.com/tr-en/designers","Platform profili (tasarımcı/marka/stüdyo/üretici karışık)","Resmî public dizinden doğrulandı","needs_enrichment","blocked_until_enriched"
"Mammam Baby","Hipicon","https://www.hipicon.com/tr-en/designers","Platform profili (tasarımcı/marka/stüdyo/üretici karışık)","Resmî public dizinden doğrulandı","needs_enrichment","blocked_until_enriched"
"Mana Atelier & Co.","Hipicon","https://www.hipicon.com/tr-en/designers","Platform profili (tasarımcı/marka/stüdyo/üretici karışık)","Resmî public dizinden doğrulandı","needs_enrichment","blocked_until_enriched"
"Mana Botanicals","Hipicon","https://www.hipicon.com/tr-en/designers","Platform profili (tasarımcı/marka/stüdyo/üretici karışık)","Resmî public dizinden doğrulandı","needs_enrichment","blocked_until_enriched"
"Mana Ceramic & Concept","Hipicon","https://www.hipicon.com/tr-en/designers","Platform profili (tasarımcı/marka/stüdyo/üretici karışık)","Resmî public dizinden doğrulandı","needs_enrichment","blocked_until_enriched"
"Mandu","Hipicon","https://www.hipicon.com/tr-en/designers","Platform profili (tasarımcı/marka/stüdyo/üretici karışık)","Resmî public dizinden doğrulandı","needs_enrichment","blocked_until_enriched"
"Mangrov","Hipicon","https://www.hipicon.com/tr-en/designers","Platform profili (tasarımcı/marka/stüdyo/üretici karışık)","Resmî public dizinden doğrulandı","needs_enrichment","blocked_until_enriched"
"Mano Neon Art","Hipicon","https://www.hipicon.com/tr-en/designers","Platform profili (tasarımcı/marka/stüdyo/üretici karışık)","Resmî public dizinden doğrulandı","needs_enrichment","blocked_until_enriched"
"Mano Works","Hipicon","https://www.hipicon.com/tr-en/designers","Platform profili (tasarımcı/marka/stüdyo/üretici karışık)","Resmî public dizinden doğrulandı","needs_enrichment","blocked_until_enriched"
"Manus in Mano","Hipicon","https://www.hipicon.com/tr-en/designers","Platform profili (tasarımcı/marka/stüdyo/üretici karışık)","Resmî public dizinden doğrulandı","needs_enrichment","blocked_until_enriched"
"Manyfold Store","Hipicon","https://www.hipicon.com/tr-en/designers","Platform profili (tasarımcı/marka/stüdyo/üretici karışık)","Resmî public dizinden doğrulandı","needs_enrichment","blocked_until_enriched"
"Mar Cerca","Hipicon","https://www.hipicon.com/tr-en/designers","Platform profili (tasarımcı/marka/stüdyo/üretici karışık)","Resmî public dizinden doğrulandı","needs_enrichment","blocked_until_enriched"
"Marari","Hipicon","https://www.hipicon.com/tr-en/designers","Platform profili (tasarımcı/marka/stüdyo/üretici karışık)","Resmî public dizinden doğrulandı","needs_enrichment","blocked_until_enriched"
"Marave Art","Hipicon","https://www.hipicon.com/tr-en/designers","Platform profili (tasarımcı/marka/stüdyo/üretici karışık)","Resmî public dizinden doğrulandı","needs_enrichment","blocked_until_enriched"
"Marble&Co","Hipicon","https://www.hipicon.com/tr-en/designers","Platform profili (tasarımcı/marka/stüdyo/üretici karışık)","Resmî public dizinden doğrulandı","needs_enrichment","blocked_until_enriched"
"Marbre Home","Hipicon","https://www.hipicon.com/tr-en/designers","Platform profili (tasarımcı/marka/stüdyo/üretici karışık)","Resmî public dizinden doğrulandı","needs_enrichment","blocked_until_enriched"
"Mare Atelier","Hipicon","https://www.hipicon.com/tr-en/designers","Platform profili (tasarımcı/marka/stüdyo/üretici karışık)","Resmî public dizinden doğrulandı","needs_enrichment","blocked_until_enriched"
"Margami","Hipicon","https://www.hipicon.com/tr-en/designers","Platform profili (tasarımcı/marka/stüdyo/üretici karışık)","Resmî public dizinden doğrulandı","needs_enrichment","blocked_until_enriched"
"Mariaida Home","Hipicon","https://www.hipicon.com/tr-en/designers","Platform profili (tasarımcı/marka/stüdyo/üretici karışık)","Resmî public dizinden doğrulandı","needs_enrichment","blocked_until_enriched"
"Maris Atelier","Hipicon","https://www.hipicon.com/tr-en/designers","Platform profili (tasarımcı/marka/stüdyo/üretici karışık)","Resmî public dizinden doğrulandı","needs_enrichment","blocked_until_enriched"
"Maritera Design","Hipicon","https://www.hipicon.com/tr-en/designers","Platform profili (tasarımcı/marka/stüdyo/üretici karışık)","Resmî public dizinden doğrulandı","needs_enrichment","blocked_until_enriched"
"Marliagate","Hipicon","https://www.hipicon.com/tr-en/designers","Platform profili (tasarımcı/marka/stüdyo/üretici karışık)","Resmî public dizinden doğrulandı","needs_enrichment","blocked_until_enriched"
"Marmitable","Hipicon","https://www.hipicon.com/tr-en/designers","Platform profili (tasarımcı/marka/stüdyo/üretici karışık)","Resmî public dizinden doğrulandı","needs_enrichment","blocked_until_enriched"
"Marmony Concept","Hipicon","https://www.hipicon.com/tr-en/designers","Platform profili (tasarımcı/marka/stüdyo/üretici karışık)","Resmî public dizinden doğrulandı","needs_enrichment","blocked_until_enriched"
"Marmosium","Hipicon","https://www.hipicon.com/tr-en/designers","Platform profili (tasarımcı/marka/stüdyo/üretici karışık)","Resmî public dizinden doğrulandı","needs_enrichment","blocked_until_enriched"
"Marronist","Hipicon","https://www.hipicon.com/tr-en/designers","Platform profili (tasarımcı/marka/stüdyo/üretici karışık)","Resmî public dizinden doğrulandı","needs_enrichment","blocked_until_enriched"
"Mars Fabrika","Hipicon","https://www.hipicon.com/tr-en/designers","Platform profili (tasarımcı/marka/stüdyo/üretici karışık)","Resmî public dizinden doğrulandı","needs_enrichment","blocked_until_enriched"
"Mars and Mocha","Hipicon","https://www.hipicon.com/tr-en/designers","Platform profili (tasarımcı/marka/stüdyo/üretici karışık)","Resmî public dizinden doğrulandı","needs_enrichment","blocked_until_enriched"
"Marsea","Hipicon","https://www.hipicon.com/tr-en/designers","Platform profili (tasarımcı/marka/stüdyo/üretici karışık)","Resmî public dizinden doğrulandı","needs_enrichment","blocked_until_enriched"
"Marshmallow","Hipicon","https://www.hipicon.com/tr-en/designers","Platform profili (tasarımcı/marka/stüdyo/üretici karışık)","Resmî public dizinden doğrulandı","needs_enrichment","blocked_until_enriched"
"Martius","Hipicon","https://www.hipicon.com/tr-en/designers","Platform profili (tasarımcı/marka/stüdyo/üretici karışık)","Resmî public dizinden doğrulandı","needs_enrichment","blocked_until_enriched"
"Marvis","Hipicon","https://www.hipicon.com/tr-en/designers","Platform profili (tasarımcı/marka/stüdyo/üretici karışık)","Resmî public dizinden doğrulandı","needs_enrichment","blocked_until_enriched"
"Masiero","Hipicon","https://www.hipicon.com/tr-en/designers","Platform profili (tasarımcı/marka/stüdyo/üretici karışık)","Resmî public dizinden doğrulandı","needs_enrichment","blocked_until_enriched"
"Maslolab","Hipicon","https://www.hipicon.com/tr-en/designers","Platform profili (tasarımcı/marka/stüdyo/üretici karışık)","Resmî public dizinden doğrulandı","needs_enrichment","blocked_until_enriched"
"Massello Design","Hipicon","https://www.hipicon.com/tr-en/designers","Platform profili (tasarımcı/marka/stüdyo/üretici karışık)","Resmî public dizinden doğrulandı","needs_enrichment","blocked_until_enriched"
"Masuma Ceramics","Hipicon","https://www.hipicon.com/tr-en/designers","Platform profili (tasarımcı/marka/stüdyo/üretici karışık)","Resmî public dizinden doğrulandı","needs_enrichment","blocked_until_enriched"
"Mat.Co","Hipicon","https://www.hipicon.com/tr-en/designers","Platform profili (tasarımcı/marka/stüdyo/üretici karışık)","Resmî public dizinden doğrulandı","needs_enrichment","blocked_until_enriched"
"Maternel","Hipicon","https://www.hipicon.com/tr-en/designers","Platform profili (tasarımcı/marka/stüdyo/üretici karışık)","Resmî public dizinden doğrulandı","needs_enrichment","blocked_until_enriched"
"Matis Home Line","Hipicon","https://www.hipicon.com/tr-en/designers","Platform profili (tasarımcı/marka/stüdyo/üretici karışık)","Resmî public dizinden doğrulandı","needs_enrichment","blocked_until_enriched"
"Matriarqe","Hipicon","https://www.hipicon.com/tr-en/designers","Platform profili (tasarımcı/marka/stüdyo/üretici karışık)","Resmî public dizinden doğrulandı","needs_enrichment","blocked_until_enriched"
"Matsu Professional","Hipicon","https://www.hipicon.com/tr-en/designers","Platform profili (tasarımcı/marka/stüdyo/üretici karışık)","Resmî public dizinden doğrulandı","needs_enrichment","blocked_until_enriched"
"Matsuri","Hipicon","https://www.hipicon.com/tr-en/designers","Platform profili (tasarımcı/marka/stüdyo/üretici karışık)","Resmî public dizinden doğrulandı","needs_enrichment","blocked_until_enriched"
"Maven","Hipicon","https://www.hipicon.com/tr-en/designers","Platform profili (tasarımcı/marka/stüdyo/üretici karışık)","Resmî public dizinden doğrulandı","needs_enrichment","blocked_until_enriched"
"Mavitan Store","Hipicon","https://www.hipicon.com/tr-en/designers","Platform profili (tasarımcı/marka/stüdyo/üretici karışık)","Resmî public dizinden doğrulandı","needs_enrichment","blocked_until_enriched"
"Mavlo","Hipicon","https://www.hipicon.com/tr-en/designers","Platform profili (tasarımcı/marka/stüdyo/üretici karışık)","Resmî public dizinden doğrulandı","needs_enrichment","blocked_until_enriched"
"Maxvalue","Hipicon","https://www.hipicon.com/tr-en/designers","Platform profili (tasarımcı/marka/stüdyo/üretici karışık)","Resmî public dizinden doğrulandı","needs_enrichment","blocked_until_enriched"
"Maya Handcrafts","Hipicon","https://www.hipicon.com/tr-en/designers","Platform profili (tasarımcı/marka/stüdyo/üretici karışık)","Resmî public dizinden doğrulandı","needs_enrichment","blocked_until_enriched"
"Maya Kids Room","Hipicon","https://www.hipicon.com/tr-en/designers","Platform profili (tasarımcı/marka/stüdyo/üretici karışık)","Resmî public dizinden doğrulandı","needs_enrichment","blocked_until_enriched"
"Maya&Luca","Hipicon","https://www.hipicon.com/tr-en/designers","Platform profili (tasarımcı/marka/stüdyo/üretici karışık)","Resmî public dizinden doğrulandı","needs_enrichment","blocked_until_enriched"
"Mayamu","Hipicon","https://www.hipicon.com/tr-en/designers","Platform profili (tasarımcı/marka/stüdyo/üretici karışık)","Resmî public dizinden doğrulandı","needs_enrichment","blocked_until_enriched"
"Mazel Orbis","Hipicon","https://www.hipicon.com/tr-en/designers","Platform profili (tasarımcı/marka/stüdyo/üretici karışık)","Resmî public dizinden doğrulandı","needs_enrichment","blocked_until_enriched"
"Mazu Design Studio","Hipicon","https://www.hipicon.com/tr-en/designers","Platform profili (tasarımcı/marka/stüdyo/üretici karışık)","Resmî public dizinden doğrulandı","needs_enrichment","blocked_until_enriched"
"Mazu Studio","Hipicon","https://www.hipicon.com/tr-en/designers","Platform profili (tasarımcı/marka/stüdyo/üretici karışık)","Resmî public dizinden doğrulandı","needs_enrichment","blocked_until_enriched"
"Mediflora","Hipicon","https://www.hipicon.com/tr-en/designers","Platform profili (tasarımcı/marka/stüdyo/üretici karışık)","Resmî public dizinden doğrulandı","needs_enrichment","blocked_until_enriched"
"Medkarle","Hipicon","https://www.hipicon.com/tr-en/designers","Platform profili (tasarımcı/marka/stüdyo/üretici karışık)","Resmî public dizinden doğrulandı","needs_enrichment","blocked_until_enriched"
"Meeno Baby","Hipicon","https://www.hipicon.com/tr-en/designers","Platform profili (tasarımcı/marka/stüdyo/üretici karışık)","Resmî public dizinden doğrulandı","needs_enrichment","blocked_until_enriched"
"Meeres","Hipicon","https://www.hipicon.com/tr-en/designers","Platform profili (tasarımcı/marka/stüdyo/üretici karışık)","Resmî public dizinden doğrulandı","needs_enrichment","blocked_until_enriched"
"Mehdi Naghavi","Hipicon","https://www.hipicon.com/tr-en/designers","Platform profili (tasarımcı/marka/stüdyo/üretici karışık)","Resmî public dizinden doğrulandı","needs_enrichment","blocked_until_enriched"
"Mehrere","Hipicon","https://www.hipicon.com/tr-en/designers","Platform profili (tasarımcı/marka/stüdyo/üretici karışık)","Resmî public dizinden doğrulandı","needs_enrichment","blocked_until_enriched"
"Mein Shine","Hipicon","https://www.hipicon.com/tr-en/designers","Platform profili (tasarımcı/marka/stüdyo/üretici karışık)","Resmî public dizinden doğrulandı","needs_enrichment","blocked_until_enriched"
"Melez Mini Atelier","Hipicon","https://www.hipicon.com/tr-en/designers","Platform profili (tasarımcı/marka/stüdyo/üretici karışık)","Resmî public dizinden doğrulandı","needs_enrichment","blocked_until_enriched"
"Melez Tea","Hipicon","https://www.hipicon.com/tr-en/designers","Platform profili (tasarımcı/marka/stüdyo/üretici karışık)","Resmî public dizinden doğrulandı","needs_enrichment","blocked_until_enriched"
"Meli Toys","Hipicon","https://www.hipicon.com/tr-en/designers","Platform profili (tasarımcı/marka/stüdyo/üretici karışık)","Resmî public dizinden doğrulandı","needs_enrichment","blocked_until_enriched"
"Melie Jewelry","Hipicon","https://www.hipicon.com/tr-en/designers","Platform profili (tasarımcı/marka/stüdyo/üretici karışık)","Resmî public dizinden doğrulandı","needs_enrichment","blocked_until_enriched"
"Melike Gündüz","Hipicon","https://www.hipicon.com/tr-en/designers","Platform profili (tasarımcı/marka/stüdyo/üretici karışık)","Resmî public dizinden doğrulandı","needs_enrichment","blocked_until_enriched"
"Melike Kara","Hipicon","https://www.hipicon.com/tr-en/designers","Platform profili (tasarımcı/marka/stüdyo/üretici karışık)","Resmî public dizinden doğrulandı","needs_enrichment","blocked_until_enriched"
"Melinka Accessories","Hipicon","https://www.hipicon.com/tr-en/designers","Platform profili (tasarımcı/marka/stüdyo/üretici karışık)","Resmî public dizinden doğrulandı","needs_enrichment","blocked_until_enriched"
"Melinka Co.","Hipicon","https://www.hipicon.com/tr-en/designers","Platform profili (tasarımcı/marka/stüdyo/üretici karışık)","Resmî public dizinden doğrulandı","needs_enrichment","blocked_until_enriched"
"Melis Önalan","Hipicon","https://www.hipicon.com/tr-en/designers","Platform profili (tasarımcı/marka/stüdyo/üretici karışık)","Resmî public dizinden doğrulandı","needs_enrichment","blocked_until_enriched"
"Melis İnal","Hipicon","https://www.hipicon.com/tr-en/designers","Platform profili (tasarımcı/marka/stüdyo/üretici karışık)","Resmî public dizinden doğrulandı","needs_enrichment","blocked_until_enriched"
"Mell's Studio","Hipicon","https://www.hipicon.com/tr-en/designers","Platform profili (tasarımcı/marka/stüdyo/üretici karışık)","Resmî public dizinden doğrulandı","needs_enrichment","blocked_until_enriched"
"Mellys’ Nature","Hipicon","https://www.hipicon.com/tr-en/designers","Platform profili (tasarımcı/marka/stüdyo/üretici karışık)","Resmî public dizinden doğrulandı","needs_enrichment","blocked_until_enriched"
"Melon","Hipicon","https://www.hipicon.com/tr-en/designers","Platform profili (tasarımcı/marka/stüdyo/üretici karışık)","Resmî public dizinden doğrulandı","needs_enrichment","blocked_until_enriched"
"Melt Art Studio","Hipicon","https://www.hipicon.com/tr-en/designers","Platform profili (tasarımcı/marka/stüdyo/üretici karışık)","Resmî public dizinden doğrulandı","needs_enrichment","blocked_until_enriched"
"Membantu","Hipicon","https://www.hipicon.com/tr-en/designers","Platform profili (tasarımcı/marka/stüdyo/üretici karışık)","Resmî public dizinden doğrulandı","needs_enrichment","blocked_until_enriched"
"Memories & More","Hipicon","https://www.hipicon.com/tr-en/designers","Platform profili (tasarımcı/marka/stüdyo/üretici karışık)","Resmî public dizinden doğrulandı","needs_enrichment","blocked_until_enriched"
"Mer.Paww","Hipicon","https://www.hipicon.com/tr-en/designers","Platform profili (tasarımcı/marka/stüdyo/üretici karışık)","Resmî public dizinden doğrulandı","needs_enrichment","blocked_until_enriched"
"Merca&Minca","Hipicon","https://www.hipicon.com/tr-en/designers","Platform profili (tasarımcı/marka/stüdyo/üretici karışık)","Resmî public dizinden doğrulandı","needs_enrichment","blocked_until_enriched"
"Merci Elephant","Hipicon","https://www.hipicon.com/tr-en/designers","Platform profili (tasarımcı/marka/stüdyo/üretici karışık)","Resmî public dizinden doğrulandı","needs_enrichment","blocked_until_enriched"
"Merfico","Hipicon","https://www.hipicon.com/tr-en/designers","Platform profili (tasarımcı/marka/stüdyo/üretici karışık)","Resmî public dizinden doğrulandı","needs_enrichment","blocked_until_enriched"
"Merlon","Hipicon","https://www.hipicon.com/tr-en/designers","Platform profili (tasarımcı/marka/stüdyo/üretici karışık)","Resmî public dizinden doğrulandı","needs_enrichment","blocked_until_enriched"
"Mern Living","Hipicon","https://www.hipicon.com/tr-en/designers","Platform profili (tasarımcı/marka/stüdyo/üretici karışık)","Resmî public dizinden doğrulandı","needs_enrichment","blocked_until_enriched"
"Merrie","Hipicon","https://www.hipicon.com/tr-en/designers","Platform profili (tasarımcı/marka/stüdyo/üretici karışık)","Resmî public dizinden doğrulandı","needs_enrichment","blocked_until_enriched"
"Mersim Art","Hipicon","https://www.hipicon.com/tr-en/designers","Platform profili (tasarımcı/marka/stüdyo/üretici karışık)","Resmî public dizinden doğrulandı","needs_enrichment","blocked_until_enriched"
"Mert Erkan","Hipicon","https://www.hipicon.com/tr-en/designers","Platform profili (tasarımcı/marka/stüdyo/üretici karışık)","Resmî public dizinden doğrulandı","needs_enrichment","blocked_until_enriched"
"Meru İstanbul","Hipicon","https://www.hipicon.com/tr-en/designers","Platform profili (tasarımcı/marka/stüdyo/üretici karışık)","Resmî public dizinden doğrulandı","needs_enrichment","blocked_until_enriched"
"Merve Arslan Art","Hipicon","https://www.hipicon.com/tr-en/designers","Platform profili (tasarımcı/marka/stüdyo/üretici karışık)","Resmî public dizinden doğrulandı","needs_enrichment","blocked_until_enriched"
"Merve Kaderli Ceramic Studio","Hipicon","https://www.hipicon.com/tr-en/designers","Platform profili (tasarımcı/marka/stüdyo/üretici karışık)","Resmî public dizinden doğrulandı","needs_enrichment","blocked_until_enriched"
"Merve Kasrat","Hipicon","https://www.hipicon.com/tr-en/designers","Platform profili (tasarımcı/marka/stüdyo/üretici karışık)","Resmî public dizinden doğrulandı","needs_enrichment","blocked_until_enriched"
"Mesele","Hipicon","https://www.hipicon.com/tr-en/designers","Platform profili (tasarımcı/marka/stüdyo/üretici karışık)","Resmî public dizinden doğrulandı","needs_enrichment","blocked_until_enriched"
"Metallux","Hipicon","https://www.hipicon.com/tr-en/designers","Platform profili (tasarımcı/marka/stüdyo/üretici karışık)","Resmî public dizinden doğrulandı","needs_enrichment","blocked_until_enriched"
"Metalmorphose","Hipicon","https://www.hipicon.com/tr-en/designers","Platform profili (tasarımcı/marka/stüdyo/üretici karışık)","Resmî public dizinden doğrulandı","needs_enrichment","blocked_until_enriched"
"Metanoya Lighting","Hipicon","https://www.hipicon.com/tr-en/designers","Platform profili (tasarımcı/marka/stüdyo/üretici karışık)","Resmî public dizinden doğrulandı","needs_enrichment","blocked_until_enriched"
"Metastudio","Hipicon","https://www.hipicon.com/tr-en/designers","Platform profili (tasarımcı/marka/stüdyo/üretici karışık)","Resmî public dizinden doğrulandı","needs_enrichment","blocked_until_enriched"
"Metiers","Hipicon","https://www.hipicon.com/tr-en/designers","Platform profili (tasarımcı/marka/stüdyo/üretici karışık)","Resmî public dizinden doğrulandı","needs_enrichment","blocked_until_enriched"
"Mev's Atelier","Hipicon","https://www.hipicon.com/tr-en/designers","Platform profili (tasarımcı/marka/stüdyo/üretici karışık)","Resmî public dizinden doğrulandı","needs_enrichment","blocked_until_enriched"
"Mey Atelier","Hipicon","https://www.hipicon.com/tr-en/designers","Platform profili (tasarımcı/marka/stüdyo/üretici karışık)","Resmî public dizinden doğrulandı","needs_enrichment","blocked_until_enriched"
"Meyfar","Hipicon","https://www.hipicon.com/tr-en/designers","Platform profili (tasarımcı/marka/stüdyo/üretici karışık)","Resmî public dizinden doğrulandı","needs_enrichment","blocked_until_enriched"
"Meyka","Hipicon","https://www.hipicon.com/tr-en/designers","Platform profili (tasarımcı/marka/stüdyo/üretici karışık)","Resmî public dizinden doğrulandı","needs_enrichment","blocked_until_enriched"
"Meyra Avci Studio","Hipicon","https://www.hipicon.com/tr-en/designers","Platform profili (tasarımcı/marka/stüdyo/üretici karışık)","Resmî public dizinden doğrulandı","needs_enrichment","blocked_until_enriched"
"Meys Objects","Hipicon","https://www.hipicon.com/tr-en/designers","Platform profili (tasarımcı/marka/stüdyo/üretici karışık)","Resmî public dizinden doğrulandı","needs_enrichment","blocked_until_enriched"
"Mezz","Hipicon","https://www.hipicon.com/tr-en/designers","Platform profili (tasarımcı/marka/stüdyo/üretici karışık)","Resmî public dizinden doğrulandı","needs_enrichment","blocked_until_enriched"
"Mia Utopia","Hipicon","https://www.hipicon.com/tr-en/designers","Platform profili (tasarımcı/marka/stüdyo/üretici karışık)","Resmî public dizinden doğrulandı","needs_enrichment","blocked_until_enriched"
"MiaClay","Hipicon","https://www.hipicon.com/tr-en/designers","Platform profili (tasarımcı/marka/stüdyo/üretici karışık)","Resmî public dizinden doğrulandı","needs_enrichment","blocked_until_enriched"
"Miando Essentials","Hipicon","https://www.hipicon.com/tr-en/designers","Platform profili (tasarımcı/marka/stüdyo/üretici karışık)","Resmî public dizinden doğrulandı","needs_enrichment","blocked_until_enriched"
"Mianqa","Hipicon","https://www.hipicon.com/tr-en/designers","Platform profili (tasarımcı/marka/stüdyo/üretici karışık)","Resmî public dizinden doğrulandı","needs_enrichment","blocked_until_enriched"
"Miarik Design Home Decoration","Hipicon","https://www.hipicon.com/tr-en/designers","Platform profili (tasarımcı/marka/stüdyo/üretici karışık)","Resmî public dizinden doğrulandı","needs_enrichment","blocked_until_enriched"
"Mibellahome","Hipicon","https://www.hipicon.com/tr-en/designers","Platform profili (tasarımcı/marka/stüdyo/üretici karışık)","Resmî public dizinden doğrulandı","needs_enrichment","blocked_until_enriched"
"Microplane","Hipicon","https://www.hipicon.com/tr-en/designers","Platform profili (tasarımcı/marka/stüdyo/üretici karışık)","Resmî public dizinden doğrulandı","needs_enrichment","blocked_until_enriched"
"Midas Design","Hipicon","https://www.hipicon.com/tr-en/designers","Platform profili (tasarımcı/marka/stüdyo/üretici karışık)","Resmî public dizinden doğrulandı","needs_enrichment","blocked_until_enriched"
"Miebox Rituals","Hipicon","https://www.hipicon.com/tr-en/designers","Platform profili (tasarımcı/marka/stüdyo/üretici karışık)","Resmî public dizinden doğrulandı","needs_enrichment","blocked_until_enriched"
"Miela","Hipicon","https://www.hipicon.com/tr-en/designers","Platform profili (tasarımcı/marka/stüdyo/üretici karışık)","Resmî public dizinden doğrulandı","needs_enrichment","blocked_until_enriched"
"Mier","Hipicon","https://www.hipicon.com/tr-en/designers","Platform profili (tasarımcı/marka/stüdyo/üretici karışık)","Resmî public dizinden doğrulandı","needs_enrichment","blocked_until_enriched"
"Miera Atelier","Hipicon","https://www.hipicon.com/tr-en/designers","Platform profili (tasarımcı/marka/stüdyo/üretici karışık)","Resmî public dizinden doğrulandı","needs_enrichment","blocked_until_enriched"
"Miespiga","Hipicon","https://www.hipicon.com/tr-en/designers","Platform profili (tasarımcı/marka/stüdyo/üretici karışık)","Resmî public dizinden doğrulandı","needs_enrichment","blocked_until_enriched"
"Miga Ceramic","Hipicon","https://www.hipicon.com/tr-en/designers","Platform profili (tasarımcı/marka/stüdyo/üretici karışık)","Resmî public dizinden doğrulandı","needs_enrichment","blocked_until_enriched"
"Mik Marble Design","Hipicon","https://www.hipicon.com/tr-en/designers","Platform profili (tasarımcı/marka/stüdyo/üretici karışık)","Resmî public dizinden doğrulandı","needs_enrichment","blocked_until_enriched"
"Mika Home","Hipicon","https://www.hipicon.com/tr-en/designers","Platform profili (tasarımcı/marka/stüdyo/üretici karışık)","Resmî public dizinden doğrulandı","needs_enrichment","blocked_until_enriched"
"Mikedi Istanbul","Hipicon","https://www.hipicon.com/tr-en/designers","Platform profili (tasarımcı/marka/stüdyo/üretici karışık)","Resmî public dizinden doğrulandı","needs_enrichment","blocked_until_enriched"
"Miklan Istanbul","Hipicon","https://www.hipicon.com/tr-en/designers","Platform profili (tasarımcı/marka/stüdyo/üretici karışık)","Resmî public dizinden doğrulandı","needs_enrichment","blocked_until_enriched"
"Mil Studio","Hipicon","https://www.hipicon.com/tr-en/designers","Platform profili (tasarımcı/marka/stüdyo/üretici karışık)","Resmî public dizinden doğrulandı","needs_enrichment","blocked_until_enriched"
"Milagros","Hipicon","https://www.hipicon.com/tr-en/designers","Platform profili (tasarımcı/marka/stüdyo/üretici karışık)","Resmî public dizinden doğrulandı","needs_enrichment","blocked_until_enriched"
"Milano Avize","Hipicon","https://www.hipicon.com/tr-en/designers","Platform profili (tasarımcı/marka/stüdyo/üretici karışık)","Resmî public dizinden doğrulandı","needs_enrichment","blocked_until_enriched"
"Mileya Design","Hipicon","https://www.hipicon.com/tr-en/designers","Platform profili (tasarımcı/marka/stüdyo/üretici karışık)","Resmî public dizinden doğrulandı","needs_enrichment","blocked_until_enriched"
"Miliva Home","Hipicon","https://www.hipicon.com/tr-en/designers","Platform profili (tasarımcı/marka/stüdyo/üretici karışık)","Resmî public dizinden doğrulandı","needs_enrichment","blocked_until_enriched"
"Milkartdeco","Hipicon","https://www.hipicon.com/tr-en/designers","Platform profili (tasarımcı/marka/stüdyo/üretici karışık)","Resmî public dizinden doğrulandı","needs_enrichment","blocked_until_enriched"
"Milky Bag","Hipicon","https://www.hipicon.com/tr-en/designers","Platform profili (tasarımcı/marka/stüdyo/üretici karışık)","Resmî public dizinden doğrulandı","needs_enrichment","blocked_until_enriched"
"Milky Way Design","Hipicon","https://www.hipicon.com/tr-en/designers","Platform profili (tasarımcı/marka/stüdyo/üretici karışık)","Resmî public dizinden doğrulandı","needs_enrichment","blocked_until_enriched"
"Milnoi","Hipicon","https://www.hipicon.com/tr-en/designers","Platform profili (tasarımcı/marka/stüdyo/üretici karışık)","Resmî public dizinden doğrulandı","needs_enrichment","blocked_until_enriched"
"Milou Jewelry","Hipicon","https://www.hipicon.com/tr-en/designers","Platform profili (tasarımcı/marka/stüdyo/üretici karışık)","Resmî public dizinden doğrulandı","needs_enrichment","blocked_until_enriched"
"Mima","Hipicon","https://www.hipicon.com/tr-en/designers","Platform profili (tasarımcı/marka/stüdyo/üretici karışık)","Resmî public dizinden doğrulandı","needs_enrichment","blocked_until_enriched"
"Min Seramik","Hipicon","https://www.hipicon.com/tr-en/designers","Platform profili (tasarımcı/marka/stüdyo/üretici karışık)","Resmî public dizinden doğrulandı","needs_enrichment","blocked_until_enriched"
"Min. Swimwear","Hipicon","https://www.hipicon.com/tr-en/designers","Platform profili (tasarımcı/marka/stüdyo/üretici karışık)","Resmî public dizinden doğrulandı","needs_enrichment","blocked_until_enriched"
"Minaliva","Hipicon","https://www.hipicon.com/tr-en/designers","Platform profili (tasarımcı/marka/stüdyo/üretici karışık)","Resmî public dizinden doğrulandı","needs_enrichment","blocked_until_enriched"
"Mind The Mod","Hipicon","https://www.hipicon.com/tr-en/designers","Platform profili (tasarımcı/marka/stüdyo/üretici karışık)","Resmî public dizinden doğrulandı","needs_enrichment","blocked_until_enriched"
"Mindre Candle Co","Hipicon","https://www.hipicon.com/tr-en/designers","Platform profili (tasarımcı/marka/stüdyo/üretici karışık)","Resmî public dizinden doğrulandı","needs_enrichment","blocked_until_enriched"
"Minela Care","Hipicon","https://www.hipicon.com/tr-en/designers","Platform profili (tasarımcı/marka/stüdyo/üretici karışık)","Resmî public dizinden doğrulandı","needs_enrichment","blocked_until_enriched"
"Mini & Kids","Hipicon","https://www.hipicon.com/tr-en/designers","Platform profili (tasarımcı/marka/stüdyo/üretici karışık)","Resmî public dizinden doğrulandı","needs_enrichment","blocked_until_enriched"
"Mini Celebrities","Hipicon","https://www.hipicon.com/tr-en/designers","Platform profili (tasarımcı/marka/stüdyo/üretici karışık)","Resmî public dizinden doğrulandı","needs_enrichment","blocked_until_enriched"
"Mini Panoramics","Hipicon","https://www.hipicon.com/tr-en/designers","Platform profili (tasarımcı/marka/stüdyo/üretici karışık)","Resmî public dizinden doğrulandı","needs_enrichment","blocked_until_enriched"
"Minichamps","Hipicon","https://www.hipicon.com/tr-en/designers","Platform profili (tasarımcı/marka/stüdyo/üretici karışık)","Resmî public dizinden doğrulandı","needs_enrichment","blocked_until_enriched"
"Miniliq","Hipicon","https://www.hipicon.com/tr-en/designers","Platform profili (tasarımcı/marka/stüdyo/üretici karışık)","Resmî public dizinden doğrulandı","needs_enrichment","blocked_until_enriched"
"Minimono","Hipicon","https://www.hipicon.com/tr-en/designers","Platform profili (tasarımcı/marka/stüdyo/üretici karışık)","Resmî public dizinden doğrulandı","needs_enrichment","blocked_until_enriched"
"Miniworks3D","Hipicon","https://www.hipicon.com/tr-en/designers","Platform profili (tasarımcı/marka/stüdyo/üretici karışık)","Resmî public dizinden doğrulandı","needs_enrichment","blocked_until_enriched"
"Minojoy","Hipicon","https://www.hipicon.com/tr-en/designers","Platform profili (tasarımcı/marka/stüdyo/üretici karışık)","Resmî public dizinden doğrulandı","needs_enrichment","blocked_until_enriched"
"Mintco.","Hipicon","https://www.hipicon.com/tr-en/designers","Platform profili (tasarımcı/marka/stüdyo/üretici karışık)","Resmî public dizinden doğrulandı","needs_enrichment","blocked_until_enriched"
"MioMondoo","Hipicon","https://www.hipicon.com/tr-en/designers","Platform profili (tasarımcı/marka/stüdyo/üretici karışık)","Resmî public dizinden doğrulandı","needs_enrichment","blocked_until_enriched"
"Mirami Kids","Hipicon","https://www.hipicon.com/tr-en/designers","Platform profili (tasarımcı/marka/stüdyo/üretici karışık)","Resmî public dizinden doğrulandı","needs_enrichment","blocked_until_enriched"
"Mirimalist","Hipicon","https://www.hipicon.com/tr-en/designers","Platform profili (tasarımcı/marka/stüdyo/üretici karışık)","Resmî public dizinden doğrulandı","needs_enrichment","blocked_until_enriched"
"Miseca","Hipicon","https://www.hipicon.com/tr-en/designers","Platform profili (tasarımcı/marka/stüdyo/üretici karışık)","Resmî public dizinden doğrulandı","needs_enrichment","blocked_until_enriched"
"Misey Design","Hipicon","https://www.hipicon.com/tr-en/designers","Platform profili (tasarımcı/marka/stüdyo/üretici karışık)","Resmî public dizinden doğrulandı","needs_enrichment","blocked_until_enriched"
"Mishka Jewelry","Hipicon","https://www.hipicon.com/tr-en/designers","Platform profili (tasarımcı/marka/stüdyo/üretici karışık)","Resmî public dizinden doğrulandı","needs_enrichment","blocked_until_enriched"
"Misis Jewels","Hipicon","https://www.hipicon.com/tr-en/designers","Platform profili (tasarımcı/marka/stüdyo/üretici karışık)","Resmî public dizinden doğrulandı","needs_enrichment","blocked_until_enriched"
"Misk Cup Ceramic","Hipicon","https://www.hipicon.com/tr-en/designers","Platform profili (tasarımcı/marka/stüdyo/üretici karışık)","Resmî public dizinden doğrulandı","needs_enrichment","blocked_until_enriched"
"Miss Lemonade","Hipicon","https://www.hipicon.com/tr-en/designers","Platform profili (tasarımcı/marka/stüdyo/üretici karışık)","Resmî public dizinden doğrulandı","needs_enrichment","blocked_until_enriched"
"Miss May","Hipicon","https://www.hipicon.com/tr-en/designers","Platform profili (tasarımcı/marka/stüdyo/üretici karışık)","Resmî public dizinden doğrulandı","needs_enrichment","blocked_until_enriched"
"Miss Mimi","Hipicon","https://www.hipicon.com/tr-en/designers","Platform profili (tasarımcı/marka/stüdyo/üretici karışık)","Resmî public dizinden doğrulandı","needs_enrichment","blocked_until_enriched"
"Mita Concept","Hipicon","https://www.hipicon.com/tr-en/designers","Platform profili (tasarımcı/marka/stüdyo/üretici karışık)","Resmî public dizinden doğrulandı","needs_enrichment","blocked_until_enriched"
"Mittra","Hipicon","https://www.hipicon.com/tr-en/designers","Platform profili (tasarımcı/marka/stüdyo/üretici karışık)","Resmî public dizinden doğrulandı","needs_enrichment","blocked_until_enriched"
"Mixsoon","Hipicon","https://www.hipicon.com/tr-en/designers","Platform profili (tasarımcı/marka/stüdyo/üretici karışık)","Resmî public dizinden doğrulandı","needs_enrichment","blocked_until_enriched"
"Mixx Deco","Hipicon","https://www.hipicon.com/tr-en/designers","Platform profili (tasarımcı/marka/stüdyo/üretici karışık)","Resmî public dizinden doğrulandı","needs_enrichment","blocked_until_enriched"
"Miza Home","Hipicon","https://www.hipicon.com/tr-en/designers","Platform profili (tasarımcı/marka/stüdyo/üretici karışık)","Resmî public dizinden doğrulandı","needs_enrichment","blocked_until_enriched"
"Mizestreetwear","Hipicon","https://www.hipicon.com/tr-en/designers","Platform profili (tasarımcı/marka/stüdyo/üretici karışık)","Resmî public dizinden doğrulandı","needs_enrichment","blocked_until_enriched"
"Mjörr","Hipicon","https://www.hipicon.com/tr-en/designers","Platform profili (tasarımcı/marka/stüdyo/üretici karışık)","Resmî public dizinden doğrulandı","needs_enrichment","blocked_until_enriched"
"Mlini Jewelery","Hipicon","https://www.hipicon.com/tr-en/designers","Platform profili (tasarımcı/marka/stüdyo/üretici karışık)","Resmî public dizinden doğrulandı","needs_enrichment","blocked_until_enriched"
"Mne Work","Hipicon","https://www.hipicon.com/tr-en/designers","Platform profili (tasarımcı/marka/stüdyo/üretici karışık)","Resmî public dizinden doğrulandı","needs_enrichment","blocked_until_enriched"
"Moa By Moshe Aelyon","Hipicon","https://www.hipicon.com/tr-en/designers","Platform profili (tasarımcı/marka/stüdyo/üretici karışık)","Resmî public dizinden doğrulandı","needs_enrichment","blocked_until_enriched"
"Mober Studio","Hipicon","https://www.hipicon.com/tr-en/designers","Platform profili (tasarımcı/marka/stüdyo/üretici karışık)","Resmî public dizinden doğrulandı","needs_enrichment","blocked_until_enriched"
"Mobilya Pratik","Hipicon","https://www.hipicon.com/tr-en/designers","Platform profili (tasarımcı/marka/stüdyo/üretici karışık)","Resmî public dizinden doğrulandı","needs_enrichment","blocked_until_enriched"
"Moccamaster","Hipicon","https://www.hipicon.com/tr-en/designers","Platform profili (tasarımcı/marka/stüdyo/üretici karışık)","Resmî public dizinden doğrulandı","needs_enrichment","blocked_until_enriched"
"Modabilya","Hipicon","https://www.hipicon.com/tr-en/designers","Platform profili (tasarımcı/marka/stüdyo/üretici karışık)","Resmî public dizinden doğrulandı","needs_enrichment","blocked_until_enriched"
"Modesign","Hipicon","https://www.hipicon.com/tr-en/designers","Platform profili (tasarımcı/marka/stüdyo/üretici karışık)","Resmî public dizinden doğrulandı","needs_enrichment","blocked_until_enriched"
"Moebe","Hipicon","https://www.hipicon.com/tr-en/designers","Platform profili (tasarımcı/marka/stüdyo/üretici karışık)","Resmî public dizinden doğrulandı","needs_enrichment","blocked_until_enriched"
"Moena Studio","Hipicon","https://www.hipicon.com/tr-en/designers","Platform profili (tasarımcı/marka/stüdyo/üretici karışık)","Resmî public dizinden doğrulandı","needs_enrichment","blocked_until_enriched"
"Mogg Store","Hipicon","https://www.hipicon.com/tr-en/designers","Platform profili (tasarımcı/marka/stüdyo/üretici karışık)","Resmî public dizinden doğrulandı","needs_enrichment","blocked_until_enriched"
"Mois Candle","Hipicon","https://www.hipicon.com/tr-en/designers","Platform profili (tasarımcı/marka/stüdyo/üretici karışık)","Resmî public dizinden doğrulandı","needs_enrichment","blocked_until_enriched"
"Moje Concept","Hipicon","https://www.hipicon.com/tr-en/designers","Platform profili (tasarımcı/marka/stüdyo/üretici karışık)","Resmî public dizinden doğrulandı","needs_enrichment","blocked_until_enriched"
"Molini Baby","Hipicon","https://www.hipicon.com/tr-en/designers","Platform profili (tasarımcı/marka/stüdyo/üretici karışık)","Resmî public dizinden doğrulandı","needs_enrichment","blocked_until_enriched"
"Moly Baby and More","Hipicon","https://www.hipicon.com/tr-en/designers","Platform profili (tasarımcı/marka/stüdyo/üretici karışık)","Resmî public dizinden doğrulandı","needs_enrichment","blocked_until_enriched"
"Mome","Hipicon","https://www.hipicon.com/tr-en/designers","Platform profili (tasarımcı/marka/stüdyo/üretici karışık)","Resmî public dizinden doğrulandı","needs_enrichment","blocked_until_enriched"
"Momiya Dreams","Hipicon","https://www.hipicon.com/tr-en/designers","Platform profili (tasarımcı/marka/stüdyo/üretici karışık)","Resmî public dizinden doğrulandı","needs_enrichment","blocked_until_enriched"
"Momma & Dada","Hipicon","https://www.hipicon.com/tr-en/designers","Platform profili (tasarımcı/marka/stüdyo/üretici karışık)","Resmî public dizinden doğrulandı","needs_enrichment","blocked_until_enriched"
"Mommy Made It","Hipicon","https://www.hipicon.com/tr-en/designers","Platform profili (tasarımcı/marka/stüdyo/üretici karışık)","Resmî public dizinden doğrulandı","needs_enrichment","blocked_until_enriched"
"Moms And Needs","Hipicon","https://www.hipicon.com/tr-en/designers","Platform profili (tasarımcı/marka/stüdyo/üretici karışık)","Resmî public dizinden doğrulandı","needs_enrichment","blocked_until_enriched"
"Mon A Paw","Hipicon","https://www.hipicon.com/tr-en/designers","Platform profili (tasarımcı/marka/stüdyo/üretici karışık)","Resmî public dizinden doğrulandı","needs_enrichment","blocked_until_enriched"
"Mona","Hipicon","https://www.hipicon.com/tr-en/designers","Platform profili (tasarımcı/marka/stüdyo/üretici karışık)","Resmî public dizinden doğrulandı","needs_enrichment","blocked_until_enriched"
"Mona Rocks Design","Hipicon","https://www.hipicon.com/tr-en/designers","Platform profili (tasarımcı/marka/stüdyo/üretici karışık)","Resmî public dizinden doğrulandı","needs_enrichment","blocked_until_enriched"
"Monadas Bijou","Hipicon","https://www.hipicon.com/tr-en/designers","Platform profili (tasarımcı/marka/stüdyo/üretici karışık)","Resmî public dizinden doğrulandı","needs_enrichment","blocked_until_enriched"
"Monalp","Hipicon","https://www.hipicon.com/tr-en/designers","Platform profili (tasarımcı/marka/stüdyo/üretici karışık)","Resmî public dizinden doğrulandı","needs_enrichment","blocked_until_enriched"
"Monamoms","Hipicon","https://www.hipicon.com/tr-en/designers","Platform profili (tasarımcı/marka/stüdyo/üretici karışık)","Resmî public dizinden doğrulandı","needs_enrichment","blocked_until_enriched"
"Monapetra","Hipicon","https://www.hipicon.com/tr-en/designers","Platform profili (tasarımcı/marka/stüdyo/üretici karışık)","Resmî public dizinden doğrulandı","needs_enrichment","blocked_until_enriched"
"Monapieta","Hipicon","https://www.hipicon.com/tr-en/designers","Platform profili (tasarımcı/marka/stüdyo/üretici karışık)","Resmî public dizinden doğrulandı","needs_enrichment","blocked_until_enriched"
"Monaren","Hipicon","https://www.hipicon.com/tr-en/designers","Platform profili (tasarımcı/marka/stüdyo/üretici karışık)","Resmî public dizinden doğrulandı","needs_enrichment","blocked_until_enriched"
"Monday Kick","Hipicon","https://www.hipicon.com/tr-en/designers","Platform profili (tasarımcı/marka/stüdyo/üretici karışık)","Resmî public dizinden doğrulandı","needs_enrichment","blocked_until_enriched"
"Monden İstanbul","Hipicon","https://www.hipicon.com/tr-en/designers","Platform profili (tasarımcı/marka/stüdyo/üretici karışık)","Resmî public dizinden doğrulandı","needs_enrichment","blocked_until_enriched"
"Monett Home","Hipicon","https://www.hipicon.com/tr-en/designers","Platform profili (tasarımcı/marka/stüdyo/üretici karışık)","Resmî public dizinden doğrulandı","needs_enrichment","blocked_until_enriched"
"Monido","Hipicon","https://www.hipicon.com/tr-en/designers","Platform profili (tasarımcı/marka/stüdyo/üretici karışık)","Resmî public dizinden doğrulandı","needs_enrichment","blocked_until_enriched"
"Mononokebag","Hipicon","https://www.hipicon.com/tr-en/designers","Platform profili (tasarımcı/marka/stüdyo/üretici karışık)","Resmî public dizinden doğrulandı","needs_enrichment","blocked_until_enriched"
"Mons Bons","Hipicon","https://www.hipicon.com/tr-en/designers","Platform profili (tasarımcı/marka/stüdyo/üretici karışık)","Resmî public dizinden doğrulandı","needs_enrichment","blocked_until_enriched"
"Monsegno","Hipicon","https://www.hipicon.com/tr-en/designers","Platform profili (tasarımcı/marka/stüdyo/üretici karışık)","Resmî public dizinden doğrulandı","needs_enrichment","blocked_until_enriched"
"Monublue","Hipicon","https://www.hipicon.com/tr-en/designers","Platform profili (tasarımcı/marka/stüdyo/üretici karışık)","Resmî public dizinden doğrulandı","needs_enrichment","blocked_until_enriched"
"Moods And Goods","Hipicon","https://www.hipicon.com/tr-en/designers","Platform profili (tasarımcı/marka/stüdyo/üretici karışık)","Resmî public dizinden doğrulandı","needs_enrichment","blocked_until_enriched"
"Moontalels Kids","Hipicon","https://www.hipicon.com/tr-en/designers","Platform profili (tasarımcı/marka/stüdyo/üretici karışık)","Resmî public dizinden doğrulandı","needs_enrichment","blocked_until_enriched"
"Moose Store Baby & Kids","Hipicon","https://www.hipicon.com/tr-en/designers","Platform profili (tasarımcı/marka/stüdyo/üretici karışık)","Resmî public dizinden doğrulandı","needs_enrichment","blocked_until_enriched"
"Mooshu","Hipicon","https://www.hipicon.com/tr-en/designers","Platform profili (tasarımcı/marka/stüdyo/üretici karışık)","Resmî public dizinden doğrulandı","needs_enrichment","blocked_until_enriched"
"More Wood Design","Hipicon","https://www.hipicon.com/tr-en/designers","Platform profili (tasarımcı/marka/stüdyo/üretici karışık)","Resmî public dizinden doğrulandı","needs_enrichment","blocked_until_enriched"
"Morgedan","Hipicon","https://www.hipicon.com/tr-en/designers","Platform profili (tasarımcı/marka/stüdyo/üretici karışık)","Resmî public dizinden doğrulandı","needs_enrichment","blocked_until_enriched"
"Mori Ceramic","Hipicon","https://www.hipicon.com/tr-en/designers","Platform profili (tasarımcı/marka/stüdyo/üretici karışık)","Resmî public dizinden doğrulandı","needs_enrichment","blocked_until_enriched"
"Morikukko","Hipicon","https://www.hipicon.com/tr-en/designers","Platform profili (tasarımcı/marka/stüdyo/üretici karışık)","Resmî public dizinden doğrulandı","needs_enrichment","blocked_until_enriched"
"Morning","Hipicon","https://www.hipicon.com/tr-en/designers","Platform profili (tasarımcı/marka/stüdyo/üretici karışık)","Resmî public dizinden doğrulandı","needs_enrichment","blocked_until_enriched"
"Morning Blue","Hipicon","https://www.hipicon.com/tr-en/designers","Platform profili (tasarımcı/marka/stüdyo/üretici karışık)","Resmî public dizinden doğrulandı","needs_enrichment","blocked_until_enriched"
"Morp","Hipicon","https://www.hipicon.com/tr-en/designers","Platform profili (tasarımcı/marka/stüdyo/üretici karışık)","Resmî public dizinden doğrulandı","needs_enrichment","blocked_until_enriched"
"Morphee","Hipicon","https://www.hipicon.com/tr-en/designers","Platform profili (tasarımcı/marka/stüdyo/üretici karışık)","Resmî public dizinden doğrulandı","needs_enrichment","blocked_until_enriched"
"Mosaiss","Hipicon","https://www.hipicon.com/tr-en/designers","Platform profili (tasarımcı/marka/stüdyo/üretici karışık)","Resmî public dizinden doğrulandı","needs_enrichment","blocked_until_enriched"
"Mother Nature","Hipicon","https://www.hipicon.com/tr-en/designers","Platform profili (tasarımcı/marka/stüdyo/üretici karışık)","Resmî public dizinden doğrulandı","needs_enrichment","blocked_until_enriched"
"Motto Home Design","Hipicon","https://www.hipicon.com/tr-en/designers","Platform profili (tasarımcı/marka/stüdyo/üretici karışık)","Resmî public dizinden doğrulandı","needs_enrichment","blocked_until_enriched"
"Moummou Studio","Hipicon","https://www.hipicon.com/tr-en/designers","Platform profili (tasarımcı/marka/stüdyo/üretici karışık)","Resmî public dizinden doğrulandı","needs_enrichment","blocked_until_enriched"
"Movom","Hipicon","https://www.hipicon.com/tr-en/designers","Platform profili (tasarımcı/marka/stüdyo/üretici karışık)","Resmî public dizinden doğrulandı","needs_enrichment","blocked_until_enriched"
"Mowo","Hipicon","https://www.hipicon.com/tr-en/designers","Platform profili (tasarımcı/marka/stüdyo/üretici karışık)","Resmî public dizinden doğrulandı","needs_enrichment","blocked_until_enriched"
"Moyha","Hipicon","https://www.hipicon.com/tr-en/designers","Platform profili (tasarımcı/marka/stüdyo/üretici karışık)","Resmî public dizinden doğrulandı","needs_enrichment","blocked_until_enriched"
"Mr. Maria","Hipicon","https://www.hipicon.com/tr-en/designers","Platform profili (tasarımcı/marka/stüdyo/üretici karışık)","Resmî public dizinden doğrulandı","needs_enrichment","blocked_until_enriched"
"Ms. Sparkle","Hipicon","https://www.hipicon.com/tr-en/designers","Platform profili (tasarımcı/marka/stüdyo/üretici karışık)","Resmî public dizinden doğrulandı","needs_enrichment","blocked_until_enriched"
"Mubera","Hipicon","https://www.hipicon.com/tr-en/designers","Platform profili (tasarımcı/marka/stüdyo/üretici karışık)","Resmî public dizinden doğrulandı","needs_enrichment","blocked_until_enriched"
"Muca","Hipicon","https://www.hipicon.com/tr-en/designers","Platform profili (tasarımcı/marka/stüdyo/üretici karışık)","Resmî public dizinden doğrulandı","needs_enrichment","blocked_until_enriched"
"Muddy And More","Hipicon","https://www.hipicon.com/tr-en/designers","Platform profili (tasarımcı/marka/stüdyo/üretici karışık)","Resmî public dizinden doğrulandı","needs_enrichment","blocked_until_enriched"
"Mude","Hipicon","https://www.hipicon.com/tr-en/designers","Platform profili (tasarımcı/marka/stüdyo/üretici karışık)","Resmî public dizinden doğrulandı","needs_enrichment","blocked_until_enriched"
"Mudita","Hipicon","https://www.hipicon.com/tr-en/designers","Platform profili (tasarımcı/marka/stüdyo/üretici karışık)","Resmî public dizinden doğrulandı","needs_enrichment","blocked_until_enriched"
"Muff Atelier","Hipicon","https://www.hipicon.com/tr-en/designers","Platform profili (tasarımcı/marka/stüdyo/üretici karışık)","Resmî public dizinden doğrulandı","needs_enrichment","blocked_until_enriched"
"Muff Kids","Hipicon","https://www.hipicon.com/tr-en/designers","Platform profili (tasarımcı/marka/stüdyo/üretici karışık)","Resmî public dizinden doğrulandı","needs_enrichment","blocked_until_enriched"
"Mugartofficial","Hipicon","https://www.hipicon.com/tr-en/designers","Platform profili (tasarımcı/marka/stüdyo/üretici karışık)","Resmî public dizinden doğrulandı","needs_enrichment","blocked_until_enriched"
"Muj Design","Hipicon","https://www.hipicon.com/tr-en/designers","Platform profili (tasarımcı/marka/stüdyo/üretici karışık)","Resmî public dizinden doğrulandı","needs_enrichment","blocked_until_enriched"
"Mujj Objects","Hipicon","https://www.hipicon.com/tr-en/designers","Platform profili (tasarımcı/marka/stüdyo/üretici karışık)","Resmî public dizinden doğrulandı","needs_enrichment","blocked_until_enriched"
"Mumeleven","Hipicon","https://www.hipicon.com/tr-en/designers","Platform profili (tasarımcı/marka/stüdyo/üretici karışık)","Resmî public dizinden doğrulandı","needs_enrichment","blocked_until_enriched"
"Mumfuud","Hipicon","https://www.hipicon.com/tr-en/designers","Platform profili (tasarımcı/marka/stüdyo/üretici karışık)","Resmî public dizinden doğrulandı","needs_enrichment","blocked_until_enriched"
"Mummu Jewelry","Hipicon","https://www.hipicon.com/tr-en/designers","Platform profili (tasarımcı/marka/stüdyo/üretici karışık)","Resmî public dizinden doğrulandı","needs_enrichment","blocked_until_enriched"
"Mumya Mum","Hipicon","https://www.hipicon.com/tr-en/designers","Platform profili (tasarımcı/marka/stüdyo/üretici karışık)","Resmî public dizinden doğrulandı","needs_enrichment","blocked_until_enriched"
"Mundough","Hipicon","https://www.hipicon.com/tr-en/designers","Platform profili (tasarımcı/marka/stüdyo/üretici karışık)","Resmî public dizinden doğrulandı","needs_enrichment","blocked_until_enriched"
"Muofficialturkey","Hipicon","https://www.hipicon.com/tr-en/designers","Platform profili (tasarımcı/marka/stüdyo/üretici karışık)","Resmî public dizinden doğrulandı","needs_enrichment","blocked_until_enriched"
"Murad","Hipicon","https://www.hipicon.com/tr-en/designers","Platform profili (tasarımcı/marka/stüdyo/üretici karışık)","Resmî public dizinden doğrulandı","needs_enrichment","blocked_until_enriched"
"Musee A Fem London","Hipicon","https://www.hipicon.com/tr-en/designers","Platform profili (tasarımcı/marka/stüdyo/üretici karışık)","Resmî public dizinden doğrulandı","needs_enrichment","blocked_until_enriched"
"Mustard","Hipicon","https://www.hipicon.com/tr-en/designers","Platform profili (tasarımcı/marka/stüdyo/üretici karışık)","Resmî public dizinden doğrulandı","needs_enrichment","blocked_until_enriched"
"Mut Design Mimarlık","Hipicon","https://www.hipicon.com/tr-en/designers","Platform profili (tasarımcı/marka/stüdyo/üretici karışık)","Resmî public dizinden doğrulandı","needs_enrichment","blocked_until_enriched"
"Mutlak Mavi","Hipicon","https://www.hipicon.com/tr-en/designers","Platform profili (tasarımcı/marka/stüdyo/üretici karışık)","Resmî public dizinden doğrulandı","needs_enrichment","blocked_until_enriched"
"Muun Co.","Hipicon","https://www.hipicon.com/tr-en/designers","Platform profili (tasarımcı/marka/stüdyo/üretici karışık)","Resmî public dizinden doğrulandı","needs_enrichment","blocked_until_enriched"
"Muuto","Hipicon","https://www.hipicon.com/tr-en/designers","Platform profili (tasarımcı/marka/stüdyo/üretici karışık)","Resmî public dizinden doğrulandı","needs_enrichment","blocked_until_enriched"
"Muzen","Hipicon","https://www.hipicon.com/tr-en/designers","Platform profili (tasarımcı/marka/stüdyo/üretici karışık)","Resmî public dizinden doğrulandı","needs_enrichment","blocked_until_enriched"
"My Dream Lamp","Hipicon","https://www.hipicon.com/tr-en/designers","Platform profili (tasarımcı/marka/stüdyo/üretici karışık)","Resmî public dizinden doğrulandı","needs_enrichment","blocked_until_enriched"
"My Home Halı","Hipicon","https://www.hipicon.com/tr-en/designers","Platform profili (tasarımcı/marka/stüdyo/üretici karışık)","Resmî public dizinden doğrulandı","needs_enrichment","blocked_until_enriched"
"My Matcha Bowl","Hipicon","https://www.hipicon.com/tr-en/designers","Platform profili (tasarımcı/marka/stüdyo/üretici karışık)","Resmî public dizinden doğrulandı","needs_enrichment","blocked_until_enriched"
"My Name Is O","Hipicon","https://www.hipicon.com/tr-en/designers","Platform profili (tasarımcı/marka/stüdyo/üretici karışık)","Resmî public dizinden doğrulandı","needs_enrichment","blocked_until_enriched"
"My Oh My! Naturals","Hipicon","https://www.hipicon.com/tr-en/designers","Platform profili (tasarımcı/marka/stüdyo/üretici karışık)","Resmî public dizinden doğrulandı","needs_enrichment","blocked_until_enriched"
"Mystic Shine Design","Hipicon","https://www.hipicon.com/tr-en/designers","Platform profili (tasarımcı/marka/stüdyo/üretici karışık)","Resmî public dizinden doğrulandı","needs_enrichment","blocked_until_enriched"
"Myth Dekor","Hipicon","https://www.hipicon.com/tr-en/designers","Platform profili (tasarımcı/marka/stüdyo/üretici karışık)","Resmî public dizinden doğrulandı","needs_enrichment","blocked_until_enriched"
"Mythra","Hipicon","https://www.hipicon.com/tr-en/designers","Platform profili (tasarımcı/marka/stüdyo/üretici karışık)","Resmî public dizinden doğrulandı","needs_enrichment","blocked_until_enriched"
"Müstesna","Hipicon","https://www.hipicon.com/tr-en/designers","Platform profili (tasarımcı/marka/stüdyo/üretici karışık)","Resmî public dizinden doğrulandı","needs_enrichment","blocked_until_enriched"
"Mütemadiyen Studio","Hipicon","https://www.hipicon.com/tr-en/designers","Platform profili (tasarımcı/marka/stüdyo/üretici karışık)","Resmî public dizinden doğrulandı","needs_enrichment","blocked_until_enriched"
"Müzehher","Hipicon","https://www.hipicon.com/tr-en/designers","Platform profili (tasarımcı/marka/stüdyo/üretici karışık)","Resmî public dizinden doğrulandı","needs_enrichment","blocked_until_enriched"
"Mİ Su Deco","Hipicon","https://www.hipicon.com/tr-en/designers","Platform profili (tasarımcı/marka/stüdyo/üretici karışık)","Resmî public dizinden doğrulandı","needs_enrichment","blocked_until_enriched"
"ma'fille","Hipicon","https://www.hipicon.com/tr-en/designers","Platform profili (tasarımcı/marka/stüdyo/üretici karışık)","Resmî public dizinden doğrulandı","needs_enrichment","blocked_until_enriched"
"mimmel","Hipicon","https://www.hipicon.com/tr-en/designers","Platform profili (tasarımcı/marka/stüdyo/üretici karışık)","Resmî public dizinden doğrulandı","needs_enrichment","blocked_until_enriched"
"minimal X design","Hipicon","https://www.hipicon.com/tr-en/designers","Platform profili (tasarımcı/marka/stüdyo/üretici karışık)","Resmî public dizinden doğrulandı","needs_enrichment","blocked_until_enriched"
"miniscule by ebrar","Hipicon","https://www.hipicon.com/tr-en/designers","Platform profili (tasarımcı/marka/stüdyo/üretici karışık)","Resmî public dizinden doğrulandı","needs_enrichment","blocked_until_enriched"
"molliboon","Hipicon","https://www.hipicon.com/tr-en/designers","Platform profili (tasarımcı/marka/stüdyo/üretici karışık)","Resmî public dizinden doğrulandı","needs_enrichment","blocked_until_enriched"
"muchomuse.co","Hipicon","https://www.hipicon.com/tr-en/designers","Platform profili (tasarımcı/marka/stüdyo/üretici karışık)","Resmî public dizinden doğrulandı","needs_enrichment","blocked_until_enriched"
"myPath","Hipicon","https://www.hipicon.com/tr-en/designers","Platform profili (tasarımcı/marka/stüdyo/üretici karışık)","Resmî public dizinden doğrulandı","needs_enrichment","blocked_until_enriched"
"108 Niyettaşı","Hipicon","https://www.hipicon.com/tr-en/designers","Platform profili (tasarımcı/marka/stüdyo/üretici karışık)","Resmî public dizinden doğrulandı","needs_enrichment","blocked_until_enriched"
"N.Ö. Tasarım","Hipicon","https://www.hipicon.com/tr-en/designers","Platform profili (tasarımcı/marka/stüdyo/üretici karışık)","Resmî public dizinden doğrulandı","needs_enrichment","blocked_until_enriched"
"NANG","Hipicon","https://www.hipicon.com/tr-en/designers","Platform profili (tasarımcı/marka/stüdyo/üretici karışık)","Resmî public dizinden doğrulandı","needs_enrichment","blocked_until_enriched"
"NAYRA","Hipicon","https://www.hipicon.com/tr-en/designers","Platform profili (tasarımcı/marka/stüdyo/üretici karışık)","Resmî public dizinden doğrulandı","needs_enrichment","blocked_until_enriched"
"NEOSKIN","Hipicon","https://www.hipicon.com/tr-en/designers","Platform profili (tasarımcı/marka/stüdyo/üretici karışık)","Resmî public dizinden doğrulandı","needs_enrichment","blocked_until_enriched"
"NEOstill","Hipicon","https://www.hipicon.com/tr-en/designers","Platform profili (tasarımcı/marka/stüdyo/üretici karışık)","Resmî public dizinden doğrulandı","needs_enrichment","blocked_until_enriched"
"NORS","Hipicon","https://www.hipicon.com/tr-en/designers","Platform profili (tasarımcı/marka/stüdyo/üretici karışık)","Resmî public dizinden doğrulandı","needs_enrichment","blocked_until_enriched"
"NSL Mimarlık","Hipicon","https://www.hipicon.com/tr-en/designers","Platform profili (tasarımcı/marka/stüdyo/üretici karışık)","Resmî public dizinden doğrulandı","needs_enrichment","blocked_until_enriched"
"NY Tasarım","Hipicon","https://www.hipicon.com/tr-en/designers","Platform profili (tasarımcı/marka/stüdyo/üretici karışık)","Resmî public dizinden doğrulandı","needs_enrichment","blocked_until_enriched"
"NZG","Hipicon","https://www.hipicon.com/tr-en/designers","Platform profili (tasarımcı/marka/stüdyo/üretici karışık)","Resmî public dizinden doğrulandı","needs_enrichment","blocked_until_enriched"
"Nadora","Hipicon","https://www.hipicon.com/tr-en/designers","Platform profili (tasarımcı/marka/stüdyo/üretici karışık)","Resmî public dizinden doğrulandı","needs_enrichment","blocked_until_enriched"
"Naft","Hipicon","https://www.hipicon.com/tr-en/designers","Platform profili (tasarımcı/marka/stüdyo/üretici karışık)","Resmî public dizinden doğrulandı","needs_enrichment","blocked_until_enriched"
"Naia Home","Hipicon","https://www.hipicon.com/tr-en/designers","Platform profili (tasarımcı/marka/stüdyo/üretici karışık)","Resmî public dizinden doğrulandı","needs_enrichment","blocked_until_enriched"
"Naibbi","Hipicon","https://www.hipicon.com/tr-en/designers","Platform profili (tasarımcı/marka/stüdyo/üretici karışık)","Resmî public dizinden doğrulandı","needs_enrichment","blocked_until_enriched"
"Nakalend","Hipicon","https://www.hipicon.com/tr-en/designers","Platform profili (tasarımcı/marka/stüdyo/üretici karışık)","Resmî public dizinden doğrulandı","needs_enrichment","blocked_until_enriched"
"Naomi","Hipicon","https://www.hipicon.com/tr-en/designers","Platform profili (tasarımcı/marka/stüdyo/üretici karışık)","Resmî public dizinden doğrulandı","needs_enrichment","blocked_until_enriched"
"Nara Objects","Hipicon","https://www.hipicon.com/tr-en/designers","Platform profili (tasarımcı/marka/stüdyo/üretici karışık)","Resmî public dizinden doğrulandı","needs_enrichment","blocked_until_enriched"
"Naramica Studio","Hipicon","https://www.hipicon.com/tr-en/designers","Platform profili (tasarımcı/marka/stüdyo/üretici karışık)","Resmî public dizinden doğrulandı","needs_enrichment","blocked_until_enriched"
"Narcis Bee","Hipicon","https://www.hipicon.com/tr-en/designers","Platform profili (tasarımcı/marka/stüdyo/üretici karışık)","Resmî public dizinden doğrulandı","needs_enrichment","blocked_until_enriched"
"Narin Metal","Hipicon","https://www.hipicon.com/tr-en/designers","Platform profili (tasarımcı/marka/stüdyo/üretici karışık)","Resmî public dizinden doğrulandı","needs_enrichment","blocked_until_enriched"
"Nars Atelier","Hipicon","https://www.hipicon.com/tr-en/designers","Platform profili (tasarımcı/marka/stüdyo/üretici karışık)","Resmî public dizinden doğrulandı","needs_enrichment","blocked_until_enriched"
"Narsy Art","Hipicon","https://www.hipicon.com/tr-en/designers","Platform profili (tasarımcı/marka/stüdyo/üretici karışık)","Resmî public dizinden doğrulandı","needs_enrichment","blocked_until_enriched"
"Nasaqu","Hipicon","https://www.hipicon.com/tr-en/designers","Platform profili (tasarımcı/marka/stüdyo/üretici karışık)","Resmî public dizinden doğrulandı","needs_enrichment","blocked_until_enriched"
"Nassuh","Hipicon","https://www.hipicon.com/tr-en/designers","Platform profili (tasarımcı/marka/stüdyo/üretici karışık)","Resmî public dizinden doğrulandı","needs_enrichment","blocked_until_enriched"
"Nature Of The Things","Hipicon","https://www.hipicon.com/tr-en/designers","Platform profili (tasarımcı/marka/stüdyo/üretici karışık)","Resmî public dizinden doğrulandı","needs_enrichment","blocked_until_enriched"
"Navi Ceramics","Hipicon","https://www.hipicon.com/tr-en/designers","Platform profili (tasarımcı/marka/stüdyo/üretici karışık)","Resmî public dizinden doğrulandı","needs_enrichment","blocked_until_enriched"
"Naz Işıksoy","Hipicon","https://www.hipicon.com/tr-en/designers","Platform profili (tasarımcı/marka/stüdyo/üretici karışık)","Resmî public dizinden doğrulandı","needs_enrichment","blocked_until_enriched"
"Naz Saner Draws","Hipicon","https://www.hipicon.com/tr-en/designers","Platform profili (tasarımcı/marka/stüdyo/üretici karışık)","Resmî public dizinden doğrulandı","needs_enrichment","blocked_until_enriched"
"Nazan Çakır","Hipicon","https://www.hipicon.com/tr-en/designers","Platform profili (tasarımcı/marka/stüdyo/üretici karışık)","Resmî public dizinden doğrulandı","needs_enrichment","blocked_until_enriched"
"Neashcare","Hipicon","https://www.hipicon.com/tr-en/designers","Platform profili (tasarımcı/marka/stüdyo/üretici karışık)","Resmî public dizinden doğrulandı","needs_enrichment","blocked_until_enriched"
"Nedis","Hipicon","https://www.hipicon.com/tr-en/designers","Platform profili (tasarımcı/marka/stüdyo/üretici karışık)","Resmî public dizinden doğrulandı","needs_enrichment","blocked_until_enriched"
"Nehir Özbey Interiors","Hipicon","https://www.hipicon.com/tr-en/designers","Platform profili (tasarımcı/marka/stüdyo/üretici karışık)","Resmî public dizinden doğrulandı","needs_enrichment","blocked_until_enriched"
"Neko & CO","Hipicon","https://www.hipicon.com/tr-en/designers","Platform profili (tasarımcı/marka/stüdyo/üretici karışık)","Resmî public dizinden doğrulandı","needs_enrichment","blocked_until_enriched"
"Nene Ceramics","Hipicon","https://www.hipicon.com/tr-en/designers","Platform profili (tasarımcı/marka/stüdyo/üretici karışık)","Resmî public dizinden doğrulandı","needs_enrichment","blocked_until_enriched"
"Neostone Studio","Hipicon","https://www.hipicon.com/tr-en/designers","Platform profili (tasarımcı/marka/stüdyo/üretici karışık)","Resmî public dizinden doğrulandı","needs_enrichment","blocked_until_enriched"
"Neutron","Hipicon","https://www.hipicon.com/tr-en/designers","Platform profili (tasarımcı/marka/stüdyo/üretici karışık)","Resmî public dizinden doğrulandı","needs_enrichment","blocked_until_enriched"
"Nexus Arte 3D","Hipicon","https://www.hipicon.com/tr-en/designers","Platform profili (tasarımcı/marka/stüdyo/üretici karışık)","Resmî public dizinden doğrulandı","needs_enrichment","blocked_until_enriched"
"Neymiş","Hipicon","https://www.hipicon.com/tr-en/designers","Platform profili (tasarımcı/marka/stüdyo/üretici karışık)","Resmî public dizinden doğrulandı","needs_enrichment","blocked_until_enriched"
"Night And Mild","Hipicon","https://www.hipicon.com/tr-en/designers","Platform profili (tasarımcı/marka/stüdyo/üretici karışık)","Resmî public dizinden doğrulandı","needs_enrichment","blocked_until_enriched"
"Nikon","Hipicon","https://www.hipicon.com/tr-en/designers","Platform profili (tasarımcı/marka/stüdyo/üretici karışık)","Resmî public dizinden doğrulandı","needs_enrichment","blocked_until_enriched"
"Nil Kayılı Porcelain","Hipicon","https://www.hipicon.com/tr-en/designers","Platform profili (tasarımcı/marka/stüdyo/üretici karışık)","Resmî public dizinden doğrulandı","needs_enrichment","blocked_until_enriched"
"Nilis","Hipicon","https://www.hipicon.com/tr-en/designers","Platform profili (tasarımcı/marka/stüdyo/üretici karışık)","Resmî public dizinden doğrulandı","needs_enrichment","blocked_until_enriched"
"Nilol Print","Hipicon","https://www.hipicon.com/tr-en/designers","Platform profili (tasarımcı/marka/stüdyo/üretici karışık)","Resmî public dizinden doğrulandı","needs_enrichment","blocked_until_enriched"
"Nilsu Alanyalı","Hipicon","https://www.hipicon.com/tr-en/designers","Platform profili (tasarımcı/marka/stüdyo/üretici karışık)","Resmî public dizinden doğrulandı","needs_enrichment","blocked_until_enriched"
"Nilubags","Hipicon","https://www.hipicon.com/tr-en/designers","Platform profili (tasarımcı/marka/stüdyo/üretici karışık)","Resmî public dizinden doğrulandı","needs_enrichment","blocked_until_enriched"
"Nima Gurme","Hipicon","https://www.hipicon.com/tr-en/designers","Platform profili (tasarımcı/marka/stüdyo/üretici karışık)","Resmî public dizinden doğrulandı","needs_enrichment","blocked_until_enriched"
"Ninety Third & Co.","Hipicon","https://www.hipicon.com/tr-en/designers","Platform profili (tasarımcı/marka/stüdyo/üretici karışık)","Resmî public dizinden doğrulandı","needs_enrichment","blocked_until_enriched"
"Ninn Design","Hipicon","https://www.hipicon.com/tr-en/designers","Platform profili (tasarımcı/marka/stüdyo/üretici karışık)","Resmî public dizinden doğrulandı","needs_enrichment","blocked_until_enriched"
"Nisse","Hipicon","https://www.hipicon.com/tr-en/designers","Platform profili (tasarımcı/marka/stüdyo/üretici karışık)","Resmî public dizinden doğrulandı","needs_enrichment","blocked_until_enriched"
"Nixx The Kicks","Hipicon","https://www.hipicon.com/tr-en/designers","Platform profili (tasarımcı/marka/stüdyo/üretici karışık)","Resmî public dizinden doğrulandı","needs_enrichment","blocked_until_enriched"
"No 23 Design Studio","Hipicon","https://www.hipicon.com/tr-en/designers","Platform profili (tasarımcı/marka/stüdyo/üretici karışık)","Resmî public dizinden doğrulandı","needs_enrichment","blocked_until_enriched"
"No 925","Hipicon","https://www.hipicon.com/tr-en/designers","Platform profili (tasarımcı/marka/stüdyo/üretici karışık)","Resmî public dizinden doğrulandı","needs_enrichment","blocked_until_enriched"
"No Se Wear","Hipicon","https://www.hipicon.com/tr-en/designers","Platform profili (tasarımcı/marka/stüdyo/üretici karışık)","Resmî public dizinden doğrulandı","needs_enrichment","blocked_until_enriched"
"No8 Atölye","Hipicon","https://www.hipicon.com/tr-en/designers","Platform profili (tasarımcı/marka/stüdyo/üretici karışık)","Resmî public dizinden doğrulandı","needs_enrichment","blocked_until_enriched"
"Noa Knitz","Hipicon","https://www.hipicon.com/tr-en/designers","Platform profili (tasarımcı/marka/stüdyo/üretici karışık)","Resmî public dizinden doğrulandı","needs_enrichment","blocked_until_enriched"
"Nobelux Home","Hipicon","https://www.hipicon.com/tr-en/designers","Platform profili (tasarımcı/marka/stüdyo/üretici karışık)","Resmî public dizinden doğrulandı","needs_enrichment","blocked_until_enriched"
"Nobledog","Hipicon","https://www.hipicon.com/tr-en/designers","Platform profili (tasarımcı/marka/stüdyo/üretici karışık)","Resmî public dizinden doğrulandı","needs_enrichment","blocked_until_enriched"
"Nobodinoz","Hipicon","https://www.hipicon.com/tr-en/designers","Platform profili (tasarımcı/marka/stüdyo/üretici karışık)","Resmî public dizinden doğrulandı","needs_enrichment","blocked_until_enriched"
"Nodo İstanbul","Hipicon","https://www.hipicon.com/tr-en/designers","Platform profili (tasarımcı/marka/stüdyo/üretici karışık)","Resmî public dizinden doğrulandı","needs_enrichment","blocked_until_enriched"
"Noir Pit Coffee Co.","Hipicon","https://www.hipicon.com/tr-en/designers","Platform profili (tasarımcı/marka/stüdyo/üretici karışık)","Resmî public dizinden doğrulandı","needs_enrichment","blocked_until_enriched"
"Nolana","Hipicon","https://www.hipicon.com/tr-en/designers","Platform profili (tasarımcı/marka/stüdyo/üretici karışık)","Resmî public dizinden doğrulandı","needs_enrichment","blocked_until_enriched"
"Nomowa","Hipicon","https://www.hipicon.com/tr-en/designers","Platform profili (tasarımcı/marka/stüdyo/üretici karışık)","Resmî public dizinden doğrulandı","needs_enrichment","blocked_until_enriched"
"Nora Ceramics","Hipicon","https://www.hipicon.com/tr-en/designers","Platform profili (tasarımcı/marka/stüdyo/üretici karışık)","Resmî public dizinden doğrulandı","needs_enrichment","blocked_until_enriched"
"Nordbron","Hipicon","https://www.hipicon.com/tr-en/designers","Platform profili (tasarımcı/marka/stüdyo/üretici karışık)","Resmî public dizinden doğrulandı","needs_enrichment","blocked_until_enriched"
"Norde Junior","Hipicon","https://www.hipicon.com/tr-en/designers","Platform profili (tasarımcı/marka/stüdyo/üretici karışık)","Resmî public dizinden doğrulandı","needs_enrichment","blocked_until_enriched"
"Nordik Aromaterapi","Hipicon","https://www.hipicon.com/tr-en/designers","Platform profili (tasarımcı/marka/stüdyo/üretici karışık)","Resmî public dizinden doğrulandı","needs_enrichment","blocked_until_enriched"
"Norev","Hipicon","https://www.hipicon.com/tr-en/designers","Platform profili (tasarımcı/marka/stüdyo/üretici karışık)","Resmî public dizinden doğrulandı","needs_enrichment","blocked_until_enriched"
"Norn Design Studio","Hipicon","https://www.hipicon.com/tr-en/designers","Platform profili (tasarımcı/marka/stüdyo/üretici karışık)","Resmî public dizinden doğrulandı","needs_enrichment","blocked_until_enriched"
"Nossa","Hipicon","https://www.hipicon.com/tr-en/designers","Platform profili (tasarımcı/marka/stüdyo/üretici karışık)","Resmî public dizinden doğrulandı","needs_enrichment","blocked_until_enriched"
"Not Enough Color","Hipicon","https://www.hipicon.com/tr-en/designers","Platform profili (tasarımcı/marka/stüdyo/üretici karışık)","Resmî public dizinden doğrulandı","needs_enrichment","blocked_until_enriched"
"Notaret","Hipicon","https://www.hipicon.com/tr-en/designers","Platform profili (tasarımcı/marka/stüdyo/üretici karışık)","Resmî public dizinden doğrulandı","needs_enrichment","blocked_until_enriched"
"Notfound Wear","Hipicon","https://www.hipicon.com/tr-en/designers","Platform profili (tasarımcı/marka/stüdyo/üretici karışık)","Resmî public dizinden doğrulandı","needs_enrichment","blocked_until_enriched"
"Nou-Ere","Hipicon","https://www.hipicon.com/tr-en/designers","Platform profili (tasarımcı/marka/stüdyo/üretici karışık)","Resmî public dizinden doğrulandı","needs_enrichment","blocked_until_enriched"
"Noula","Hipicon","https://www.hipicon.com/tr-en/designers","Platform profili (tasarımcı/marka/stüdyo/üretici karışık)","Resmî public dizinden doğrulandı","needs_enrichment","blocked_until_enriched"
"Nova Style Swim","Hipicon","https://www.hipicon.com/tr-en/designers","Platform profili (tasarımcı/marka/stüdyo/üretici karışık)","Resmî public dizinden doğrulandı","needs_enrichment","blocked_until_enriched"
"Novark Studio","Hipicon","https://www.hipicon.com/tr-en/designers","Platform profili (tasarımcı/marka/stüdyo/üretici karışık)","Resmî public dizinden doğrulandı","needs_enrichment","blocked_until_enriched"
"Now Furniture","Hipicon","https://www.hipicon.com/tr-en/designers","Platform profili (tasarımcı/marka/stüdyo/üretici karışık)","Resmî public dizinden doğrulandı","needs_enrichment","blocked_until_enriched"
"NowArt Jewelry","Hipicon","https://www.hipicon.com/tr-en/designers","Platform profili (tasarımcı/marka/stüdyo/üretici karışık)","Resmî public dizinden doğrulandı","needs_enrichment","blocked_until_enriched"
"Nui Yoga","Hipicon","https://www.hipicon.com/tr-en/designers","Platform profili (tasarımcı/marka/stüdyo/üretici karışık)","Resmî public dizinden doğrulandı","needs_enrichment","blocked_until_enriched"
"Nuir Studio","Hipicon","https://www.hipicon.com/tr-en/designers","Platform profili (tasarımcı/marka/stüdyo/üretici karışık)","Resmî public dizinden doğrulandı","needs_enrichment","blocked_until_enriched"
"Nukla","Hipicon","https://www.hipicon.com/tr-en/designers","Platform profili (tasarımcı/marka/stüdyo/üretici karışık)","Resmî public dizinden doğrulandı","needs_enrichment","blocked_until_enriched"
"Nun Art Store","Hipicon","https://www.hipicon.com/tr-en/designers","Platform profili (tasarımcı/marka/stüdyo/üretici karışık)","Resmî public dizinden doğrulandı","needs_enrichment","blocked_until_enriched"
"Nun Hanmade Design","Hipicon","https://www.hipicon.com/tr-en/designers","Platform profili (tasarımcı/marka/stüdyo/üretici karışık)","Resmî public dizinden doğrulandı","needs_enrichment","blocked_until_enriched"
"Nur Karaata","Hipicon","https://www.hipicon.com/tr-en/designers","Platform profili (tasarımcı/marka/stüdyo/üretici karışık)","Resmî public dizinden doğrulandı","needs_enrichment","blocked_until_enriched"
"Nurseda Dovan","Hipicon","https://www.hipicon.com/tr-en/designers","Platform profili (tasarımcı/marka/stüdyo/üretici karışık)","Resmî public dizinden doğrulandı","needs_enrichment","blocked_until_enriched"
"Nut Ordinary","Hipicon","https://www.hipicon.com/tr-en/designers","Platform profili (tasarımcı/marka/stüdyo/üretici karışık)","Resmî public dizinden doğrulandı","needs_enrichment","blocked_until_enriched"
"Nuud","Hipicon","https://www.hipicon.com/tr-en/designers","Platform profili (tasarımcı/marka/stüdyo/üretici karışık)","Resmî public dizinden doğrulandı","needs_enrichment","blocked_until_enriched"
"Nuuna","Hipicon","https://www.hipicon.com/tr-en/designers","Platform profili (tasarımcı/marka/stüdyo/üretici karışık)","Resmî public dizinden doğrulandı","needs_enrichment","blocked_until_enriched"
"Nymela Art","Hipicon","https://www.hipicon.com/tr-en/designers","Platform profili (tasarımcı/marka/stüdyo/üretici karışık)","Resmî public dizinden doğrulandı","needs_enrichment","blocked_until_enriched"
"Nysa Interior","Hipicon","https://www.hipicon.com/tr-en/designers","Platform profili (tasarımcı/marka/stüdyo/üretici karışık)","Resmî public dizinden doğrulandı","needs_enrichment","blocked_until_enriched"
"Nyssia Handmade Bag","Hipicon","https://www.hipicon.com/tr-en/designers","Platform profili (tasarımcı/marka/stüdyo/üretici karışık)","Resmî public dizinden doğrulandı","needs_enrichment","blocked_until_enriched"
"n.a.if ceramics","Hipicon","https://www.hipicon.com/tr-en/designers","Platform profili (tasarımcı/marka/stüdyo/üretici karışık)","Resmî public dizinden doğrulandı","needs_enrichment","blocked_until_enriched"
"no'design","Hipicon","https://www.hipicon.com/tr-en/designers","Platform profili (tasarımcı/marka/stüdyo/üretici karışık)","Resmî public dizinden doğrulandı","needs_enrichment","blocked_until_enriched"
"OBJEXOM","Hipicon","https://www.hipicon.com/tr-en/designers","Platform profili (tasarımcı/marka/stüdyo/üretici karışık)","Resmî public dizinden doğrulandı","needs_enrichment","blocked_until_enriched"
"ODA.products","Hipicon","https://www.hipicon.com/tr-en/designers","Platform profili (tasarımcı/marka/stüdyo/üretici karışık)","Resmî public dizinden doğrulandı","needs_enrichment","blocked_until_enriched"
"OJO","Hipicon","https://www.hipicon.com/tr-en/designers","Platform profili (tasarımcı/marka/stüdyo/üretici karışık)","Resmî public dizinden doğrulandı","needs_enrichment","blocked_until_enriched"
"OLIVIO&CO","Hipicon","https://www.hipicon.com/tr-en/designers","Platform profili (tasarımcı/marka/stüdyo/üretici karışık)","Resmî public dizinden doğrulandı","needs_enrichment","blocked_until_enriched"
"OTRERA","Hipicon","https://www.hipicon.com/tr-en/designers","Platform profili (tasarımcı/marka/stüdyo/üretici karışık)","Resmî public dizinden doğrulandı","needs_enrichment","blocked_until_enriched"
"OTTO","Hipicon","https://www.hipicon.com/tr-en/designers","Platform profili (tasarımcı/marka/stüdyo/üretici karışık)","Resmî public dizinden doğrulandı","needs_enrichment","blocked_until_enriched"
"OXS","Hipicon","https://www.hipicon.com/tr-en/designers","Platform profili (tasarımcı/marka/stüdyo/üretici karışık)","Resmî public dizinden doğrulandı","needs_enrichment","blocked_until_enriched"
"Object Or Not Object","Hipicon","https://www.hipicon.com/tr-en/designers","Platform profili (tasarımcı/marka/stüdyo/üretici karışık)","Resmî public dizinden doğrulandı","needs_enrichment","blocked_until_enriched"
"Objekt","Hipicon","https://www.hipicon.com/tr-en/designers","Platform profili (tasarımcı/marka/stüdyo/üretici karışık)","Resmî public dizinden doğrulandı","needs_enrichment","blocked_until_enriched"
"Ocimum Home","Hipicon","https://www.hipicon.com/tr-en/designers","Platform profili (tasarımcı/marka/stüdyo/üretici karışık)","Resmî public dizinden doğrulandı","needs_enrichment","blocked_until_enriched"
"Odd One Out","Hipicon","https://www.hipicon.com/tr-en/designers","Platform profili (tasarımcı/marka/stüdyo/üretici karışık)","Resmî public dizinden doğrulandı","needs_enrichment","blocked_until_enriched"
"Off By One","Hipicon","https://www.hipicon.com/tr-en/designers","Platform profili (tasarımcı/marka/stüdyo/üretici karışık)","Resmî public dizinden doğrulandı","needs_enrichment","blocked_until_enriched"
"Ogia Concept","Hipicon","https://www.hipicon.com/tr-en/designers","Platform profili (tasarımcı/marka/stüdyo/üretici karışık)","Resmî public dizinden doğrulandı","needs_enrichment","blocked_until_enriched"
"Oh Ladies Studio","Hipicon","https://www.hipicon.com/tr-en/designers","Platform profili (tasarımcı/marka/stüdyo/üretici karışık)","Resmî public dizinden doğrulandı","needs_enrichment","blocked_until_enriched"
"OhLaLaKoala","Hipicon","https://www.hipicon.com/tr-en/designers","Platform profili (tasarımcı/marka/stüdyo/üretici karışık)","Resmî public dizinden doğrulandı","needs_enrichment","blocked_until_enriched"
"Ohm Handmade","Hipicon","https://www.hipicon.com/tr-en/designers","Platform profili (tasarımcı/marka/stüdyo/üretici karışık)","Resmî public dizinden doğrulandı","needs_enrichment","blocked_until_enriched"
"Oino Studio","Hipicon","https://www.hipicon.com/tr-en/designers","Platform profili (tasarımcı/marka/stüdyo/üretici karışık)","Resmî public dizinden doğrulandı","needs_enrichment","blocked_until_enriched"
"Oio Lab","Hipicon","https://www.hipicon.com/tr-en/designers","Platform profili (tasarımcı/marka/stüdyo/üretici karışık)","Resmî public dizinden doğrulandı","needs_enrichment","blocked_until_enriched"
"Okiiforme","Hipicon","https://www.hipicon.com/tr-en/designers","Platform profili (tasarımcı/marka/stüdyo/üretici karışık)","Resmî public dizinden doğrulandı","needs_enrichment","blocked_until_enriched"
"Okkia Eyewear","Hipicon","https://www.hipicon.com/tr-en/designers","Platform profili (tasarımcı/marka/stüdyo/üretici karışık)","Resmî public dizinden doğrulandı","needs_enrichment","blocked_until_enriched"
"Ola Kala","Hipicon","https://www.hipicon.com/tr-en/designers","Platform profili (tasarımcı/marka/stüdyo/üretici karışık)","Resmî public dizinden doğrulandı","needs_enrichment","blocked_until_enriched"
"Olapea","Hipicon","https://www.hipicon.com/tr-en/designers","Platform profili (tasarımcı/marka/stüdyo/üretici karışık)","Resmî public dizinden doğrulandı","needs_enrichment","blocked_until_enriched"
"Oleobox","Hipicon","https://www.hipicon.com/tr-en/designers","Platform profili (tasarımcı/marka/stüdyo/üretici karışık)","Resmî public dizinden doğrulandı","needs_enrichment","blocked_until_enriched"
"Oliko","Hipicon","https://www.hipicon.com/tr-en/designers","Platform profili (tasarımcı/marka/stüdyo/üretici karışık)","Resmî public dizinden doğrulandı","needs_enrichment","blocked_until_enriched"
"Olio E Osso","Hipicon","https://www.hipicon.com/tr-en/designers","Platform profili (tasarımcı/marka/stüdyo/üretici karışık)","Resmî public dizinden doğrulandı","needs_enrichment","blocked_until_enriched"
"Olivia Officina","Hipicon","https://www.hipicon.com/tr-en/designers","Platform profili (tasarımcı/marka/stüdyo/üretici karışık)","Resmî public dizinden doğrulandı","needs_enrichment","blocked_until_enriched"
"Omerus Studio","Hipicon","https://www.hipicon.com/tr-en/designers","Platform profili (tasarımcı/marka/stüdyo/üretici karışık)","Resmî public dizinden doğrulandı","needs_enrichment","blocked_until_enriched"
"Omy Maison","Hipicon","https://www.hipicon.com/tr-en/designers","Platform profili (tasarımcı/marka/stüdyo/üretici karışık)","Resmî public dizinden doğrulandı","needs_enrichment","blocked_until_enriched"
"On'na Miu","Hipicon","https://www.hipicon.com/tr-en/designers","Platform profili (tasarımcı/marka/stüdyo/üretici karışık)","Resmî public dizinden doğrulandı","needs_enrichment","blocked_until_enriched"
"One of Us","Hipicon","https://www.hipicon.com/tr-en/designers","Platform profili (tasarımcı/marka/stüdyo/üretici karışık)","Resmî public dizinden doğrulandı","needs_enrichment","blocked_until_enriched"
"OneOdio","Hipicon","https://www.hipicon.com/tr-en/designers","Platform profili (tasarımcı/marka/stüdyo/üretici karışık)","Resmî public dizinden doğrulandı","needs_enrichment","blocked_until_enriched"
"Onn Concept","Hipicon","https://www.hipicon.com/tr-en/designers","Platform profili (tasarımcı/marka/stüdyo/üretici karışık)","Resmî public dizinden doğrulandı","needs_enrichment","blocked_until_enriched"
"Onur Aygenc Interiors & Design","Hipicon","https://www.hipicon.com/tr-en/designers","Platform profili (tasarımcı/marka/stüdyo/üretici karışık)","Resmî public dizinden doğrulandı","needs_enrichment","blocked_until_enriched"
"Oolai Tea","Hipicon","https://www.hipicon.com/tr-en/designers","Platform profili (tasarımcı/marka/stüdyo/üretici karışık)","Resmî public dizinden doğrulandı","needs_enrichment","blocked_until_enriched"
"Opia Ceramics","Hipicon","https://www.hipicon.com/tr-en/designers","Platform profili (tasarımcı/marka/stüdyo/üretici karışık)","Resmî public dizinden doğrulandı","needs_enrichment","blocked_until_enriched"
"Orangery Objects","Hipicon","https://www.hipicon.com/tr-en/designers","Platform profili (tasarımcı/marka/stüdyo/üretici karışık)","Resmî public dizinden doğrulandı","needs_enrichment","blocked_until_enriched"
"Ore Porcelain","Hipicon","https://www.hipicon.com/tr-en/designers","Platform profili (tasarımcı/marka/stüdyo/üretici karışık)","Resmî public dizinden doğrulandı","needs_enrichment","blocked_until_enriched"
"Orfis Kids","Hipicon","https://www.hipicon.com/tr-en/designers","Platform profili (tasarımcı/marka/stüdyo/üretici karışık)","Resmî public dizinden doğrulandı","needs_enrichment","blocked_until_enriched"
"OrganicEra","Hipicon","https://www.hipicon.com/tr-en/designers","Platform profili (tasarımcı/marka/stüdyo/üretici karışık)","Resmî public dizinden doğrulandı","needs_enrichment","blocked_until_enriched"
"Orient Design","Hipicon","https://www.hipicon.com/tr-en/designers","Platform profili (tasarımcı/marka/stüdyo/üretici karışık)","Resmî public dizinden doğrulandı","needs_enrichment","blocked_until_enriched"
"Orienta","Hipicon","https://www.hipicon.com/tr-en/designers","Platform profili (tasarımcı/marka/stüdyo/üretici karışık)","Resmî public dizinden doğrulandı","needs_enrichment","blocked_until_enriched"
"Original Duckhead","Hipicon","https://www.hipicon.com/tr-en/designers","Platform profili (tasarımcı/marka/stüdyo/üretici karışık)","Resmî public dizinden doğrulandı","needs_enrichment","blocked_until_enriched"
"Ormonde Jayne","Hipicon","https://www.hipicon.com/tr-en/designers","Platform profili (tasarımcı/marka/stüdyo/üretici karışık)","Resmî public dizinden doğrulandı","needs_enrichment","blocked_until_enriched"
"Otaku Homes","Hipicon","https://www.hipicon.com/tr-en/designers","Platform profili (tasarımcı/marka/stüdyo/üretici karışık)","Resmî public dizinden doğrulandı","needs_enrichment","blocked_until_enriched"
"Otter Rituals","Hipicon","https://www.hipicon.com/tr-en/designers","Platform profili (tasarımcı/marka/stüdyo/üretici karışık)","Resmî public dizinden doğrulandı","needs_enrichment","blocked_until_enriched"
"Ottodsg","Hipicon","https://www.hipicon.com/tr-en/designers","Platform profili (tasarımcı/marka/stüdyo/üretici karışık)","Resmî public dizinden doğrulandı","needs_enrichment","blocked_until_enriched"
"Out Of","Hipicon","https://www.hipicon.com/tr-en/designers","Platform profili (tasarımcı/marka/stüdyo/üretici karışık)","Resmî public dizinden doğrulandı","needs_enrichment","blocked_until_enriched"
"Outliers Design","Hipicon","https://www.hipicon.com/tr-en/designers","Platform profili (tasarımcı/marka/stüdyo/üretici karışık)","Resmî public dizinden doğrulandı","needs_enrichment","blocked_until_enriched"
"Overade","Hipicon","https://www.hipicon.com/tr-en/designers","Platform profili (tasarımcı/marka/stüdyo/üretici karışık)","Resmî public dizinden doğrulandı","needs_enrichment","blocked_until_enriched"
"Owli","Hipicon","https://www.hipicon.com/tr-en/designers","Platform profili (tasarımcı/marka/stüdyo/üretici karışık)","Resmî public dizinden doğrulandı","needs_enrichment","blocked_until_enriched"
"Owlish Studio","Hipicon","https://www.hipicon.com/tr-en/designers","Platform profili (tasarımcı/marka/stüdyo/üretici karışık)","Resmî public dizinden doğrulandı","needs_enrichment","blocked_until_enriched"
"Oyun Atlası","Hipicon","https://www.hipicon.com/tr-en/designers","Platform profili (tasarımcı/marka/stüdyo/üretici karışık)","Resmî public dizinden doğrulandı","needs_enrichment","blocked_until_enriched"
"Oyuncu Kunduz Oyuncak","Hipicon","https://www.hipicon.com/tr-en/designers","Platform profili (tasarımcı/marka/stüdyo/üretici karışık)","Resmî public dizinden doğrulandı","needs_enrichment","blocked_until_enriched"
"Oza Studio","Hipicon","https://www.hipicon.com/tr-en/designers","Platform profili (tasarımcı/marka/stüdyo/üretici karışık)","Resmî public dizinden doğrulandı","needs_enrichment","blocked_until_enriched"
"Ozge Atelier","Hipicon","https://www.hipicon.com/tr-en/designers","Platform profili (tasarımcı/marka/stüdyo/üretici karışık)","Resmî public dizinden doğrulandı","needs_enrichment","blocked_until_enriched"
"onz","Hipicon","https://www.hipicon.com/tr-en/designers","Platform profili (tasarımcı/marka/stüdyo/üretici karışık)","Resmî public dizinden doğrulandı","needs_enrichment","blocked_until_enriched"
"Öykü İlerlemek","Hipicon","https://www.hipicon.com/tr-en/designers","Platform profili (tasarımcı/marka/stüdyo/üretici karışık)","Resmî public dizinden doğrulandı","needs_enrichment","blocked_until_enriched"
"10pm","Hipicon","https://www.hipicon.com/tr-en/designers","Platform profili (tasarımcı/marka/stüdyo/üretici karışık)","Resmî public dizinden doğrulandı","needs_enrichment","blocked_until_enriched"
"PB Equestrian Apparel","Hipicon","https://www.hipicon.com/tr-en/designers","Platform profili (tasarımcı/marka/stüdyo/üretici karışık)","Resmî public dizinden doğrulandı","needs_enrichment","blocked_until_enriched"
"PI.Gene","Hipicon","https://www.hipicon.com/tr-en/designers","Platform profili (tasarımcı/marka/stüdyo/üretici karışık)","Resmî public dizinden doğrulandı","needs_enrichment","blocked_until_enriched"
"PILEA","Hipicon","https://www.hipicon.com/tr-en/designers","Platform profili (tasarımcı/marka/stüdyo/üretici karışık)","Resmî public dizinden doğrulandı","needs_enrichment","blocked_until_enriched"
"PK Design","Hipicon","https://www.hipicon.com/tr-en/designers","Platform profili (tasarımcı/marka/stüdyo/üretici karışık)","Resmî public dizinden doğrulandı","needs_enrichment","blocked_until_enriched"
"POJWoman by Pelin Özerson","Hipicon","https://www.hipicon.com/tr-en/designers","Platform profili (tasarımcı/marka/stüdyo/üretici karışık)","Resmî public dizinden doğrulandı","needs_enrichment","blocked_until_enriched"
"Paanui","Hipicon","https://www.hipicon.com/tr-en/designers","Platform profili (tasarımcı/marka/stüdyo/üretici karışık)","Resmî public dizinden doğrulandı","needs_enrichment","blocked_until_enriched"
"Pacal","Hipicon","https://www.hipicon.com/tr-en/designers","Platform profili (tasarımcı/marka/stüdyo/üretici karışık)","Resmî public dizinden doğrulandı","needs_enrichment","blocked_until_enriched"
"Paddywax","Hipicon","https://www.hipicon.com/tr-en/designers","Platform profili (tasarımcı/marka/stüdyo/üretici karışık)","Resmî public dizinden doğrulandı","needs_enrichment","blocked_until_enriched"
"Pah Studio","Hipicon","https://www.hipicon.com/tr-en/designers","Platform profili (tasarımcı/marka/stüdyo/üretici karışık)","Resmî public dizinden doğrulandı","needs_enrichment","blocked_until_enriched"
"Paledin Design","Hipicon","https://www.hipicon.com/tr-en/designers","Platform profili (tasarımcı/marka/stüdyo/üretici karışık)","Resmî public dizinden doğrulandı","needs_enrichment","blocked_until_enriched"
"Pam Touch","Hipicon","https://www.hipicon.com/tr-en/designers","Platform profili (tasarımcı/marka/stüdyo/üretici karışık)","Resmî public dizinden doğrulandı","needs_enrichment","blocked_until_enriched"
"Pambuck","Hipicon","https://www.hipicon.com/tr-en/designers","Platform profili (tasarımcı/marka/stüdyo/üretici karışık)","Resmî public dizinden doğrulandı","needs_enrichment","blocked_until_enriched"
"Panzeri","Hipicon","https://www.hipicon.com/tr-en/designers","Platform profili (tasarımcı/marka/stüdyo/üretici karışık)","Resmî public dizinden doğrulandı","needs_enrichment","blocked_until_enriched"
"Pap Atelier","Hipicon","https://www.hipicon.com/tr-en/designers","Platform profili (tasarımcı/marka/stüdyo/üretici karışık)","Resmî public dizinden doğrulandı","needs_enrichment","blocked_until_enriched"
"Papa Giraffe","Hipicon","https://www.hipicon.com/tr-en/designers","Platform profili (tasarımcı/marka/stüdyo/üretici karışık)","Resmî public dizinden doğrulandı","needs_enrichment","blocked_until_enriched"
"Paper & Krafts","Hipicon","https://www.hipicon.com/tr-en/designers","Platform profili (tasarımcı/marka/stüdyo/üretici karışık)","Resmî public dizinden doğrulandı","needs_enrichment","blocked_until_enriched"
"Paper Street","Hipicon","https://www.hipicon.com/tr-en/designers","Platform profili (tasarımcı/marka/stüdyo/üretici karışık)","Resmî public dizinden doğrulandı","needs_enrichment","blocked_until_enriched"
"Paper Street Co. x INCOMPLIT","Hipicon","https://www.hipicon.com/tr-en/designers","Platform profili (tasarımcı/marka/stüdyo/üretici karışık)","Resmî public dizinden doğrulandı","needs_enrichment","blocked_until_enriched"
"Paperb","Hipicon","https://www.hipicon.com/tr-en/designers","Platform profili (tasarımcı/marka/stüdyo/üretici karışık)","Resmî public dizinden doğrulandı","needs_enrichment","blocked_until_enriched"
"Paperises","Hipicon","https://www.hipicon.com/tr-en/designers","Platform profili (tasarımcı/marka/stüdyo/üretici karışık)","Resmî public dizinden doğrulandı","needs_enrichment","blocked_until_enriched"
"Papermore","Hipicon","https://www.hipicon.com/tr-en/designers","Platform profili (tasarımcı/marka/stüdyo/üretici karışık)","Resmî public dizinden doğrulandı","needs_enrichment","blocked_until_enriched"
"Papillon Ceramics","Hipicon","https://www.hipicon.com/tr-en/designers","Platform profili (tasarımcı/marka/stüdyo/üretici karışık)","Resmî public dizinden doğrulandı","needs_enrichment","blocked_until_enriched"
"Parch","Hipicon","https://www.hipicon.com/tr-en/designers","Platform profili (tasarımcı/marka/stüdyo/üretici karışık)","Resmî public dizinden doğrulandı","needs_enrichment","blocked_until_enriched"
"Parea","Hipicon","https://www.hipicon.com/tr-en/designers","Platform profili (tasarımcı/marka/stüdyo/üretici karışık)","Resmî public dizinden doğrulandı","needs_enrichment","blocked_until_enriched"
"Parlaq Interior","Hipicon","https://www.hipicon.com/tr-en/designers","Platform profili (tasarımcı/marka/stüdyo/üretici karışık)","Resmî public dizinden doğrulandı","needs_enrichment","blocked_until_enriched"
"Parrmuse","Hipicon","https://www.hipicon.com/tr-en/designers","Platform profili (tasarımcı/marka/stüdyo/üretici karışık)","Resmî public dizinden doğrulandı","needs_enrichment","blocked_until_enriched"
"Partners Of Tomorrow","Hipicon","https://www.hipicon.com/tr-en/designers","Platform profili (tasarımcı/marka/stüdyo/üretici karışık)","Resmî public dizinden doğrulandı","needs_enrichment","blocked_until_enriched"
"Pastel Porcelain","Hipicon","https://www.hipicon.com/tr-en/designers","Platform profili (tasarımcı/marka/stüdyo/üretici karışık)","Resmî public dizinden doğrulandı","needs_enrichment","blocked_until_enriched"
"Patihaus","Hipicon","https://www.hipicon.com/tr-en/designers","Platform profili (tasarımcı/marka/stüdyo/üretici karışık)","Resmî public dizinden doğrulandı","needs_enrichment","blocked_until_enriched"
"Patily","Hipicon","https://www.hipicon.com/tr-en/designers","Platform profili (tasarımcı/marka/stüdyo/üretici karışık)","Resmî public dizinden doğrulandı","needs_enrichment","blocked_until_enriched"
"Patique","Hipicon","https://www.hipicon.com/tr-en/designers","Platform profili (tasarımcı/marka/stüdyo/üretici karışık)","Resmî public dizinden doğrulandı","needs_enrichment","blocked_until_enriched"
"Patti Furry","Hipicon","https://www.hipicon.com/tr-en/designers","Platform profili (tasarımcı/marka/stüdyo/üretici karışık)","Resmî public dizinden doğrulandı","needs_enrichment","blocked_until_enriched"
"Paul Kenzie","Hipicon","https://www.hipicon.com/tr-en/designers","Platform profili (tasarımcı/marka/stüdyo/üretici karışık)","Resmî public dizinden doğrulandı","needs_enrichment","blocked_until_enriched"
"Paume","Hipicon","https://www.hipicon.com/tr-en/designers","Platform profili (tasarımcı/marka/stüdyo/üretici karışık)","Resmî public dizinden doğrulandı","needs_enrichment","blocked_until_enriched"
"Pawdaz","Hipicon","https://www.hipicon.com/tr-en/designers","Platform profili (tasarımcı/marka/stüdyo/üretici karışık)","Resmî public dizinden doğrulandı","needs_enrichment","blocked_until_enriched"
"Paweslora","Hipicon","https://www.hipicon.com/tr-en/designers","Platform profili (tasarımcı/marka/stüdyo/üretici karışık)","Resmî public dizinden doğrulandı","needs_enrichment","blocked_until_enriched"
"Pawlook Design","Hipicon","https://www.hipicon.com/tr-en/designers","Platform profili (tasarımcı/marka/stüdyo/üretici karışık)","Resmî public dizinden doğrulandı","needs_enrichment","blocked_until_enriched"
"Paws & More","Hipicon","https://www.hipicon.com/tr-en/designers","Platform profili (tasarımcı/marka/stüdyo/üretici karışık)","Resmî public dizinden doğrulandı","needs_enrichment","blocked_until_enriched"
"Pawy","Hipicon","https://www.hipicon.com/tr-en/designers","Platform profili (tasarımcı/marka/stüdyo/üretici karışık)","Resmî public dizinden doğrulandı","needs_enrichment","blocked_until_enriched"
"Peak Design","Hipicon","https://www.hipicon.com/tr-en/designers","Platform profili (tasarımcı/marka/stüdyo/üretici karışık)","Resmî public dizinden doğrulandı","needs_enrichment","blocked_until_enriched"
"Peak Of Light","Hipicon","https://www.hipicon.com/tr-en/designers","Platform profili (tasarımcı/marka/stüdyo/üretici karışık)","Resmî public dizinden doğrulandı","needs_enrichment","blocked_until_enriched"
"Pebble Street","Hipicon","https://www.hipicon.com/tr-en/designers","Platform profili (tasarımcı/marka/stüdyo/üretici karışık)","Resmî public dizinden doğrulandı","needs_enrichment","blocked_until_enriched"
"Pegon Design","Hipicon","https://www.hipicon.com/tr-en/designers","Platform profili (tasarımcı/marka/stüdyo/üretici karışık)","Resmî public dizinden doğrulandı","needs_enrichment","blocked_until_enriched"
"Pelcare Healthcare","Hipicon","https://www.hipicon.com/tr-en/designers","Platform profili (tasarımcı/marka/stüdyo/üretici karışık)","Resmî public dizinden doğrulandı","needs_enrichment","blocked_until_enriched"
"Pelia Company","Hipicon","https://www.hipicon.com/tr-en/designers","Platform profili (tasarımcı/marka/stüdyo/üretici karışık)","Resmî public dizinden doğrulandı","needs_enrichment","blocked_until_enriched"
"Peppythings","Hipicon","https://www.hipicon.com/tr-en/designers","Platform profili (tasarımcı/marka/stüdyo/üretici karışık)","Resmî public dizinden doğrulandı","needs_enrichment","blocked_until_enriched"
"Peralina","Hipicon","https://www.hipicon.com/tr-en/designers","Platform profili (tasarımcı/marka/stüdyo/üretici karışık)","Resmî public dizinden doğrulandı","needs_enrichment","blocked_until_enriched"
"Perapuppy","Hipicon","https://www.hipicon.com/tr-en/designers","Platform profili (tasarımcı/marka/stüdyo/üretici karışık)","Resmî public dizinden doğrulandı","needs_enrichment","blocked_until_enriched"
"Peraru Chocolate","Hipicon","https://www.hipicon.com/tr-en/designers","Platform profili (tasarımcı/marka/stüdyo/üretici karışık)","Resmî public dizinden doğrulandı","needs_enrichment","blocked_until_enriched"
"Peroxart","Hipicon","https://www.hipicon.com/tr-en/designers","Platform profili (tasarımcı/marka/stüdyo/üretici karışık)","Resmî public dizinden doğrulandı","needs_enrichment","blocked_until_enriched"
"Perspective","Hipicon","https://www.hipicon.com/tr-en/designers","Platform profili (tasarımcı/marka/stüdyo/üretici karışık)","Resmî public dizinden doğrulandı","needs_enrichment","blocked_until_enriched"
"Pet And Planet","Hipicon","https://www.hipicon.com/tr-en/designers","Platform profili (tasarımcı/marka/stüdyo/üretici karışık)","Resmî public dizinden doğrulandı","needs_enrichment","blocked_until_enriched"
"Petarya","Hipicon","https://www.hipicon.com/tr-en/designers","Platform profili (tasarımcı/marka/stüdyo/üretici karışık)","Resmî public dizinden doğrulandı","needs_enrichment","blocked_until_enriched"
"Petica","Hipicon","https://www.hipicon.com/tr-en/designers","Platform profili (tasarımcı/marka/stüdyo/üretici karışık)","Resmî public dizinden doğrulandı","needs_enrichment","blocked_until_enriched"
"Petissimo Care","Hipicon","https://www.hipicon.com/tr-en/designers","Platform profili (tasarımcı/marka/stüdyo/üretici karışık)","Resmî public dizinden doğrulandı","needs_enrichment","blocked_until_enriched"
"Petkit","Hipicon","https://www.hipicon.com/tr-en/designers","Platform profili (tasarımcı/marka/stüdyo/üretici karışık)","Resmî public dizinden doğrulandı","needs_enrichment","blocked_until_enriched"
"Petra Petrova","Hipicon","https://www.hipicon.com/tr-en/designers","Platform profili (tasarımcı/marka/stüdyo/üretici karışık)","Resmî public dizinden doğrulandı","needs_enrichment","blocked_until_enriched"
"Petra Roasting Co.","Hipicon","https://www.hipicon.com/tr-en/designers","Platform profili (tasarımcı/marka/stüdyo/üretici karışık)","Resmî public dizinden doğrulandı","needs_enrichment","blocked_until_enriched"
"Petswuu","Hipicon","https://www.hipicon.com/tr-en/designers","Platform profili (tasarımcı/marka/stüdyo/üretici karışık)","Resmî public dizinden doğrulandı","needs_enrichment","blocked_until_enriched"
"Philippi","Hipicon","https://www.hipicon.com/tr-en/designers","Platform profili (tasarımcı/marka/stüdyo/üretici karışık)","Resmî public dizinden doğrulandı","needs_enrichment","blocked_until_enriched"
"Pia & Co.","Hipicon","https://www.hipicon.com/tr-en/designers","Platform profili (tasarımcı/marka/stüdyo/üretici karışık)","Resmî public dizinden doğrulandı","needs_enrichment","blocked_until_enriched"
"Pia Yuli High Jewelry","Hipicon","https://www.hipicon.com/tr-en/designers","Platform profili (tasarımcı/marka/stüdyo/üretici karışık)","Resmî public dizinden doğrulandı","needs_enrichment","blocked_until_enriched"
"Piavol Porselen","Hipicon","https://www.hipicon.com/tr-en/designers","Platform profili (tasarımcı/marka/stüdyo/üretici karışık)","Resmî public dizinden doğrulandı","needs_enrichment","blocked_until_enriched"
"Pica Noir","Hipicon","https://www.hipicon.com/tr-en/designers","Platform profili (tasarımcı/marka/stüdyo/üretici karışık)","Resmî public dizinden doğrulandı","needs_enrichment","blocked_until_enriched"
"Picky Baby","Hipicon","https://www.hipicon.com/tr-en/designers","Platform profili (tasarımcı/marka/stüdyo/üretici karışık)","Resmî public dizinden doğrulandı","needs_enrichment","blocked_until_enriched"
"Picus Food","Hipicon","https://www.hipicon.com/tr-en/designers","Platform profili (tasarımcı/marka/stüdyo/üretici karışık)","Resmî public dizinden doğrulandı","needs_enrichment","blocked_until_enriched"
"Piece Design London","Hipicon","https://www.hipicon.com/tr-en/designers","Platform profili (tasarımcı/marka/stüdyo/üretici karışık)","Resmî public dizinden doğrulandı","needs_enrichment","blocked_until_enriched"
"Pierre Violette","Hipicon","https://www.hipicon.com/tr-en/designers","Platform profili (tasarımcı/marka/stüdyo/üretici karışık)","Resmî public dizinden doğrulandı","needs_enrichment","blocked_until_enriched"
"Pietra Collection","Hipicon","https://www.hipicon.com/tr-en/designers","Platform profili (tasarımcı/marka/stüdyo/üretici karışık)","Resmî public dizinden doğrulandı","needs_enrichment","blocked_until_enriched"
"Pijamare","Hipicon","https://www.hipicon.com/tr-en/designers","Platform profili (tasarımcı/marka/stüdyo/üretici karışık)","Resmî public dizinden doğrulandı","needs_enrichment","blocked_until_enriched"
"Pika Studio","Hipicon","https://www.hipicon.com/tr-en/designers","Platform profili (tasarımcı/marka/stüdyo/üretici karışık)","Resmî public dizinden doğrulandı","needs_enrichment","blocked_until_enriched"
"Pin.art","Hipicon","https://www.hipicon.com/tr-en/designers","Platform profili (tasarımcı/marka/stüdyo/üretici karışık)","Resmî public dizinden doğrulandı","needs_enrichment","blocked_until_enriched"
"Pina Ceramic","Hipicon","https://www.hipicon.com/tr-en/designers","Platform profili (tasarımcı/marka/stüdyo/üretici karışık)","Resmî public dizinden doğrulandı","needs_enrichment","blocked_until_enriched"
"Pinchwerk","Hipicon","https://www.hipicon.com/tr-en/designers","Platform profili (tasarımcı/marka/stüdyo/üretici karışık)","Resmî public dizinden doğrulandı","needs_enrichment","blocked_until_enriched"
"Pindica","Hipicon","https://www.hipicon.com/tr-en/designers","Platform profili (tasarımcı/marka/stüdyo/üretici karışık)","Resmî public dizinden doğrulandı","needs_enrichment","blocked_until_enriched"
"Pinon","Hipicon","https://www.hipicon.com/tr-en/designers","Platform profili (tasarımcı/marka/stüdyo/üretici karışık)","Resmî public dizinden doğrulandı","needs_enrichment","blocked_until_enriched"
"Pinot Interior","Hipicon","https://www.hipicon.com/tr-en/designers","Platform profili (tasarımcı/marka/stüdyo/üretici karışık)","Resmî public dizinden doğrulandı","needs_enrichment","blocked_until_enriched"
"Pinuts","Hipicon","https://www.hipicon.com/tr-en/designers","Platform profili (tasarımcı/marka/stüdyo/üretici karışık)","Resmî public dizinden doğrulandı","needs_enrichment","blocked_until_enriched"
"Plan Be Living","Hipicon","https://www.hipicon.com/tr-en/designers","Platform profili (tasarımcı/marka/stüdyo/üretici karışık)","Resmî public dizinden doğrulandı","needs_enrichment","blocked_until_enriched"
"Planda","Hipicon","https://www.hipicon.com/tr-en/designers","Platform profili (tasarımcı/marka/stüdyo/üretici karışık)","Resmî public dizinden doğrulandı","needs_enrichment","blocked_until_enriched"
"Plant Mini Kids","Hipicon","https://www.hipicon.com/tr-en/designers","Platform profili (tasarımcı/marka/stüdyo/üretici karışık)","Resmî public dizinden doğrulandı","needs_enrichment","blocked_until_enriched"
"Plant in da House","Hipicon","https://www.hipicon.com/tr-en/designers","Platform profili (tasarımcı/marka/stüdyo/üretici karışık)","Resmî public dizinden doğrulandı","needs_enrichment","blocked_until_enriched"
"Plantoys","Hipicon","https://www.hipicon.com/tr-en/designers","Platform profili (tasarımcı/marka/stüdyo/üretici karışık)","Resmî public dizinden doğrulandı","needs_enrichment","blocked_until_enriched"
"Play & GO","Hipicon","https://www.hipicon.com/tr-en/designers","Platform profili (tasarımcı/marka/stüdyo/üretici karışık)","Resmî public dizinden doğrulandı","needs_enrichment","blocked_until_enriched"
"Ply Surf","Hipicon","https://www.hipicon.com/tr-en/designers","Platform profili (tasarımcı/marka/stüdyo/üretici karışık)","Resmî public dizinden doğrulandı","needs_enrichment","blocked_until_enriched"
"Pochetco","Hipicon","https://www.hipicon.com/tr-en/designers","Platform profili (tasarımcı/marka/stüdyo/üretici karışık)","Resmî public dizinden doğrulandı","needs_enrichment","blocked_until_enriched"
"PocketBook","Hipicon","https://www.hipicon.com/tr-en/designers","Platform profili (tasarımcı/marka/stüdyo/üretici karışık)","Resmî public dizinden doğrulandı","needs_enrichment","blocked_until_enriched"
"Poetree Kids","Hipicon","https://www.hipicon.com/tr-en/designers","Platform profili (tasarımcı/marka/stüdyo/üretici karışık)","Resmî public dizinden doğrulandı","needs_enrichment","blocked_until_enriched"
"Ponce Studio","Hipicon","https://www.hipicon.com/tr-en/designers","Platform profili (tasarımcı/marka/stüdyo/üretici karışık)","Resmî public dizinden doğrulandı","needs_enrichment","blocked_until_enriched"
"Ponet Maison","Hipicon","https://www.hipicon.com/tr-en/designers","Platform profili (tasarımcı/marka/stüdyo/üretici karışık)","Resmî public dizinden doğrulandı","needs_enrichment","blocked_until_enriched"
"Pons Quintana","Hipicon","https://www.hipicon.com/tr-en/designers","Platform profili (tasarımcı/marka/stüdyo/üretici karışık)","Resmî public dizinden doğrulandı","needs_enrichment","blocked_until_enriched"
"Pop by Gaea","Hipicon","https://www.hipicon.com/tr-en/designers","Platform profili (tasarımcı/marka/stüdyo/üretici karışık)","Resmî public dizinden doğrulandı","needs_enrichment","blocked_until_enriched"
"Popl","Hipicon","https://www.hipicon.com/tr-en/designers","Platform profili (tasarımcı/marka/stüdyo/üretici karışık)","Resmî public dizinden doğrulandı","needs_enrichment","blocked_until_enriched"
"Pordamsa","Hipicon","https://www.hipicon.com/tr-en/designers","Platform profili (tasarımcı/marka/stüdyo/üretici karışık)","Resmî public dizinden doğrulandı","needs_enrichment","blocked_until_enriched"
"PostOtto","Hipicon","https://www.hipicon.com/tr-en/designers","Platform profili (tasarımcı/marka/stüdyo/üretici karışık)","Resmî public dizinden doğrulandı","needs_enrichment","blocked_until_enriched"
"Posto Studio","Hipicon","https://www.hipicon.com/tr-en/designers","Platform profili (tasarımcı/marka/stüdyo/üretici karışık)","Resmî public dizinden doğrulandı","needs_enrichment","blocked_until_enriched"
"Pot Art","Hipicon","https://www.hipicon.com/tr-en/designers","Platform profili (tasarımcı/marka/stüdyo/üretici karışık)","Resmî public dizinden doğrulandı","needs_enrichment","blocked_until_enriched"
"Pour Pur","Hipicon","https://www.hipicon.com/tr-en/designers","Platform profili (tasarımcı/marka/stüdyo/üretici karışık)","Resmî public dizinden doğrulandı","needs_enrichment","blocked_until_enriched"
"Pourbias","Hipicon","https://www.hipicon.com/tr-en/designers","Platform profili (tasarımcı/marka/stüdyo/üretici karışık)","Resmî public dizinden doğrulandı","needs_enrichment","blocked_until_enriched"
"Povlanka","Hipicon","https://www.hipicon.com/tr-en/designers","Platform profili (tasarımcı/marka/stüdyo/üretici karışık)","Resmî public dizinden doğrulandı","needs_enrichment","blocked_until_enriched"
"Pozzi Milano","Hipicon","https://www.hipicon.com/tr-en/designers","Platform profili (tasarımcı/marka/stüdyo/üretici karışık)","Resmî public dizinden doğrulandı","needs_enrichment","blocked_until_enriched"
"Prae","Hipicon","https://www.hipicon.com/tr-en/designers","Platform profili (tasarımcı/marka/stüdyo/üretici karışık)","Resmî public dizinden doğrulandı","needs_enrichment","blocked_until_enriched"
"Prana&Soul","Hipicon","https://www.hipicon.com/tr-en/designers","Platform profili (tasarımcı/marka/stüdyo/üretici karışık)","Resmî public dizinden doğrulandı","needs_enrichment","blocked_until_enriched"
"Present Inn","Hipicon","https://www.hipicon.com/tr-en/designers","Platform profili (tasarımcı/marka/stüdyo/üretici karışık)","Resmî public dizinden doğrulandı","needs_enrichment","blocked_until_enriched"
"Prickly Pears","Hipicon","https://www.hipicon.com/tr-en/designers","Platform profili (tasarımcı/marka/stüdyo/üretici karışık)","Resmî public dizinden doğrulandı","needs_enrichment","blocked_until_enriched"
"Profitec","Hipicon","https://www.hipicon.com/tr-en/designers","Platform profili (tasarımcı/marka/stüdyo/üretici karışık)","Resmî public dizinden doğrulandı","needs_enrichment","blocked_until_enriched"
"Proraso","Hipicon","https://www.hipicon.com/tr-en/designers","Platform profili (tasarımcı/marka/stüdyo/üretici karışık)","Resmî public dizinden doğrulandı","needs_enrichment","blocked_until_enriched"
"Proud Products","Hipicon","https://www.hipicon.com/tr-en/designers","Platform profili (tasarımcı/marka/stüdyo/üretici karışık)","Resmî public dizinden doğrulandı","needs_enrichment","blocked_until_enriched"
"Puckle Shop","Hipicon","https://www.hipicon.com/tr-en/designers","Platform profili (tasarımcı/marka/stüdyo/üretici karışık)","Resmî public dizinden doğrulandı","needs_enrichment","blocked_until_enriched"
"Pufero","Hipicon","https://www.hipicon.com/tr-en/designers","Platform profili (tasarımcı/marka/stüdyo/üretici karışık)","Resmî public dizinden doğrulandı","needs_enrichment","blocked_until_enriched"
"Puff","Hipicon","https://www.hipicon.com/tr-en/designers","Platform profili (tasarımcı/marka/stüdyo/üretici karışık)","Resmî public dizinden doğrulandı","needs_enrichment","blocked_until_enriched"
"Puff Buff","Hipicon","https://www.hipicon.com/tr-en/designers","Platform profili (tasarımcı/marka/stüdyo/üretici karışık)","Resmî public dizinden doğrulandı","needs_enrichment","blocked_until_enriched"
"Puffin Cycle Design","Hipicon","https://www.hipicon.com/tr-en/designers","Platform profili (tasarımcı/marka/stüdyo/üretici karışık)","Resmî public dizinden doğrulandı","needs_enrichment","blocked_until_enriched"
"Pupba","Hipicon","https://www.hipicon.com/tr-en/designers","Platform profili (tasarımcı/marka/stüdyo/üretici karışık)","Resmî public dizinden doğrulandı","needs_enrichment","blocked_until_enriched"
"Pura Maison","Hipicon","https://www.hipicon.com/tr-en/designers","Platform profili (tasarımcı/marka/stüdyo/üretici karışık)","Resmî public dizinden doğrulandı","needs_enrichment","blocked_until_enriched"
"Pure Basic","Hipicon","https://www.hipicon.com/tr-en/designers","Platform profili (tasarımcı/marka/stüdyo/üretici karışık)","Resmî public dizinden doğrulandı","needs_enrichment","blocked_until_enriched"
"Pure Lille","Hipicon","https://www.hipicon.com/tr-en/designers","Platform profili (tasarımcı/marka/stüdyo/üretici karışık)","Resmî public dizinden doğrulandı","needs_enrichment","blocked_until_enriched"
"Pure Paris","Hipicon","https://www.hipicon.com/tr-en/designers","Platform profili (tasarımcı/marka/stüdyo/üretici karışık)","Resmî public dizinden doğrulandı","needs_enrichment","blocked_until_enriched"
"Pure Perfect Studio","Hipicon","https://www.hipicon.com/tr-en/designers","Platform profili (tasarımcı/marka/stüdyo/üretici karışık)","Resmî public dizinden doğrulandı","needs_enrichment","blocked_until_enriched"
"Pure Project","Hipicon","https://www.hipicon.com/tr-en/designers","Platform profili (tasarımcı/marka/stüdyo/üretici karışık)","Resmî public dizinden doğrulandı","needs_enrichment","blocked_until_enriched"
"Pureexen Cosmetics","Hipicon","https://www.hipicon.com/tr-en/designers","Platform profili (tasarımcı/marka/stüdyo/üretici karışık)","Resmî public dizinden doğrulandı","needs_enrichment","blocked_until_enriched"
"Purify With Nature","Hipicon","https://www.hipicon.com/tr-en/designers","Platform profili (tasarımcı/marka/stüdyo/üretici karışık)","Resmî public dizinden doğrulandı","needs_enrichment","blocked_until_enriched"
"Purrfect Works","Hipicon","https://www.hipicon.com/tr-en/designers","Platform profili (tasarımcı/marka/stüdyo/üretici karışık)","Resmî public dizinden doğrulandı","needs_enrichment","blocked_until_enriched"
"Püsküllü Saçaklı","Hipicon","https://www.hipicon.com/tr-en/designers","Platform profili (tasarımcı/marka/stüdyo/üretici karışık)","Resmî public dizinden doğrulandı","needs_enrichment","blocked_until_enriched"
"Pınarch Design","Hipicon","https://www.hipicon.com/tr-en/designers","Platform profili (tasarımcı/marka/stüdyo/üretici karışık)","Resmî public dizinden doğrulandı","needs_enrichment","blocked_until_enriched"
"paperwork.istanbul","Hipicon","https://www.hipicon.com/tr-en/designers","Platform profili (tasarımcı/marka/stüdyo/üretici karışık)","Resmî public dizinden doğrulandı","needs_enrichment","blocked_until_enriched"
"pharestudio","Hipicon","https://www.hipicon.com/tr-en/designers","Platform profili (tasarımcı/marka/stüdyo/üretici karışık)","Resmî public dizinden doğrulandı","needs_enrichment","blocked_until_enriched"
"Qeeboo","Hipicon","https://www.hipicon.com/tr-en/designers","Platform profili (tasarımcı/marka/stüdyo/üretici karışık)","Resmî public dizinden doğrulandı","needs_enrichment","blocked_until_enriched"
"Qirqit Studio","Hipicon","https://www.hipicon.com/tr-en/designers","Platform profili (tasarımcı/marka/stüdyo/üretici karışık)","Resmî public dizinden doğrulandı","needs_enrichment","blocked_until_enriched"
"Quad","Hipicon","https://www.hipicon.com/tr-en/designers","Platform profili (tasarımcı/marka/stüdyo/üretici karışık)","Resmî public dizinden doğrulandı","needs_enrichment","blocked_until_enriched"
"Quasar","Hipicon","https://www.hipicon.com/tr-en/designers","Platform profili (tasarımcı/marka/stüdyo/üretici karışık)","Resmî public dizinden doğrulandı","needs_enrichment","blocked_until_enriched"
"Quatervois","Hipicon","https://www.hipicon.com/tr-en/designers","Platform profili (tasarımcı/marka/stüdyo/üretici karışık)","Resmî public dizinden doğrulandı","needs_enrichment","blocked_until_enriched"
"Quc Collection","Hipicon","https://www.hipicon.com/tr-en/designers","Platform profili (tasarımcı/marka/stüdyo/üretici karışık)","Resmî public dizinden doğrulandı","needs_enrichment","blocked_until_enriched"
"Quff Art Design Studio","Hipicon","https://www.hipicon.com/tr-en/designers","Platform profili (tasarımcı/marka/stüdyo/üretici karışık)","Resmî public dizinden doğrulandı","needs_enrichment","blocked_until_enriched"
"Qurnah London","Hipicon","https://www.hipicon.com/tr-en/designers","Platform profili (tasarımcı/marka/stüdyo/üretici karışık)","Resmî public dizinden doğrulandı","needs_enrichment","blocked_until_enriched"
"3rd Culture","Hipicon","https://www.hipicon.com/tr-en/designers","Platform profili (tasarımcı/marka/stüdyo/üretici karışık)","Resmî public dizinden doğrulandı","needs_enrichment","blocked_until_enriched"
"RAA Istanbul","Hipicon","https://www.hipicon.com/tr-en/designers","Platform profili (tasarımcı/marka/stüdyo/üretici karışık)","Resmî public dizinden doğrulandı","needs_enrichment","blocked_until_enriched"
"RADIANTI","Hipicon","https://www.hipicon.com/tr-en/designers","Platform profili (tasarımcı/marka/stüdyo/üretici karışık)","Resmî public dizinden doğrulandı","needs_enrichment","blocked_until_enriched"
"REM Kombucha","Hipicon","https://www.hipicon.com/tr-en/designers","Platform profili (tasarımcı/marka/stüdyo/üretici karışık)","Resmî public dizinden doğrulandı","needs_enrichment","blocked_until_enriched"
"REMHOUSE","Hipicon","https://www.hipicon.com/tr-en/designers","Platform profili (tasarımcı/marka/stüdyo/üretici karışık)","Resmî public dizinden doğrulandı","needs_enrichment","blocked_until_enriched"
"RHANEVA","Hipicon","https://www.hipicon.com/tr-en/designers","Platform profili (tasarımcı/marka/stüdyo/üretici karışık)","Resmî public dizinden doğrulandı","needs_enrichment","blocked_until_enriched"
"ROMIEKI","Hipicon","https://www.hipicon.com/tr-en/designers","Platform profili (tasarımcı/marka/stüdyo/üretici karışık)","Resmî public dizinden doğrulandı","needs_enrichment","blocked_until_enriched"
"RSAKA","Hipicon","https://www.hipicon.com/tr-en/designers","Platform profili (tasarımcı/marka/stüdyo/üretici karışık)","Resmî public dizinden doğrulandı","needs_enrichment","blocked_until_enriched"
"Ra Home Decor","Hipicon","https://www.hipicon.com/tr-en/designers","Platform profili (tasarımcı/marka/stüdyo/üretici karışık)","Resmî public dizinden doğrulandı","needs_enrichment","blocked_until_enriched"
"Radika Aromaterapi","Hipicon","https://www.hipicon.com/tr-en/designers","Platform profili (tasarımcı/marka/stüdyo/üretici karışık)","Resmî public dizinden doğrulandı","needs_enrichment","blocked_until_enriched"
"Rafael Ferne","Hipicon","https://www.hipicon.com/tr-en/designers","Platform profili (tasarımcı/marka/stüdyo/üretici karışık)","Resmî public dizinden doğrulandı","needs_enrichment","blocked_until_enriched"
"Raffinato Design & Furniture","Hipicon","https://www.hipicon.com/tr-en/designers","Platform profili (tasarımcı/marka/stüdyo/üretici karışık)","Resmî public dizinden doğrulandı","needs_enrichment","blocked_until_enriched"
"Raftaf","Hipicon","https://www.hipicon.com/tr-en/designers","Platform profili (tasarımcı/marka/stüdyo/üretici karışık)","Resmî public dizinden doğrulandı","needs_enrichment","blocked_until_enriched"
"Ragibesa","Hipicon","https://www.hipicon.com/tr-en/designers","Platform profili (tasarımcı/marka/stüdyo/üretici karışık)","Resmî public dizinden doğrulandı","needs_enrichment","blocked_until_enriched"
"Rah Home","Hipicon","https://www.hipicon.com/tr-en/designers","Platform profili (tasarımcı/marka/stüdyo/üretici karışık)","Resmî public dizinden doğrulandı","needs_enrichment","blocked_until_enriched"
"Rakle","Hipicon","https://www.hipicon.com/tr-en/designers","Platform profili (tasarımcı/marka/stüdyo/üretici karışık)","Resmî public dizinden doğrulandı","needs_enrichment","blocked_until_enriched"
"Raku Atelier","Hipicon","https://www.hipicon.com/tr-en/designers","Platform profili (tasarımcı/marka/stüdyo/üretici karışık)","Resmî public dizinden doğrulandı","needs_enrichment","blocked_until_enriched"
"Ramme","Hipicon","https://www.hipicon.com/tr-en/designers","Platform profili (tasarımcı/marka/stüdyo/üretici karışık)","Resmî public dizinden doğrulandı","needs_enrichment","blocked_until_enriched"
"Ran","Hipicon","https://www.hipicon.com/tr-en/designers","Platform profili (tasarımcı/marka/stüdyo/üretici karışık)","Resmî public dizinden doğrulandı","needs_enrichment","blocked_until_enriched"
"Rapido","Hipicon","https://www.hipicon.com/tr-en/designers","Platform profili (tasarımcı/marka/stüdyo/üretici karışık)","Resmî public dizinden doğrulandı","needs_enrichment","blocked_until_enriched"
"Raqun","Hipicon","https://www.hipicon.com/tr-en/designers","Platform profili (tasarımcı/marka/stüdyo/üretici karışık)","Resmî public dizinden doğrulandı","needs_enrichment","blocked_until_enriched"
"Rarart Concept","Hipicon","https://www.hipicon.com/tr-en/designers","Platform profili (tasarımcı/marka/stüdyo/üretici karışık)","Resmî public dizinden doğrulandı","needs_enrichment","blocked_until_enriched"
"Raso","Hipicon","https://www.hipicon.com/tr-en/designers","Platform profili (tasarımcı/marka/stüdyo/üretici karışık)","Resmî public dizinden doğrulandı","needs_enrichment","blocked_until_enriched"
"Rave Neon","Hipicon","https://www.hipicon.com/tr-en/designers","Platform profili (tasarımcı/marka/stüdyo/üretici karışık)","Resmî public dizinden doğrulandı","needs_enrichment","blocked_until_enriched"
"Raw Kids Room","Hipicon","https://www.hipicon.com/tr-en/designers","Platform profili (tasarımcı/marka/stüdyo/üretici karışık)","Resmî public dizinden doğrulandı","needs_enrichment","blocked_until_enriched"
"Rawie","Hipicon","https://www.hipicon.com/tr-en/designers","Platform profili (tasarımcı/marka/stüdyo/üretici karışık)","Resmî public dizinden doğrulandı","needs_enrichment","blocked_until_enriched"
"Re Can Club","Hipicon","https://www.hipicon.com/tr-en/designers","Platform profili (tasarımcı/marka/stüdyo/üretici karışık)","Resmî public dizinden doğrulandı","needs_enrichment","blocked_until_enriched"
"Re-Cordis Paris","Hipicon","https://www.hipicon.com/tr-en/designers","Platform profili (tasarımcı/marka/stüdyo/üretici karışık)","Resmî public dizinden doğrulandı","needs_enrichment","blocked_until_enriched"
"Ready to Wear","Hipicon","https://www.hipicon.com/tr-en/designers","Platform profili (tasarımcı/marka/stüdyo/üretici karışık)","Resmî public dizinden doğrulandı","needs_enrichment","blocked_until_enriched"
"Real Natura","Hipicon","https://www.hipicon.com/tr-en/designers","Platform profili (tasarımcı/marka/stüdyo/üretici karışık)","Resmî public dizinden doğrulandı","needs_enrichment","blocked_until_enriched"
"Reason","Hipicon","https://www.hipicon.com/tr-en/designers","Platform profili (tasarımcı/marka/stüdyo/üretici karışık)","Resmî public dizinden doğrulandı","needs_enrichment","blocked_until_enriched"
"Recartt","Hipicon","https://www.hipicon.com/tr-en/designers","Platform profili (tasarımcı/marka/stüdyo/üretici karışık)","Resmî public dizinden doğrulandı","needs_enrichment","blocked_until_enriched"
"Rectangle Studio","Hipicon","https://www.hipicon.com/tr-en/designers","Platform profili (tasarımcı/marka/stüdyo/üretici karışık)","Resmî public dizinden doğrulandı","needs_enrichment","blocked_until_enriched"
"Redzill","Hipicon","https://www.hipicon.com/tr-en/designers","Platform profili (tasarımcı/marka/stüdyo/üretici karışık)","Resmî public dizinden doğrulandı","needs_enrichment","blocked_until_enriched"
"Reflections Copenhagen","Hipicon","https://www.hipicon.com/tr-en/designers","Platform profili (tasarımcı/marka/stüdyo/üretici karışık)","Resmî public dizinden doğrulandı","needs_enrichment","blocked_until_enriched"
"Regen Studio","Hipicon","https://www.hipicon.com/tr-en/designers","Platform profili (tasarımcı/marka/stüdyo/üretici karışık)","Resmî public dizinden doğrulandı","needs_enrichment","blocked_until_enriched"
"Reglasstic","Hipicon","https://www.hipicon.com/tr-en/designers","Platform profili (tasarımcı/marka/stüdyo/üretici karışık)","Resmî public dizinden doğrulandı","needs_enrichment","blocked_until_enriched"
"Reluck","Hipicon","https://www.hipicon.com/tr-en/designers","Platform profili (tasarımcı/marka/stüdyo/üretici karışık)","Resmî public dizinden doğrulandı","needs_enrichment","blocked_until_enriched"
"Remember Design Store","Hipicon","https://www.hipicon.com/tr-en/designers","Platform profili (tasarımcı/marka/stüdyo/üretici karışık)","Resmî public dizinden doğrulandı","needs_enrichment","blocked_until_enriched"
"Remo","Hipicon","https://www.hipicon.com/tr-en/designers","Platform profili (tasarımcı/marka/stüdyo/üretici karışık)","Resmî public dizinden doğrulandı","needs_enrichment","blocked_until_enriched"
"Remo Design","Hipicon","https://www.hipicon.com/tr-en/designers","Platform profili (tasarımcı/marka/stüdyo/üretici karışık)","Resmî public dizinden doğrulandı","needs_enrichment","blocked_until_enriched"
"Remon","Hipicon","https://www.hipicon.com/tr-en/designers","Platform profili (tasarımcı/marka/stüdyo/üretici karışık)","Resmî public dizinden doğrulandı","needs_enrichment","blocked_until_enriched"
"Restruct","Hipicon","https://www.hipicon.com/tr-en/designers","Platform profili (tasarımcı/marka/stüdyo/üretici karışık)","Resmî public dizinden doğrulandı","needs_enrichment","blocked_until_enriched"
"Retr-Oh!","Hipicon","https://www.hipicon.com/tr-en/designers","Platform profili (tasarımcı/marka/stüdyo/üretici karışık)","Resmî public dizinden doğrulandı","needs_enrichment","blocked_until_enriched"
"Reva Design","Hipicon","https://www.hipicon.com/tr-en/designers","Platform profili (tasarımcı/marka/stüdyo/üretici karışık)","Resmî public dizinden doğrulandı","needs_enrichment","blocked_until_enriched"
"Reyy","Hipicon","https://www.hipicon.com/tr-en/designers","Platform profili (tasarımcı/marka/stüdyo/üretici karışık)","Resmî public dizinden doğrulandı","needs_enrichment","blocked_until_enriched"
"Rezzo Ceramics","Hipicon","https://www.hipicon.com/tr-en/designers","Platform profili (tasarımcı/marka/stüdyo/üretici karışık)","Resmî public dizinden doğrulandı","needs_enrichment","blocked_until_enriched"
"Rheya","Hipicon","https://www.hipicon.com/tr-en/designers","Platform profili (tasarımcı/marka/stüdyo/üretici karışık)","Resmî public dizinden doğrulandı","needs_enrichment","blocked_until_enriched"
"Rikk Porcelain","Hipicon","https://www.hipicon.com/tr-en/designers","Platform profili (tasarımcı/marka/stüdyo/üretici karışık)","Resmî public dizinden doğrulandı","needs_enrichment","blocked_until_enriched"
"Ring Of The King","Hipicon","https://www.hipicon.com/tr-en/designers","Platform profili (tasarımcı/marka/stüdyo/üretici karışık)","Resmî public dizinden doğrulandı","needs_enrichment","blocked_until_enriched"
"Rio - Source Of Fashion","Hipicon","https://www.hipicon.com/tr-en/designers","Platform profili (tasarımcı/marka/stüdyo/üretici karışık)","Resmî public dizinden doğrulandı","needs_enrichment","blocked_until_enriched"
"Rise and Warm","Hipicon","https://www.hipicon.com/tr-en/designers","Platform profili (tasarımcı/marka/stüdyo/üretici karışık)","Resmî public dizinden doğrulandı","needs_enrichment","blocked_until_enriched"
"Risus Heroic","Hipicon","https://www.hipicon.com/tr-en/designers","Platform profili (tasarımcı/marka/stüdyo/üretici karışık)","Resmî public dizinden doğrulandı","needs_enrichment","blocked_until_enriched"
"Ritzy Fine Living","Hipicon","https://www.hipicon.com/tr-en/designers","Platform profili (tasarımcı/marka/stüdyo/üretici karışık)","Resmî public dizinden doğrulandı","needs_enrichment","blocked_until_enriched"
"Ro&Glo","Hipicon","https://www.hipicon.com/tr-en/designers","Platform profili (tasarımcı/marka/stüdyo/üretici karışık)","Resmî public dizinden doğrulandı","needs_enrichment","blocked_until_enriched"
"RoastingWorks Coffee Co.","Hipicon","https://www.hipicon.com/tr-en/designers","Platform profili (tasarımcı/marka/stüdyo/üretici karışık)","Resmî public dizinden doğrulandı","needs_enrichment","blocked_until_enriched"
"Roberta Gandolfi","Hipicon","https://www.hipicon.com/tr-en/designers","Platform profili (tasarımcı/marka/stüdyo/üretici karışık)","Resmî public dizinden doğrulandı","needs_enrichment","blocked_until_enriched"
"Rocket","Hipicon","https://www.hipicon.com/tr-en/designers","Platform profili (tasarımcı/marka/stüdyo/üretici karışık)","Resmî public dizinden doğrulandı","needs_enrichment","blocked_until_enriched"
"Roland","Hipicon","https://www.hipicon.com/tr-en/designers","Platform profili (tasarımcı/marka/stüdyo/üretici karışık)","Resmî public dizinden doğrulandı","needs_enrichment","blocked_until_enriched"
"Romiada","Hipicon","https://www.hipicon.com/tr-en/designers","Platform profili (tasarımcı/marka/stüdyo/üretici karışık)","Resmî public dizinden doğrulandı","needs_enrichment","blocked_until_enriched"
"Rones Design","Hipicon","https://www.hipicon.com/tr-en/designers","Platform profili (tasarımcı/marka/stüdyo/üretici karışık)","Resmî public dizinden doğrulandı","needs_enrichment","blocked_until_enriched"
"Ronica","Hipicon","https://www.hipicon.com/tr-en/designers","Platform profili (tasarımcı/marka/stüdyo/üretici karışık)","Resmî public dizinden doğrulandı","needs_enrichment","blocked_until_enriched"
"Room Diaries","Hipicon","https://www.hipicon.com/tr-en/designers","Platform profili (tasarımcı/marka/stüdyo/üretici karışık)","Resmî public dizinden doğrulandı","needs_enrichment","blocked_until_enriched"
"Roomnish","Hipicon","https://www.hipicon.com/tr-en/designers","Platform profili (tasarımcı/marka/stüdyo/üretici karışık)","Resmî public dizinden doğrulandı","needs_enrichment","blocked_until_enriched"
"Rooms Design Studio","Hipicon","https://www.hipicon.com/tr-en/designers","Platform profili (tasarımcı/marka/stüdyo/üretici karışık)","Resmî public dizinden doğrulandı","needs_enrichment","blocked_until_enriched"
"Root Aromaterapi","Hipicon","https://www.hipicon.com/tr-en/designers","Platform profili (tasarımcı/marka/stüdyo/üretici karışık)","Resmî public dizinden doğrulandı","needs_enrichment","blocked_until_enriched"
"Root Club","Hipicon","https://www.hipicon.com/tr-en/designers","Platform profili (tasarımcı/marka/stüdyo/üretici karışık)","Resmî public dizinden doğrulandı","needs_enrichment","blocked_until_enriched"
"Rose Lighting","Hipicon","https://www.hipicon.com/tr-en/designers","Platform profili (tasarımcı/marka/stüdyo/üretici karışık)","Resmî public dizinden doğrulandı","needs_enrichment","blocked_until_enriched"
"Rose Outdoor","Hipicon","https://www.hipicon.com/tr-en/designers","Platform profili (tasarımcı/marka/stüdyo/üretici karışık)","Resmî public dizinden doğrulandı","needs_enrichment","blocked_until_enriched"
"Rosece","Hipicon","https://www.hipicon.com/tr-en/designers","Platform profili (tasarımcı/marka/stüdyo/üretici karışık)","Resmî public dizinden doğrulandı","needs_enrichment","blocked_until_enriched"
"Rosemary Natural","Hipicon","https://www.hipicon.com/tr-en/designers","Platform profili (tasarımcı/marka/stüdyo/üretici karışık)","Resmî public dizinden doğrulandı","needs_enrichment","blocked_until_enriched"
"Roses On Ice","Hipicon","https://www.hipicon.com/tr-en/designers","Platform profili (tasarımcı/marka/stüdyo/üretici karışık)","Resmî public dizinden doğrulandı","needs_enrichment","blocked_until_enriched"
"Rotco","Hipicon","https://www.hipicon.com/tr-en/designers","Platform profili (tasarımcı/marka/stüdyo/üretici karışık)","Resmî public dizinden doğrulandı","needs_enrichment","blocked_until_enriched"
"Ruby","Hipicon","https://www.hipicon.com/tr-en/designers","Platform profili (tasarımcı/marka/stüdyo/üretici karışık)","Resmî public dizinden doğrulandı","needs_enrichment","blocked_until_enriched"
"Ruda","Hipicon","https://www.hipicon.com/tr-en/designers","Platform profili (tasarımcı/marka/stüdyo/üretici karışık)","Resmî public dizinden doğrulandı","needs_enrichment","blocked_until_enriched"
"Rue Atelier","Hipicon","https://www.hipicon.com/tr-en/designers","Platform profili (tasarımcı/marka/stüdyo/üretici karışık)","Resmî public dizinden doğrulandı","needs_enrichment","blocked_until_enriched"
"Rug N Carpet","Hipicon","https://www.hipicon.com/tr-en/designers","Platform profili (tasarımcı/marka/stüdyo/üretici karışık)","Resmî public dizinden doğrulandı","needs_enrichment","blocked_until_enriched"
"Ruk Illustration","Hipicon","https://www.hipicon.com/tr-en/designers","Platform profili (tasarımcı/marka/stüdyo/üretici karışık)","Resmî public dizinden doğrulandı","needs_enrichment","blocked_until_enriched"
"Rumii","Hipicon","https://www.hipicon.com/tr-en/designers","Platform profili (tasarımcı/marka/stüdyo/üretici karışık)","Resmî public dizinden doğrulandı","needs_enrichment","blocked_until_enriched"
"Ruq Ceramics","Hipicon","https://www.hipicon.com/tr-en/designers","Platform profili (tasarımcı/marka/stüdyo/üretici karışık)","Resmî public dizinden doğrulandı","needs_enrichment","blocked_until_enriched"
"RustandRich","Hipicon","https://www.hipicon.com/tr-en/designers","Platform profili (tasarımcı/marka/stüdyo/üretici karışık)","Resmî public dizinden doğrulandı","needs_enrichment","blocked_until_enriched"
"Rustic Mysticus","Hipicon","https://www.hipicon.com/tr-en/designers","Platform profili (tasarımcı/marka/stüdyo/üretici karışık)","Resmî public dizinden doğrulandı","needs_enrichment","blocked_until_enriched"
"Rustıc Wooden Art","Hipicon","https://www.hipicon.com/tr-en/designers","Platform profili (tasarımcı/marka/stüdyo/üretici karışık)","Resmî public dizinden doğrulandı","needs_enrichment","blocked_until_enriched"
"Ruufform","Hipicon","https://www.hipicon.com/tr-en/designers","Platform profili (tasarımcı/marka/stüdyo/üretici karışık)","Resmî public dizinden doğrulandı","needs_enrichment","blocked_until_enriched"
"Ryder Act","Hipicon","https://www.hipicon.com/tr-en/designers","Platform profili (tasarımcı/marka/stüdyo/üretici karışık)","Resmî public dizinden doğrulandı","needs_enrichment","blocked_until_enriched"
"Rüya Akyol Studio","Hipicon","https://www.hipicon.com/tr-en/designers","Platform profili (tasarımcı/marka/stüdyo/üretici karışık)","Resmî public dizinden doğrulandı","needs_enrichment","blocked_until_enriched"
"reMarkable","Hipicon","https://www.hipicon.com/tr-en/designers","Platform profili (tasarımcı/marka/stüdyo/üretici karışık)","Resmî public dizinden doğrulandı","needs_enrichment","blocked_until_enriched"
"2 Stories","Hipicon","https://www.hipicon.com/tr-en/designers","Platform profili (tasarımcı/marka/stüdyo/üretici karışık)","Resmî public dizinden doğrulandı","needs_enrichment","blocked_until_enriched"
"S.Simple","Hipicon","https://www.hipicon.com/tr-en/designers","Platform profili (tasarımcı/marka/stüdyo/üretici karışık)","Resmî public dizinden doğrulandı","needs_enrichment","blocked_until_enriched"
"SABANFURKAN","Hipicon","https://www.hipicon.com/tr-en/designers","Platform profili (tasarımcı/marka/stüdyo/üretici karışık)","Resmî public dizinden doğrulandı","needs_enrichment","blocked_until_enriched"
"SASA Design and Architecture","Hipicon","https://www.hipicon.com/tr-en/designers","Platform profili (tasarımcı/marka/stüdyo/üretici karışık)","Resmî public dizinden doğrulandı","needs_enrichment","blocked_until_enriched"
"SHARMONY","Hipicon","https://www.hipicon.com/tr-en/designers","Platform profili (tasarımcı/marka/stüdyo/üretici karışık)","Resmî public dizinden doğrulandı","needs_enrichment","blocked_until_enriched"
"SKG","Hipicon","https://www.hipicon.com/tr-en/designers","Platform profili (tasarımcı/marka/stüdyo/üretici karışık)","Resmî public dizinden doğrulandı","needs_enrichment","blocked_until_enriched"
"SOL & SAL","Hipicon","https://www.hipicon.com/tr-en/designers","Platform profili (tasarımcı/marka/stüdyo/üretici karışık)","Resmî public dizinden doğrulandı","needs_enrichment","blocked_until_enriched"
"SOLILU","Hipicon","https://www.hipicon.com/tr-en/designers","Platform profili (tasarımcı/marka/stüdyo/üretici karışık)","Resmî public dizinden doğrulandı","needs_enrichment","blocked_until_enriched"
"SOU-BA","Hipicon","https://www.hipicon.com/tr-en/designers","Platform profili (tasarımcı/marka/stüdyo/üretici karışık)","Resmî public dizinden doğrulandı","needs_enrichment","blocked_until_enriched"
"SOUNDBOKS","Hipicon","https://www.hipicon.com/tr-en/designers","Platform profili (tasarımcı/marka/stüdyo/üretici karışık)","Resmî public dizinden doğrulandı","needs_enrichment","blocked_until_enriched"
"STA Atelier","Hipicon","https://www.hipicon.com/tr-en/designers","Platform profili (tasarımcı/marka/stüdyo/üretici karışık)","Resmî public dizinden doğrulandı","needs_enrichment","blocked_until_enriched"
"SYNCA","Hipicon","https://www.hipicon.com/tr-en/designers","Platform profili (tasarımcı/marka/stüdyo/üretici karışık)","Resmî public dizinden doğrulandı","needs_enrichment","blocked_until_enriched"
"Sacre","Hipicon","https://www.hipicon.com/tr-en/designers","Platform profili (tasarımcı/marka/stüdyo/üretici karışık)","Resmî public dizinden doğrulandı","needs_enrichment","blocked_until_enriched"
"Sacu Ceramics","Hipicon","https://www.hipicon.com/tr-en/designers","Platform profili (tasarımcı/marka/stüdyo/üretici karışık)","Resmî public dizinden doğrulandı","needs_enrichment","blocked_until_enriched"
"Sacu Jewelry","Hipicon","https://www.hipicon.com/tr-en/designers","Platform profili (tasarımcı/marka/stüdyo/üretici karışık)","Resmî public dizinden doğrulandı","needs_enrichment","blocked_until_enriched"
"Safa Furniture","Hipicon","https://www.hipicon.com/tr-en/designers","Platform profili (tasarımcı/marka/stüdyo/üretici karışık)","Resmî public dizinden doğrulandı","needs_enrichment","blocked_until_enriched"
"Safnaturel","Hipicon","https://www.hipicon.com/tr-en/designers","Platform profili (tasarımcı/marka/stüdyo/üretici karışık)","Resmî public dizinden doğrulandı","needs_enrichment","blocked_until_enriched"
"Sahara Maison","Hipicon","https://www.hipicon.com/tr-en/designers","Platform profili (tasarımcı/marka/stüdyo/üretici karışık)","Resmî public dizinden doğrulandı","needs_enrichment","blocked_until_enriched"
"Saint Alen","Hipicon","https://www.hipicon.com/tr-en/designers","Platform profili (tasarımcı/marka/stüdyo/üretici karışık)","Resmî public dizinden doğrulandı","needs_enrichment","blocked_until_enriched"
"Saint Antuan","Hipicon","https://www.hipicon.com/tr-en/designers","Platform profili (tasarımcı/marka/stüdyo/üretici karışık)","Resmî public dizinden doğrulandı","needs_enrichment","blocked_until_enriched"
"Saint Ones","Hipicon","https://www.hipicon.com/tr-en/designers","Platform profili (tasarımcı/marka/stüdyo/üretici karışık)","Resmî public dizinden doğrulandı","needs_enrichment","blocked_until_enriched"
"Sakin Handcrafted Porcelain","Hipicon","https://www.hipicon.com/tr-en/designers","Platform profili (tasarımcı/marka/stüdyo/üretici karışık)","Resmî public dizinden doğrulandı","needs_enrichment","blocked_until_enriched"
"Salta Jewellery","Hipicon","https://www.hipicon.com/tr-en/designers","Platform profili (tasarımcı/marka/stüdyo/üretici karışık)","Resmî public dizinden doğrulandı","needs_enrichment","blocked_until_enriched"
"Saléa","Hipicon","https://www.hipicon.com/tr-en/designers","Platform profili (tasarımcı/marka/stüdyo/üretici karışık)","Resmî public dizinden doğrulandı","needs_enrichment","blocked_until_enriched"
"Sanct Atelier","Hipicon","https://www.hipicon.com/tr-en/designers","Platform profili (tasarımcı/marka/stüdyo/üretici karışık)","Resmî public dizinden doğrulandı","needs_enrichment","blocked_until_enriched"
"Sandscape","Hipicon","https://www.hipicon.com/tr-en/designers","Platform profili (tasarımcı/marka/stüdyo/üretici karışık)","Resmî public dizinden doğrulandı","needs_enrichment","blocked_until_enriched"
"Sante Ceramics","Hipicon","https://www.hipicon.com/tr-en/designers","Platform profili (tasarımcı/marka/stüdyo/üretici karışık)","Resmî public dizinden doğrulandı","needs_enrichment","blocked_until_enriched"
"Santimilim","Hipicon","https://www.hipicon.com/tr-en/designers","Platform profili (tasarımcı/marka/stüdyo/üretici karışık)","Resmî public dizinden doğrulandı","needs_enrichment","blocked_until_enriched"
"Sardine Republic","Hipicon","https://www.hipicon.com/tr-en/designers","Platform profili (tasarımcı/marka/stüdyo/üretici karışık)","Resmî public dizinden doğrulandı","needs_enrichment","blocked_until_enriched"
"Sarnion","Hipicon","https://www.hipicon.com/tr-en/designers","Platform profili (tasarımcı/marka/stüdyo/üretici karışık)","Resmî public dizinden doğrulandı","needs_enrichment","blocked_until_enriched"
"Sarp Süerdaş","Hipicon","https://www.hipicon.com/tr-en/designers","Platform profili (tasarımcı/marka/stüdyo/üretici karışık)","Resmî public dizinden doğrulandı","needs_enrichment","blocked_until_enriched"
"Sattva Ceramics","Hipicon","https://www.hipicon.com/tr-en/designers","Platform profili (tasarımcı/marka/stüdyo/üretici karışık)","Resmî public dizinden doğrulandı","needs_enrichment","blocked_until_enriched"
"Sauca Collection","Hipicon","https://www.hipicon.com/tr-en/designers","Platform profili (tasarımcı/marka/stüdyo/üretici karışık)","Resmî public dizinden doğrulandı","needs_enrichment","blocked_until_enriched"
"Saude İstanbul","Hipicon","https://www.hipicon.com/tr-en/designers","Platform profili (tasarımcı/marka/stüdyo/üretici karışık)","Resmî public dizinden doğrulandı","needs_enrichment","blocked_until_enriched"
"Sava","Hipicon","https://www.hipicon.com/tr-en/designers","Platform profili (tasarımcı/marka/stüdyo/üretici karışık)","Resmî public dizinden doğrulandı","needs_enrichment","blocked_until_enriched"
"Save The Flowers","Hipicon","https://www.hipicon.com/tr-en/designers","Platform profili (tasarımcı/marka/stüdyo/üretici karışık)","Resmî public dizinden doğrulandı","needs_enrichment","blocked_until_enriched"
"Saveria Living","Hipicon","https://www.hipicon.com/tr-en/designers","Platform profili (tasarımcı/marka/stüdyo/üretici karışık)","Resmî public dizinden doğrulandı","needs_enrichment","blocked_until_enriched"
"Scala Concept","Hipicon","https://www.hipicon.com/tr-en/designers","Platform profili (tasarımcı/marka/stüdyo/üretici karışık)","Resmî public dizinden doğrulandı","needs_enrichment","blocked_until_enriched"
"Scandinavian Concept","Hipicon","https://www.hipicon.com/tr-en/designers","Platform profili (tasarımcı/marka/stüdyo/üretici karışık)","Resmî public dizinden doğrulandı","needs_enrichment","blocked_until_enriched"
"Scentmega","Hipicon","https://www.hipicon.com/tr-en/designers","Platform profili (tasarımcı/marka/stüdyo/üretici karışık)","Resmî public dizinden doğrulandı","needs_enrichment","blocked_until_enriched"
"Schuco","Hipicon","https://www.hipicon.com/tr-en/designers","Platform profili (tasarımcı/marka/stüdyo/üretici karışık)","Resmî public dizinden doğrulandı","needs_enrichment","blocked_until_enriched"
"Scops","Hipicon","https://www.hipicon.com/tr-en/designers","Platform profili (tasarımcı/marka/stüdyo/üretici karışık)","Resmî public dizinden doğrulandı","needs_enrichment","blocked_until_enriched"
"Sea Salt Cinnamon","Hipicon","https://www.hipicon.com/tr-en/designers","Platform profili (tasarımcı/marka/stüdyo/üretici karışık)","Resmî public dizinden doğrulandı","needs_enrichment","blocked_until_enriched"
"Searo Club","Hipicon","https://www.hipicon.com/tr-en/designers","Platform profili (tasarımcı/marka/stüdyo/üretici karışık)","Resmî public dizinden doğrulandı","needs_enrichment","blocked_until_enriched"
"Season Sense","Hipicon","https://www.hipicon.com/tr-en/designers","Platform profili (tasarımcı/marka/stüdyo/üretici karışık)","Resmî public dizinden doğrulandı","needs_enrichment","blocked_until_enriched"
"Secrid","Hipicon","https://www.hipicon.com/tr-en/designers","Platform profili (tasarımcı/marka/stüdyo/üretici karışık)","Resmî public dizinden doğrulandı","needs_enrichment","blocked_until_enriched"
"Sed Ceramic Design","Hipicon","https://www.hipicon.com/tr-en/designers","Platform profili (tasarımcı/marka/stüdyo/üretici karışık)","Resmî public dizinden doğrulandı","needs_enrichment","blocked_until_enriched"
"Seeds","Hipicon","https://www.hipicon.com/tr-en/designers","Platform profili (tasarımcı/marka/stüdyo/üretici karışık)","Resmî public dizinden doğrulandı","needs_enrichment","blocked_until_enriched"
"Seeka Yoga","Hipicon","https://www.hipicon.com/tr-en/designers","Platform profili (tasarımcı/marka/stüdyo/üretici karışık)","Resmî public dizinden doğrulandı","needs_enrichment","blocked_until_enriched"
"Seiko","Hipicon","https://www.hipicon.com/tr-en/designers","Platform profili (tasarımcı/marka/stüdyo/üretici karışık)","Resmî public dizinden doğrulandı","needs_enrichment","blocked_until_enriched"
"Seil Collective","Hipicon","https://www.hipicon.com/tr-en/designers","Platform profili (tasarımcı/marka/stüdyo/üretici karışık)","Resmî public dizinden doğrulandı","needs_enrichment","blocked_until_enriched"
"Seize The Day","Hipicon","https://www.hipicon.com/tr-en/designers","Platform profili (tasarımcı/marka/stüdyo/üretici karışık)","Resmî public dizinden doğrulandı","needs_enrichment","blocked_until_enriched"
"Sel Furniture","Hipicon","https://www.hipicon.com/tr-en/designers","Platform profili (tasarımcı/marka/stüdyo/üretici karışık)","Resmî public dizinden doğrulandı","needs_enrichment","blocked_until_enriched"
"Selam Carpet & Home","Hipicon","https://www.hipicon.com/tr-en/designers","Platform profili (tasarımcı/marka/stüdyo/üretici karışık)","Resmî public dizinden doğrulandı","needs_enrichment","blocked_until_enriched"
"Seleni İstanbul","Hipicon","https://www.hipicon.com/tr-en/designers","Platform profili (tasarımcı/marka/stüdyo/üretici karışık)","Resmî public dizinden doğrulandı","needs_enrichment","blocked_until_enriched"
"Selenophile","Hipicon","https://www.hipicon.com/tr-en/designers","Platform profili (tasarımcı/marka/stüdyo/üretici karışık)","Resmî public dizinden doğrulandı","needs_enrichment","blocked_until_enriched"
"Selin Küçüksöz","Hipicon","https://www.hipicon.com/tr-en/designers","Platform profili (tasarımcı/marka/stüdyo/üretici karışık)","Resmî public dizinden doğrulandı","needs_enrichment","blocked_until_enriched"
"Selm Art Co.","Hipicon","https://www.hipicon.com/tr-en/designers","Platform profili (tasarımcı/marka/stüdyo/üretici karışık)","Resmî public dizinden doğrulandı","needs_enrichment","blocked_until_enriched"
"Sem Deco Art","Hipicon","https://www.hipicon.com/tr-en/designers","Platform profili (tasarımcı/marka/stüdyo/üretici karışık)","Resmî public dizinden doğrulandı","needs_enrichment","blocked_until_enriched"
"Semya Home","Hipicon","https://www.hipicon.com/tr-en/designers","Platform profili (tasarımcı/marka/stüdyo/üretici karışık)","Resmî public dizinden doğrulandı","needs_enrichment","blocked_until_enriched"
"Seniha Skincare","Hipicon","https://www.hipicon.com/tr-en/designers","Platform profili (tasarımcı/marka/stüdyo/üretici karışık)","Resmî public dizinden doğrulandı","needs_enrichment","blocked_until_enriched"
"Senusa","Hipicon","https://www.hipicon.com/tr-en/designers","Platform profili (tasarımcı/marka/stüdyo/üretici karışık)","Resmî public dizinden doğrulandı","needs_enrichment","blocked_until_enriched"
"Sept And Life","Hipicon","https://www.hipicon.com/tr-en/designers","Platform profili (tasarımcı/marka/stüdyo/üretici karışık)","Resmî public dizinden doğrulandı","needs_enrichment","blocked_until_enriched"
"Sequanse","Hipicon","https://www.hipicon.com/tr-en/designers","Platform profili (tasarımcı/marka/stüdyo/üretici karışık)","Resmî public dizinden doğrulandı","needs_enrichment","blocked_until_enriched"
"Seraphy Aromatherapy Natural Skincare","Hipicon","https://www.hipicon.com/tr-en/designers","Platform profili (tasarımcı/marka/stüdyo/üretici karışık)","Resmî public dizinden doğrulandı","needs_enrichment","blocked_until_enriched"
"Serax","Hipicon","https://www.hipicon.com/tr-en/designers","Platform profili (tasarımcı/marka/stüdyo/üretici karışık)","Resmî public dizinden doğrulandı","needs_enrichment","blocked_until_enriched"
"Sereinco.","Hipicon","https://www.hipicon.com/tr-en/designers","Platform profili (tasarımcı/marka/stüdyo/üretici karışık)","Resmî public dizinden doğrulandı","needs_enrichment","blocked_until_enriched"
"Serkan Akyol","Hipicon","https://www.hipicon.com/tr-en/designers","Platform profili (tasarımcı/marka/stüdyo/üretici karışık)","Resmî public dizinden doğrulandı","needs_enrichment","blocked_until_enriched"
"Sertaç Taşdelen","Hipicon","https://www.hipicon.com/tr-en/designers","Platform profili (tasarımcı/marka/stüdyo/üretici karışık)","Resmî public dizinden doğrulandı","needs_enrichment","blocked_until_enriched"
"Serve","Hipicon","https://www.hipicon.com/tr-en/designers","Platform profili (tasarımcı/marka/stüdyo/üretici karışık)","Resmî public dizinden doğrulandı","needs_enrichment","blocked_until_enriched"
"Sesiber","Hipicon","https://www.hipicon.com/tr-en/designers","Platform profili (tasarımcı/marka/stüdyo/üretici karışık)","Resmî public dizinden doğrulandı","needs_enrichment","blocked_until_enriched"
"Setoiler","Hipicon","https://www.hipicon.com/tr-en/designers","Platform profili (tasarımcı/marka/stüdyo/üretici karışık)","Resmî public dizinden doğrulandı","needs_enrichment","blocked_until_enriched"
"Seuolvie","Hipicon","https://www.hipicon.com/tr-en/designers","Platform profili (tasarımcı/marka/stüdyo/üretici karışık)","Resmî public dizinden doğrulandı","needs_enrichment","blocked_until_enriched"
"Seyku Jewellery","Hipicon","https://www.hipicon.com/tr-en/designers","Platform profili (tasarımcı/marka/stüdyo/üretici karışık)","Resmî public dizinden doğrulandı","needs_enrichment","blocked_until_enriched"
"Seym Glass Studio","Hipicon","https://www.hipicon.com/tr-en/designers","Platform profili (tasarımcı/marka/stüdyo/üretici karışık)","Resmî public dizinden doğrulandı","needs_enrichment","blocked_until_enriched"
"Seçil Özelmas","Hipicon","https://www.hipicon.com/tr-en/designers","Platform profili (tasarımcı/marka/stüdyo/üretici karışık)","Resmî public dizinden doğrulandı","needs_enrichment","blocked_until_enriched"
"Sfida","Hipicon","https://www.hipicon.com/tr-en/designers","Platform profili (tasarımcı/marka/stüdyo/üretici karışık)","Resmî public dizinden doğrulandı","needs_enrichment","blocked_until_enriched"
"Shape And Fine","Hipicon","https://www.hipicon.com/tr-en/designers","Platform profili (tasarımcı/marka/stüdyo/üretici karışık)","Resmî public dizinden doğrulandı","needs_enrichment","blocked_until_enriched"
"Shasha Soul","Hipicon","https://www.hipicon.com/tr-en/designers","Platform profili (tasarımcı/marka/stüdyo/üretici karışık)","Resmî public dizinden doğrulandı","needs_enrichment","blocked_until_enriched"
"Shebnem Ceramics","Hipicon","https://www.hipicon.com/tr-en/designers","Platform profili (tasarımcı/marka/stüdyo/üretici karışık)","Resmî public dizinden doğrulandı","needs_enrichment","blocked_until_enriched"
"Shera Atelier","Hipicon","https://www.hipicon.com/tr-en/designers","Platform profili (tasarımcı/marka/stüdyo/üretici karışık)","Resmî public dizinden doğrulandı","needs_enrichment","blocked_until_enriched"
"Shikoo Swimwear","Hipicon","https://www.hipicon.com/tr-en/designers","Platform profili (tasarımcı/marka/stüdyo/üretici karışık)","Resmî public dizinden doğrulandı","needs_enrichment","blocked_until_enriched"
"ShopN2O","Hipicon","https://www.hipicon.com/tr-en/designers","Platform profili (tasarımcı/marka/stüdyo/üretici karışık)","Resmî public dizinden doğrulandı","needs_enrichment","blocked_until_enriched"
"Shuri Kids","Hipicon","https://www.hipicon.com/tr-en/designers","Platform profili (tasarımcı/marka/stüdyo/üretici karışık)","Resmî public dizinden doğrulandı","needs_enrichment","blocked_until_enriched"
"Siber Design Atelier","Hipicon","https://www.hipicon.com/tr-en/designers","Platform profili (tasarımcı/marka/stüdyo/üretici karışık)","Resmî public dizinden doğrulandı","needs_enrichment","blocked_until_enriched"
"Sick of All","Hipicon","https://www.hipicon.com/tr-en/designers","Platform profili (tasarımcı/marka/stüdyo/üretici karışık)","Resmî public dizinden doğrulandı","needs_enrichment","blocked_until_enriched"
"Siena Couture","Hipicon","https://www.hipicon.com/tr-en/designers","Platform profili (tasarımcı/marka/stüdyo/üretici karışık)","Resmî public dizinden doğrulandı","needs_enrichment","blocked_until_enriched"
"Sihir - Foscarini","Hipicon","https://www.hipicon.com/tr-en/designers","Platform profili (tasarımcı/marka/stüdyo/üretici karışık)","Resmî public dizinden doğrulandı","needs_enrichment","blocked_until_enriched"
"Silk Parade","Hipicon","https://www.hipicon.com/tr-en/designers","Platform profili (tasarımcı/marka/stüdyo/üretici karışık)","Resmî public dizinden doğrulandı","needs_enrichment","blocked_until_enriched"
"Silkworm","Hipicon","https://www.hipicon.com/tr-en/designers","Platform profili (tasarımcı/marka/stüdyo/üretici karışık)","Resmî public dizinden doğrulandı","needs_enrichment","blocked_until_enriched"
"Sim Atölye","Hipicon","https://www.hipicon.com/tr-en/designers","Platform profili (tasarımcı/marka/stüdyo/üretici karışık)","Resmî public dizinden doğrulandı","needs_enrichment","blocked_until_enriched"
"Simple As Is","Hipicon","https://www.hipicon.com/tr-en/designers","Platform profili (tasarımcı/marka/stüdyo/üretici karışık)","Resmî public dizinden doğrulandı","needs_enrichment","blocked_until_enriched"
"Simple Favor","Hipicon","https://www.hipicon.com/tr-en/designers","Platform profili (tasarımcı/marka/stüdyo/üretici karışık)","Resmî public dizinden doğrulandı","needs_enrichment","blocked_until_enriched"
"SimpleCo Clothes","Hipicon","https://www.hipicon.com/tr-en/designers","Platform profili (tasarımcı/marka/stüdyo/üretici karışık)","Resmî public dizinden doğrulandı","needs_enrichment","blocked_until_enriched"
"Simre Kids","Hipicon","https://www.hipicon.com/tr-en/designers","Platform profili (tasarımcı/marka/stüdyo/üretici karışık)","Resmî public dizinden doğrulandı","needs_enrichment","blocked_until_enriched"
"Simy Atelier","Hipicon","https://www.hipicon.com/tr-en/designers","Platform profili (tasarımcı/marka/stüdyo/üretici karışık)","Resmî public dizinden doğrulandı","needs_enrichment","blocked_until_enriched"
"Simya Evi","Hipicon","https://www.hipicon.com/tr-en/designers","Platform profili (tasarımcı/marka/stüdyo/üretici karışık)","Resmî public dizinden doğrulandı","needs_enrichment","blocked_until_enriched"
"Sinem Babacan","Hipicon","https://www.hipicon.com/tr-en/designers","Platform profili (tasarımcı/marka/stüdyo/üretici karışık)","Resmî public dizinden doğrulandı","needs_enrichment","blocked_until_enriched"
"SipnJoy","Hipicon","https://www.hipicon.com/tr-en/designers","Platform profili (tasarımcı/marka/stüdyo/üretici karışık)","Resmî public dizinden doğrulandı","needs_enrichment","blocked_until_enriched"
"Sirmaison","Hipicon","https://www.hipicon.com/tr-en/designers","Platform profili (tasarımcı/marka/stüdyo/üretici karışık)","Resmî public dizinden doğrulandı","needs_enrichment","blocked_until_enriched"
"Six Zero","Hipicon","https://www.hipicon.com/tr-en/designers","Platform profili (tasarımcı/marka/stüdyo/üretici karışık)","Resmî public dizinden doğrulandı","needs_enrichment","blocked_until_enriched"
"Skal Living","Hipicon","https://www.hipicon.com/tr-en/designers","Platform profili (tasarımcı/marka/stüdyo/üretici karışık)","Resmî public dizinden doğrulandı","needs_enrichment","blocked_until_enriched"
"Skingrabs.","Hipicon","https://www.hipicon.com/tr-en/designers","Platform profili (tasarımcı/marka/stüdyo/üretici karışık)","Resmî public dizinden doğrulandı","needs_enrichment","blocked_until_enriched"
"Skinvisibles","Hipicon","https://www.hipicon.com/tr-en/designers","Platform profili (tasarımcı/marka/stüdyo/üretici karışık)","Resmî public dizinden doğrulandı","needs_enrichment","blocked_until_enriched"
"Skymee","Hipicon","https://www.hipicon.com/tr-en/designers","Platform profili (tasarımcı/marka/stüdyo/üretici karışık)","Resmî public dizinden doğrulandı","needs_enrichment","blocked_until_enriched"
"Slamp","Hipicon","https://www.hipicon.com/tr-en/designers","Platform profili (tasarımcı/marka/stüdyo/üretici karışık)","Resmî public dizinden doğrulandı","needs_enrichment","blocked_until_enriched"
"Sleeptown","Hipicon","https://www.hipicon.com/tr-en/designers","Platform profili (tasarımcı/marka/stüdyo/üretici karışık)","Resmî public dizinden doğrulandı","needs_enrichment","blocked_until_enriched"
"Slide","Hipicon","https://www.hipicon.com/tr-en/designers","Platform profili (tasarımcı/marka/stüdyo/üretici karışık)","Resmî public dizinden doğrulandı","needs_enrichment","blocked_until_enriched"
"Slouv","Hipicon","https://www.hipicon.com/tr-en/designers","Platform profili (tasarımcı/marka/stüdyo/üretici karışık)","Resmî public dizinden doğrulandı","needs_enrichment","blocked_until_enriched"
"SmarTrike","Hipicon","https://www.hipicon.com/tr-en/designers","Platform profili (tasarımcı/marka/stüdyo/üretici karışık)","Resmî public dizinden doğrulandı","needs_enrichment","blocked_until_enriched"
"Snailzz","Hipicon","https://www.hipicon.com/tr-en/designers","Platform profili (tasarımcı/marka/stüdyo/üretici karışık)","Resmî public dizinden doğrulandı","needs_enrichment","blocked_until_enriched"
"So Design Lab","Hipicon","https://www.hipicon.com/tr-en/designers","Platform profili (tasarımcı/marka/stüdyo/üretici karışık)","Resmî public dizinden doğrulandı","needs_enrichment","blocked_until_enriched"
"So Mass","Hipicon","https://www.hipicon.com/tr-en/designers","Platform profili (tasarımcı/marka/stüdyo/üretici karışık)","Resmî public dizinden doğrulandı","needs_enrichment","blocked_until_enriched"
"So Saff","Hipicon","https://www.hipicon.com/tr-en/designers","Platform profili (tasarımcı/marka/stüdyo/üretici karışık)","Resmî public dizinden doğrulandı","needs_enrichment","blocked_until_enriched"
"So Stain Series","Hipicon","https://www.hipicon.com/tr-en/designers","Platform profili (tasarımcı/marka/stüdyo/üretici karışık)","Resmî public dizinden doğrulandı","needs_enrichment","blocked_until_enriched"
"Soap and Candle Cuisine","Hipicon","https://www.hipicon.com/tr-en/designers","Platform profili (tasarımcı/marka/stüdyo/üretici karışık)","Resmî public dizinden doğrulandı","needs_enrichment","blocked_until_enriched"
"Soapy Co.","Hipicon","https://www.hipicon.com/tr-en/designers","Platform profili (tasarımcı/marka/stüdyo/üretici karışık)","Resmî public dizinden doğrulandı","needs_enrichment","blocked_until_enriched"
"Soba Design","Hipicon","https://www.hipicon.com/tr-en/designers","Platform profili (tasarımcı/marka/stüdyo/üretici karışık)","Resmî public dizinden doğrulandı","needs_enrichment","blocked_until_enriched"
"Socha&Co","Hipicon","https://www.hipicon.com/tr-en/designers","Platform profili (tasarımcı/marka/stüdyo/üretici karışık)","Resmî public dizinden doğrulandı","needs_enrichment","blocked_until_enriched"
"Socks + Stuff","Hipicon","https://www.hipicon.com/tr-en/designers","Platform profili (tasarımcı/marka/stüdyo/üretici karışık)","Resmî public dizinden doğrulandı","needs_enrichment","blocked_until_enriched"
"Sodd Design","Hipicon","https://www.hipicon.com/tr-en/designers","Platform profili (tasarımcı/marka/stüdyo/üretici karışık)","Resmî public dizinden doğrulandı","needs_enrichment","blocked_until_enriched"
"Sofalab","Hipicon","https://www.hipicon.com/tr-en/designers","Platform profili (tasarımcı/marka/stüdyo/üretici karışık)","Resmî public dizinden doğrulandı","needs_enrichment","blocked_until_enriched"
"Sofi Maya","Hipicon","https://www.hipicon.com/tr-en/designers","Platform profili (tasarımcı/marka/stüdyo/üretici karışık)","Resmî public dizinden doğrulandı","needs_enrichment","blocked_until_enriched"
"Sofia's Zoo","Hipicon","https://www.hipicon.com/tr-en/designers","Platform profili (tasarımcı/marka/stüdyo/üretici karışık)","Resmî public dizinden doğrulandı","needs_enrichment","blocked_until_enriched"
"Sogliola","Hipicon","https://www.hipicon.com/tr-en/designers","Platform profili (tasarımcı/marka/stüdyo/üretici karışık)","Resmî public dizinden doğrulandı","needs_enrichment","blocked_until_enriched"
"Soho Antiq","Hipicon","https://www.hipicon.com/tr-en/designers","Platform profili (tasarımcı/marka/stüdyo/üretici karışık)","Resmî public dizinden doğrulandı","needs_enrichment","blocked_until_enriched"
"Sohomanje","Hipicon","https://www.hipicon.com/tr-en/designers","Platform profili (tasarımcı/marka/stüdyo/üretici karışık)","Resmî public dizinden doğrulandı","needs_enrichment","blocked_until_enriched"
"Soi Concept","Hipicon","https://www.hipicon.com/tr-en/designers","Platform profili (tasarımcı/marka/stüdyo/üretici karışık)","Resmî public dizinden doğrulandı","needs_enrichment","blocked_until_enriched"
"Sole Mio Collection","Hipicon","https://www.hipicon.com/tr-en/designers","Platform profili (tasarımcı/marka/stüdyo/üretici karışık)","Resmî public dizinden doğrulandı","needs_enrichment","blocked_until_enriched"
"Solemina","Hipicon","https://www.hipicon.com/tr-en/designers","Platform profili (tasarımcı/marka/stüdyo/üretici karışık)","Resmî public dizinden doğrulandı","needs_enrichment","blocked_until_enriched"
"Soli Workshop","Hipicon","https://www.hipicon.com/tr-en/designers","Platform profili (tasarımcı/marka/stüdyo/üretici karışık)","Resmî public dizinden doğrulandı","needs_enrichment","blocked_until_enriched"
"Solidist Furniture","Hipicon","https://www.hipicon.com/tr-en/designers","Platform profili (tasarımcı/marka/stüdyo/üretici karışık)","Resmî public dizinden doğrulandı","needs_enrichment","blocked_until_enriched"
"Solido","Hipicon","https://www.hipicon.com/tr-en/designers","Platform profili (tasarımcı/marka/stüdyo/üretici karışık)","Resmî public dizinden doğrulandı","needs_enrichment","blocked_until_enriched"
"Som Design Studio","Hipicon","https://www.hipicon.com/tr-en/designers","Platform profili (tasarımcı/marka/stüdyo/üretici karışık)","Resmî public dizinden doğrulandı","needs_enrichment","blocked_until_enriched"
"Some By Mi","Hipicon","https://www.hipicon.com/tr-en/designers","Platform profili (tasarımcı/marka/stüdyo/üretici karışık)","Resmî public dizinden doğrulandı","needs_enrichment","blocked_until_enriched"
"Some Home İstanbul","Hipicon","https://www.hipicon.com/tr-en/designers","Platform profili (tasarımcı/marka/stüdyo/üretici karışık)","Resmî public dizinden doğrulandı","needs_enrichment","blocked_until_enriched"
"Some More Sun","Hipicon","https://www.hipicon.com/tr-en/designers","Platform profili (tasarımcı/marka/stüdyo/üretici karışık)","Resmî public dizinden doğrulandı","needs_enrichment","blocked_until_enriched"
"Something About Us","Hipicon","https://www.hipicon.com/tr-en/designers","Platform profili (tasarımcı/marka/stüdyo/üretici karışık)","Resmî public dizinden doğrulandı","needs_enrichment","blocked_until_enriched"
"Sooth Design","Hipicon","https://www.hipicon.com/tr-en/designers","Platform profili (tasarımcı/marka/stüdyo/üretici karışık)","Resmî public dizinden doğrulandı","needs_enrichment","blocked_until_enriched"
"Sophie la Girafe","Hipicon","https://www.hipicon.com/tr-en/designers","Platform profili (tasarımcı/marka/stüdyo/üretici karışık)","Resmî public dizinden doğrulandı","needs_enrichment","blocked_until_enriched"
"Sorbet Island","Hipicon","https://www.hipicon.com/tr-en/designers","Platform profili (tasarımcı/marka/stüdyo/üretici karışık)","Resmî public dizinden doğrulandı","needs_enrichment","blocked_until_enriched"
"Sotil Studio","Hipicon","https://www.hipicon.com/tr-en/designers","Platform profili (tasarımcı/marka/stüdyo/üretici karışık)","Resmî public dizinden doğrulandı","needs_enrichment","blocked_until_enriched"
"Sotua Home&Design","Hipicon","https://www.hipicon.com/tr-en/designers","Platform profili (tasarımcı/marka/stüdyo/üretici karışık)","Resmî public dizinden doğrulandı","needs_enrichment","blocked_until_enriched"
"Sou Forms","Hipicon","https://www.hipicon.com/tr-en/designers","Platform profili (tasarımcı/marka/stüdyo/üretici karışık)","Resmî public dizinden doğrulandı","needs_enrichment","blocked_until_enriched"
"Soul Of Caria","Hipicon","https://www.hipicon.com/tr-en/designers","Platform profili (tasarımcı/marka/stüdyo/üretici karışık)","Resmî public dizinden doğrulandı","needs_enrichment","blocked_until_enriched"
"Souq Samurai","Hipicon","https://www.hipicon.com/tr-en/designers","Platform profili (tasarımcı/marka/stüdyo/üretici karışık)","Resmî public dizinden doğrulandı","needs_enrichment","blocked_until_enriched"
"Sowyer","Hipicon","https://www.hipicon.com/tr-en/designers","Platform profili (tasarımcı/marka/stüdyo/üretici karışık)","Resmî public dizinden doğrulandı","needs_enrichment","blocked_until_enriched"
"Spada Coffee","Hipicon","https://www.hipicon.com/tr-en/designers","Platform profili (tasarımcı/marka/stüdyo/üretici karışık)","Resmî public dizinden doğrulandı","needs_enrichment","blocked_until_enriched"
"Spark Atölye","Hipicon","https://www.hipicon.com/tr-en/designers","Platform profili (tasarımcı/marka/stüdyo/üretici karışık)","Resmî public dizinden doğrulandı","needs_enrichment","blocked_until_enriched"
"Spice Authority","Hipicon","https://www.hipicon.com/tr-en/designers","Platform profili (tasarımcı/marka/stüdyo/üretici karışık)","Resmî public dizinden doğrulandı","needs_enrichment","blocked_until_enriched"
"Spiegelau","Hipicon","https://www.hipicon.com/tr-en/designers","Platform profili (tasarımcı/marka/stüdyo/üretici karışık)","Resmî public dizinden doğrulandı","needs_enrichment","blocked_until_enriched"
"Spika&Co","Hipicon","https://www.hipicon.com/tr-en/designers","Platform profili (tasarımcı/marka/stüdyo/üretici karışık)","Resmî public dizinden doğrulandı","needs_enrichment","blocked_until_enriched"
"Spoonup","Hipicon","https://www.hipicon.com/tr-en/designers","Platform profili (tasarımcı/marka/stüdyo/üretici karışık)","Resmî public dizinden doğrulandı","needs_enrichment","blocked_until_enriched"
"Sposawed","Hipicon","https://www.hipicon.com/tr-en/designers","Platform profili (tasarımcı/marka/stüdyo/üretici karışık)","Resmî public dizinden doğrulandı","needs_enrichment","blocked_until_enriched"
"Spring Bear","Hipicon","https://www.hipicon.com/tr-en/designers","Platform profili (tasarımcı/marka/stüdyo/üretici karışık)","Resmî public dizinden doğrulandı","needs_enrichment","blocked_until_enriched"
"St. Pia","Hipicon","https://www.hipicon.com/tr-en/designers","Platform profili (tasarımcı/marka/stüdyo/üretici karışık)","Resmî public dizinden doğrulandı","needs_enrichment","blocked_until_enriched"
"Stalk Museum","Hipicon","https://www.hipicon.com/tr-en/designers","Platform profili (tasarımcı/marka/stüdyo/üretici karışık)","Resmî public dizinden doğrulandı","needs_enrichment","blocked_until_enriched"
"Steez","Hipicon","https://www.hipicon.com/tr-en/designers","Platform profili (tasarımcı/marka/stüdyo/üretici karışık)","Resmî public dizinden doğrulandı","needs_enrichment","blocked_until_enriched"
"Stelias","Hipicon","https://www.hipicon.com/tr-en/designers","Platform profili (tasarımcı/marka/stüdyo/üretici karışık)","Resmî public dizinden doğrulandı","needs_enrichment","blocked_until_enriched"
"Stevde","Hipicon","https://www.hipicon.com/tr-en/designers","Platform profili (tasarımcı/marka/stüdyo/üretici karışık)","Resmî public dizinden doğrulandı","needs_enrichment","blocked_until_enriched"
"Stokton","Hipicon","https://www.hipicon.com/tr-en/designers","Platform profili (tasarımcı/marka/stüdyo/üretici karışık)","Resmî public dizinden doğrulandı","needs_enrichment","blocked_until_enriched"
"Stone","Hipicon","https://www.hipicon.com/tr-en/designers","Platform profili (tasarımcı/marka/stüdyo/üretici karışık)","Resmî public dizinden doğrulandı","needs_enrichment","blocked_until_enriched"
"Storkist","Hipicon","https://www.hipicon.com/tr-en/designers","Platform profili (tasarımcı/marka/stüdyo/üretici karışık)","Resmî public dizinden doğrulandı","needs_enrichment","blocked_until_enriched"
"Stra.Ordinario","Hipicon","https://www.hipicon.com/tr-en/designers","Platform profili (tasarımcı/marka/stüdyo/üretici karışık)","Resmî public dizinden doğrulandı","needs_enrichment","blocked_until_enriched"
"Strudimora","Hipicon","https://www.hipicon.com/tr-en/designers","Platform profili (tasarımcı/marka/stüdyo/üretici karışık)","Resmî public dizinden doğrulandı","needs_enrichment","blocked_until_enriched"
"Studio 29","Hipicon","https://www.hipicon.com/tr-en/designers","Platform profili (tasarımcı/marka/stüdyo/üretici karışık)","Resmî public dizinden doğrulandı","needs_enrichment","blocked_until_enriched"
"Studio 81 Ceramic Studio","Hipicon","https://www.hipicon.com/tr-en/designers","Platform profili (tasarımcı/marka/stüdyo/üretici karışık)","Resmî public dizinden doğrulandı","needs_enrichment","blocked_until_enriched"
"Studio 900 Design","Hipicon","https://www.hipicon.com/tr-en/designers","Platform profili (tasarımcı/marka/stüdyo/üretici karışık)","Resmî public dizinden doğrulandı","needs_enrichment","blocked_until_enriched"
"Studio Ays","Hipicon","https://www.hipicon.com/tr-en/designers","Platform profili (tasarımcı/marka/stüdyo/üretici karışık)","Resmî public dizinden doğrulandı","needs_enrichment","blocked_until_enriched"
"Studio Blue Folks","Hipicon","https://www.hipicon.com/tr-en/designers","Platform profili (tasarımcı/marka/stüdyo/üretici karışık)","Resmî public dizinden doğrulandı","needs_enrichment","blocked_until_enriched"
"Studio Bomo","Hipicon","https://www.hipicon.com/tr-en/designers","Platform profili (tasarımcı/marka/stüdyo/üretici karışık)","Resmî public dizinden doğrulandı","needs_enrichment","blocked_until_enriched"
"Studio Cielo","Hipicon","https://www.hipicon.com/tr-en/designers","Platform profili (tasarımcı/marka/stüdyo/üretici karışık)","Resmî public dizinden doğrulandı","needs_enrichment","blocked_until_enriched"
"Studio D'oro","Hipicon","https://www.hipicon.com/tr-en/designers","Platform profili (tasarımcı/marka/stüdyo/üretici karışık)","Resmî public dizinden doğrulandı","needs_enrichment","blocked_until_enriched"
"Studio Eleven","Hipicon","https://www.hipicon.com/tr-en/designers","Platform profili (tasarımcı/marka/stüdyo/üretici karışık)","Resmî public dizinden doğrulandı","needs_enrichment","blocked_until_enriched"
"Studio Everyday","Hipicon","https://www.hipicon.com/tr-en/designers","Platform profili (tasarımcı/marka/stüdyo/üretici karışık)","Resmî public dizinden doğrulandı","needs_enrichment","blocked_until_enriched"
"Studio Fav","Hipicon","https://www.hipicon.com/tr-en/designers","Platform profili (tasarımcı/marka/stüdyo/üretici karışık)","Resmî public dizinden doğrulandı","needs_enrichment","blocked_until_enriched"
"Studio Garni","Hipicon","https://www.hipicon.com/tr-en/designers","Platform profili (tasarımcı/marka/stüdyo/üretici karışık)","Resmî public dizinden doğrulandı","needs_enrichment","blocked_until_enriched"
"Studio Glorify","Hipicon","https://www.hipicon.com/tr-en/designers","Platform profili (tasarımcı/marka/stüdyo/üretici karışık)","Resmî public dizinden doğrulandı","needs_enrichment","blocked_until_enriched"
"Studio Human Touch","Hipicon","https://www.hipicon.com/tr-en/designers","Platform profili (tasarımcı/marka/stüdyo/üretici karışık)","Resmî public dizinden doğrulandı","needs_enrichment","blocked_until_enriched"
"Studio Kali","Hipicon","https://www.hipicon.com/tr-en/designers","Platform profili (tasarımcı/marka/stüdyo/üretici karışık)","Resmî public dizinden doğrulandı","needs_enrichment","blocked_until_enriched"
"Studio Kirkit","Hipicon","https://www.hipicon.com/tr-en/designers","Platform profili (tasarımcı/marka/stüdyo/üretici karışık)","Resmî public dizinden doğrulandı","needs_enrichment","blocked_until_enriched"
"Studio Klar","Hipicon","https://www.hipicon.com/tr-en/designers","Platform profili (tasarımcı/marka/stüdyo/üretici karışık)","Resmî public dizinden doğrulandı","needs_enrichment","blocked_until_enriched"
"Studio Kortuncan","Hipicon","https://www.hipicon.com/tr-en/designers","Platform profili (tasarımcı/marka/stüdyo/üretici karışık)","Resmî public dizinden doğrulandı","needs_enrichment","blocked_until_enriched"
"Studio Laf.","Hipicon","https://www.hipicon.com/tr-en/designers","Platform profili (tasarımcı/marka/stüdyo/üretici karışık)","Resmî public dizinden doğrulandı","needs_enrichment","blocked_until_enriched"
"Studio Le Fond","Hipicon","https://www.hipicon.com/tr-en/designers","Platform profili (tasarımcı/marka/stüdyo/üretici karışık)","Resmî public dizinden doğrulandı","needs_enrichment","blocked_until_enriched"
"Studio Mikael Paris","Hipicon","https://www.hipicon.com/tr-en/designers","Platform profili (tasarımcı/marka/stüdyo/üretici karışık)","Resmî public dizinden doğrulandı","needs_enrichment","blocked_until_enriched"
"Studio Monsoleil","Hipicon","https://www.hipicon.com/tr-en/designers","Platform profili (tasarımcı/marka/stüdyo/üretici karışık)","Resmî public dizinden doğrulandı","needs_enrichment","blocked_until_enriched"
"Studio No'id","Hipicon","https://www.hipicon.com/tr-en/designers","Platform profili (tasarımcı/marka/stüdyo/üretici karışık)","Resmî public dizinden doğrulandı","needs_enrichment","blocked_until_enriched"
"Studio Norn","Hipicon","https://www.hipicon.com/tr-en/designers","Platform profili (tasarımcı/marka/stüdyo/üretici karışık)","Resmî public dizinden doğrulandı","needs_enrichment","blocked_until_enriched"
"Studio Ovata","Hipicon","https://www.hipicon.com/tr-en/designers","Platform profili (tasarımcı/marka/stüdyo/üretici karışık)","Resmî public dizinden doğrulandı","needs_enrichment","blocked_until_enriched"
"Studio Potato","Hipicon","https://www.hipicon.com/tr-en/designers","Platform profili (tasarımcı/marka/stüdyo/üretici karışık)","Resmî public dizinden doğrulandı","needs_enrichment","blocked_until_enriched"
"Studio Tre","Hipicon","https://www.hipicon.com/tr-en/designers","Platform profili (tasarımcı/marka/stüdyo/üretici karışık)","Resmî public dizinden doğrulandı","needs_enrichment","blocked_until_enriched"
"Studio Weirdo","Hipicon","https://www.hipicon.com/tr-en/designers","Platform profili (tasarımcı/marka/stüdyo/üretici karışık)","Resmî public dizinden doğrulandı","needs_enrichment","blocked_until_enriched"
"Studio Yabu","Hipicon","https://www.hipicon.com/tr-en/designers","Platform profili (tasarımcı/marka/stüdyo/üretici karışık)","Resmî public dizinden doğrulandı","needs_enrichment","blocked_until_enriched"
"Studio di Daisy","Hipicon","https://www.hipicon.com/tr-en/designers","Platform profili (tasarımcı/marka/stüdyo/üretici karışık)","Resmî public dizinden doğrulandı","needs_enrichment","blocked_until_enriched"
"Studioefs","Hipicon","https://www.hipicon.com/tr-en/designers","Platform profili (tasarımcı/marka/stüdyo/üretici karışık)","Resmî public dizinden doğrulandı","needs_enrichment","blocked_until_enriched"
"Studiomel","Hipicon","https://www.hipicon.com/tr-en/designers","Platform profili (tasarımcı/marka/stüdyo/üretici karışık)","Resmî public dizinden doğrulandı","needs_enrichment","blocked_until_enriched"
"Stylistic Redefine Objects","Hipicon","https://www.hipicon.com/tr-en/designers","Platform profili (tasarımcı/marka/stüdyo/üretici karışık)","Resmî public dizinden doğrulandı","needs_enrichment","blocked_until_enriched"
"Stöff Mobel","Hipicon","https://www.hipicon.com/tr-en/designers","Platform profili (tasarımcı/marka/stüdyo/üretici karışık)","Resmî public dizinden doğrulandı","needs_enrichment","blocked_until_enriched"
"SuArtz Studio","Hipicon","https://www.hipicon.com/tr-en/designers","Platform profili (tasarımcı/marka/stüdyo/üretici karışık)","Resmî public dizinden doğrulandı","needs_enrichment","blocked_until_enriched"
"SuCo","Hipicon","https://www.hipicon.com/tr-en/designers","Platform profili (tasarımcı/marka/stüdyo/üretici karışık)","Resmî public dizinden doğrulandı","needs_enrichment","blocked_until_enriched"
"Sub Studio","Hipicon","https://www.hipicon.com/tr-en/designers","Platform profili (tasarımcı/marka/stüdyo/üretici karışık)","Resmî public dizinden doğrulandı","needs_enrichment","blocked_until_enriched"
"Such Good Vibes","Hipicon","https://www.hipicon.com/tr-en/designers","Platform profili (tasarımcı/marka/stüdyo/üretici karışık)","Resmî public dizinden doğrulandı","needs_enrichment","blocked_until_enriched"
"Suchkin","Hipicon","https://www.hipicon.com/tr-en/designers","Platform profili (tasarımcı/marka/stüdyo/üretici karışık)","Resmî public dizinden doğrulandı","needs_enrichment","blocked_until_enriched"
"Sudio","Hipicon","https://www.hipicon.com/tr-en/designers","Platform profili (tasarımcı/marka/stüdyo/üretici karışık)","Resmî public dizinden doğrulandı","needs_enrichment","blocked_until_enriched"
"Sue'con","Hipicon","https://www.hipicon.com/tr-en/designers","Platform profili (tasarımcı/marka/stüdyo/üretici karışık)","Resmî public dizinden doğrulandı","needs_enrichment","blocked_until_enriched"
"Sueno Design Studio","Hipicon","https://www.hipicon.com/tr-en/designers","Platform profili (tasarımcı/marka/stüdyo/üretici karışık)","Resmî public dizinden doğrulandı","needs_enrichment","blocked_until_enriched"
"Sugibi","Hipicon","https://www.hipicon.com/tr-en/designers","Platform profili (tasarımcı/marka/stüdyo/üretici karışık)","Resmî public dizinden doğrulandı","needs_enrichment","blocked_until_enriched"
"Sui Sleep","Hipicon","https://www.hipicon.com/tr-en/designers","Platform profili (tasarımcı/marka/stüdyo/üretici karışık)","Resmî public dizinden doğrulandı","needs_enrichment","blocked_until_enriched"
"Sukupot","Hipicon","https://www.hipicon.com/tr-en/designers","Platform profili (tasarımcı/marka/stüdyo/üretici karışık)","Resmî public dizinden doğrulandı","needs_enrichment","blocked_until_enriched"
"SunYoga","Hipicon","https://www.hipicon.com/tr-en/designers","Platform profili (tasarımcı/marka/stüdyo/üretici karışık)","Resmî public dizinden doğrulandı","needs_enrichment","blocked_until_enriched"
"Sunday Funday","Hipicon","https://www.hipicon.com/tr-en/designers","Platform profili (tasarımcı/marka/stüdyo/üretici karışık)","Resmî public dizinden doğrulandı","needs_enrichment","blocked_until_enriched"
"Sundrops İstanbul","Hipicon","https://www.hipicon.com/tr-en/designers","Platform profili (tasarımcı/marka/stüdyo/üretici karışık)","Resmî public dizinden doğrulandı","needs_enrichment","blocked_until_enriched"
"Sunset Magic Studio","Hipicon","https://www.hipicon.com/tr-en/designers","Platform profili (tasarımcı/marka/stüdyo/üretici karışık)","Resmî public dizinden doğrulandı","needs_enrichment","blocked_until_enriched"
"Suntribe","Hipicon","https://www.hipicon.com/tr-en/designers","Platform profili (tasarımcı/marka/stüdyo/üretici karışık)","Resmî public dizinden doğrulandı","needs_enrichment","blocked_until_enriched"
"Supercute","Hipicon","https://www.hipicon.com/tr-en/designers","Platform profili (tasarımcı/marka/stüdyo/üretici karışık)","Resmî public dizinden doğrulandı","needs_enrichment","blocked_until_enriched"
"Sustaino","Hipicon","https://www.hipicon.com/tr-en/designers","Platform profili (tasarımcı/marka/stüdyo/üretici karışık)","Resmî public dizinden doğrulandı","needs_enrichment","blocked_until_enriched"
"Suzenia","Hipicon","https://www.hipicon.com/tr-en/designers","Platform profili (tasarımcı/marka/stüdyo/üretici karışık)","Resmî public dizinden doğrulandı","needs_enrichment","blocked_until_enriched"
"Suzi G. Atelier","Hipicon","https://www.hipicon.com/tr-en/designers","Platform profili (tasarımcı/marka/stüdyo/üretici karışık)","Resmî public dizinden doğrulandı","needs_enrichment","blocked_until_enriched"
"Svale","Hipicon","https://www.hipicon.com/tr-en/designers","Platform profili (tasarımcı/marka/stüdyo/üretici karışık)","Resmî public dizinden doğrulandı","needs_enrichment","blocked_until_enriched"
"Swarovski Lighting","Hipicon","https://www.hipicon.com/tr-en/designers","Platform profili (tasarımcı/marka/stüdyo/üretici karışık)","Resmî public dizinden doğrulandı","needs_enrichment","blocked_until_enriched"
"Symylogie","Hipicon","https://www.hipicon.com/tr-en/designers","Platform profili (tasarımcı/marka/stüdyo/üretici karışık)","Resmî public dizinden doğrulandı","needs_enrichment","blocked_until_enriched"
"Synesthesie","Hipicon","https://www.hipicon.com/tr-en/designers","Platform profili (tasarımcı/marka/stüdyo/üretici karışık)","Resmî public dizinden doğrulandı","needs_enrichment","blocked_until_enriched"
"Szn Design Art","Hipicon","https://www.hipicon.com/tr-en/designers","Platform profili (tasarımcı/marka/stüdyo/üretici karışık)","Resmî public dizinden doğrulandı","needs_enrichment","blocked_until_enriched"
"Sürton","Hipicon","https://www.hipicon.com/tr-en/designers","Platform profili (tasarımcı/marka/stüdyo/üretici karışık)","Resmî public dizinden doğrulandı","needs_enrichment","blocked_until_enriched"
"SütOrganicWear","Hipicon","https://www.hipicon.com/tr-en/designers","Platform profili (tasarımcı/marka/stüdyo/üretici karışık)","Resmî public dizinden doğrulandı","needs_enrichment","blocked_until_enriched"
"Sırça","Hipicon","https://www.hipicon.com/tr-en/designers","Platform profili (tasarımcı/marka/stüdyo/üretici karışık)","Resmî public dizinden doğrulandı","needs_enrichment","blocked_until_enriched"
"studiotimtim","Hipicon","https://www.hipicon.com/tr-en/designers","Platform profili (tasarımcı/marka/stüdyo/üretici karışık)","Resmî public dizinden doğrulandı","needs_enrichment","blocked_until_enriched"
"su2000design","Hipicon","https://www.hipicon.com/tr-en/designers","Platform profili (tasarımcı/marka/stüdyo/üretici karışık)","Resmî public dizinden doğrulandı","needs_enrichment","blocked_until_enriched"
"Şahika Altınsoy","Hipicon","https://www.hipicon.com/tr-en/designers","Platform profili (tasarımcı/marka/stüdyo/üretici karışık)","Resmî public dizinden doğrulandı","needs_enrichment","blocked_until_enriched"
"Şebnem Günay","Hipicon","https://www.hipicon.com/tr-en/designers","Platform profili (tasarımcı/marka/stüdyo/üretici karışık)","Resmî public dizinden doğrulandı","needs_enrichment","blocked_until_enriched"
"Şebnem Kurtul","Hipicon","https://www.hipicon.com/tr-en/designers","Platform profili (tasarımcı/marka/stüdyo/üretici karışık)","Resmî public dizinden doğrulandı","needs_enrichment","blocked_until_enriched"
"Şiraze Sanat","Hipicon","https://www.hipicon.com/tr-en/designers","Platform profili (tasarımcı/marka/stüdyo/üretici karışık)","Resmî public dizinden doğrulandı","needs_enrichment","blocked_until_enriched"
"Şua Atelier","Hipicon","https://www.hipicon.com/tr-en/designers","Platform profili (tasarımcı/marka/stüdyo/üretici karışık)","Resmî public dizinden doğrulandı","needs_enrichment","blocked_until_enriched"
"Şule Öngör","Hipicon","https://www.hipicon.com/tr-en/designers","Platform profili (tasarımcı/marka/stüdyo/üretici karışık)","Resmî public dizinden doğrulandı","needs_enrichment","blocked_until_enriched"
"T-Brush","Hipicon","https://www.hipicon.com/tr-en/designers","Platform profili (tasarımcı/marka/stüdyo/üretici karışık)","Resmî public dizinden doğrulandı","needs_enrichment","blocked_until_enriched"
"THE GOATZ","Hipicon","https://www.hipicon.com/tr-en/designers","Platform profili (tasarımcı/marka/stüdyo/üretici karışık)","Resmî public dizinden doğrulandı","needs_enrichment","blocked_until_enriched"
"THEIA GemWorks","Hipicon","https://www.hipicon.com/tr-en/designers","Platform profili (tasarımcı/marka/stüdyo/üretici karışık)","Resmî public dizinden doğrulandı","needs_enrichment","blocked_until_enriched"
"Tabac's Studio","Hipicon","https://www.hipicon.com/tr-en/designers","Platform profili (tasarımcı/marka/stüdyo/üretici karışık)","Resmî public dizinden doğrulandı","needs_enrichment","blocked_until_enriched"
"Tabart","Hipicon","https://www.hipicon.com/tr-en/designers","Platform profili (tasarımcı/marka/stüdyo/üretici karışık)","Resmî public dizinden doğrulandı","needs_enrichment","blocked_until_enriched"
"Table and Sofa","Hipicon","https://www.hipicon.com/tr-en/designers","Platform profili (tasarımcı/marka/stüdyo/üretici karışık)","Resmî public dizinden doğrulandı","needs_enrichment","blocked_until_enriched"
"Tabu Concept","Hipicon","https://www.hipicon.com/tr-en/designers","Platform profili (tasarımcı/marka/stüdyo/üretici karışık)","Resmî public dizinden doğrulandı","needs_enrichment","blocked_until_enriched"
"Tagrean","Hipicon","https://www.hipicon.com/tr-en/designers","Platform profili (tasarımcı/marka/stüdyo/üretici karışık)","Resmî public dizinden doğrulandı","needs_enrichment","blocked_until_enriched"
"Tags Design Istanbul","Hipicon","https://www.hipicon.com/tr-en/designers","Platform profili (tasarımcı/marka/stüdyo/üretici karışık)","Resmî public dizinden doğrulandı","needs_enrichment","blocked_until_enriched"
"Tahinly","Hipicon","https://www.hipicon.com/tr-en/designers","Platform profili (tasarımcı/marka/stüdyo/üretici karışık)","Resmî public dizinden doğrulandı","needs_enrichment","blocked_until_enriched"
"Tala","Hipicon","https://www.hipicon.com/tr-en/designers","Platform profili (tasarımcı/marka/stüdyo/üretici karışık)","Resmî public dizinden doğrulandı","needs_enrichment","blocked_until_enriched"
"Talia Collection","Hipicon","https://www.hipicon.com/tr-en/designers","Platform profili (tasarımcı/marka/stüdyo/üretici karışık)","Resmî public dizinden doğrulandı","needs_enrichment","blocked_until_enriched"
"Tanita","Hipicon","https://www.hipicon.com/tr-en/designers","Platform profili (tasarımcı/marka/stüdyo/üretici karışık)","Resmî public dizinden doğrulandı","needs_enrichment","blocked_until_enriched"
"Tany Studio","Hipicon","https://www.hipicon.com/tr-en/designers","Platform profili (tasarımcı/marka/stüdyo/üretici karışık)","Resmî public dizinden doğrulandı","needs_enrichment","blocked_until_enriched"
"Tapis","Hipicon","https://www.hipicon.com/tr-en/designers","Platform profili (tasarımcı/marka/stüdyo/üretici karışık)","Resmî public dizinden doğrulandı","needs_enrichment","blocked_until_enriched"
"Tara Design","Hipicon","https://www.hipicon.com/tr-en/designers","Platform profili (tasarımcı/marka/stüdyo/üretici karışık)","Resmî public dizinden doğrulandı","needs_enrichment","blocked_until_enriched"
"Tarz Aydınlatma","Hipicon","https://www.hipicon.com/tr-en/designers","Platform profili (tasarımcı/marka/stüdyo/üretici karışık)","Resmî public dizinden doğrulandı","needs_enrichment","blocked_until_enriched"
"Tasarım İşler Atölyesi","Hipicon","https://www.hipicon.com/tr-en/designers","Platform profili (tasarımcı/marka/stüdyo/üretici karışık)","Resmî public dizinden doğrulandı","needs_enrichment","blocked_until_enriched"
"Tatlistan","Hipicon","https://www.hipicon.com/tr-en/designers","Platform profili (tasarımcı/marka/stüdyo/üretici karışık)","Resmî public dizinden doğrulandı","needs_enrichment","blocked_until_enriched"
"Tbasic","Hipicon","https://www.hipicon.com/tr-en/designers","Platform profili (tasarımcı/marka/stüdyo/üretici karışık)","Resmî public dizinden doğrulandı","needs_enrichment","blocked_until_enriched"
"Teamolife","Hipicon","https://www.hipicon.com/tr-en/designers","Platform profili (tasarımcı/marka/stüdyo/üretici karışık)","Resmî public dizinden doğrulandı","needs_enrichment","blocked_until_enriched"
"Tehanu Lab","Hipicon","https://www.hipicon.com/tr-en/designers","Platform profili (tasarımcı/marka/stüdyo/üretici karışık)","Resmî public dizinden doğrulandı","needs_enrichment","blocked_until_enriched"
"Tenax","Hipicon","https://www.hipicon.com/tr-en/designers","Platform profili (tasarımcı/marka/stüdyo/üretici karışık)","Resmî public dizinden doğrulandı","needs_enrichment","blocked_until_enriched"
"Terrazen","Hipicon","https://www.hipicon.com/tr-en/designers","Platform profili (tasarımcı/marka/stüdyo/üretici karışık)","Resmî public dizinden doğrulandı","needs_enrichment","blocked_until_enriched"
"Tfifty","Hipicon","https://www.hipicon.com/tr-en/designers","Platform profili (tasarımcı/marka/stüdyo/üretici karışık)","Resmî public dizinden doğrulandı","needs_enrichment","blocked_until_enriched"
"Thara Concept","Hipicon","https://www.hipicon.com/tr-en/designers","Platform profili (tasarımcı/marka/stüdyo/üretici karışık)","Resmî public dizinden doğrulandı","needs_enrichment","blocked_until_enriched"
"The AC Stories","Hipicon","https://www.hipicon.com/tr-en/designers","Platform profili (tasarımcı/marka/stüdyo/üretici karışık)","Resmî public dizinden doğrulandı","needs_enrichment","blocked_until_enriched"
"The Anoukis","Hipicon","https://www.hipicon.com/tr-en/designers","Platform profili (tasarımcı/marka/stüdyo/üretici karışık)","Resmî public dizinden doğrulandı","needs_enrichment","blocked_until_enriched"
"The Base Studio","Hipicon","https://www.hipicon.com/tr-en/designers","Platform profili (tasarımcı/marka/stüdyo/üretici karışık)","Resmî public dizinden doğrulandı","needs_enrichment","blocked_until_enriched"
"The Beach","Hipicon","https://www.hipicon.com/tr-en/designers","Platform profili (tasarımcı/marka/stüdyo/üretici karışık)","Resmî public dizinden doğrulandı","needs_enrichment","blocked_until_enriched"
"The Blazer Obsessed","Hipicon","https://www.hipicon.com/tr-en/designers","Platform profili (tasarımcı/marka/stüdyo/üretici karışık)","Resmî public dizinden doğrulandı","needs_enrichment","blocked_until_enriched"
"The Brand Cleo","Hipicon","https://www.hipicon.com/tr-en/designers","Platform profili (tasarımcı/marka/stüdyo/üretici karışık)","Resmî public dizinden doğrulandı","needs_enrichment","blocked_until_enriched"
"The Candleland","Hipicon","https://www.hipicon.com/tr-en/designers","Platform profili (tasarımcı/marka/stüdyo/üretici karışık)","Resmî public dizinden doğrulandı","needs_enrichment","blocked_until_enriched"
"The Chaglar","Hipicon","https://www.hipicon.com/tr-en/designers","Platform profili (tasarımcı/marka/stüdyo/üretici karışık)","Resmî public dizinden doğrulandı","needs_enrichment","blocked_until_enriched"
"The Daphne Homewares","Hipicon","https://www.hipicon.com/tr-en/designers","Platform profili (tasarımcı/marka/stüdyo/üretici karışık)","Resmî public dizinden doğrulandı","needs_enrichment","blocked_until_enriched"
"The Doku","Hipicon","https://www.hipicon.com/tr-en/designers","Platform profili (tasarımcı/marka/stüdyo/üretici karışık)","Resmî public dizinden doğrulandı","needs_enrichment","blocked_until_enriched"
"The Fossil Art","Hipicon","https://www.hipicon.com/tr-en/designers","Platform profili (tasarımcı/marka/stüdyo/üretici karışık)","Resmî public dizinden doğrulandı","needs_enrichment","blocked_until_enriched"
"The Gaia Designs","Hipicon","https://www.hipicon.com/tr-en/designers","Platform profili (tasarımcı/marka/stüdyo/üretici karışık)","Resmî public dizinden doğrulandı","needs_enrichment","blocked_until_enriched"
"The Glitter Lab","Hipicon","https://www.hipicon.com/tr-en/designers","Platform profili (tasarımcı/marka/stüdyo/üretici karışık)","Resmî public dizinden doğrulandı","needs_enrichment","blocked_until_enriched"
"The Grade Studio","Hipicon","https://www.hipicon.com/tr-en/designers","Platform profili (tasarımcı/marka/stüdyo/üretici karışık)","Resmî public dizinden doğrulandı","needs_enrichment","blocked_until_enriched"
"The Grannie","Hipicon","https://www.hipicon.com/tr-en/designers","Platform profili (tasarımcı/marka/stüdyo/üretici karışık)","Resmî public dizinden doğrulandı","needs_enrichment","blocked_until_enriched"
"The HandMade Hub","Hipicon","https://www.hipicon.com/tr-en/designers","Platform profili (tasarımcı/marka/stüdyo/üretici karışık)","Resmî public dizinden doğrulandı","needs_enrichment","blocked_until_enriched"
"The Illustrationary","Hipicon","https://www.hipicon.com/tr-en/designers","Platform profili (tasarımcı/marka/stüdyo/üretici karışık)","Resmî public dizinden doğrulandı","needs_enrichment","blocked_until_enriched"
"The Little Leo","Hipicon","https://www.hipicon.com/tr-en/designers","Platform profili (tasarımcı/marka/stüdyo/üretici karışık)","Resmî public dizinden doğrulandı","needs_enrichment","blocked_until_enriched"
"The M","Hipicon","https://www.hipicon.com/tr-en/designers","Platform profili (tasarımcı/marka/stüdyo/üretici karışık)","Resmî public dizinden doğrulandı","needs_enrichment","blocked_until_enriched"
"The Magic State","Hipicon","https://www.hipicon.com/tr-en/designers","Platform profili (tasarımcı/marka/stüdyo/üretici karışık)","Resmî public dizinden doğrulandı","needs_enrichment","blocked_until_enriched"
"The Mia","Hipicon","https://www.hipicon.com/tr-en/designers","Platform profili (tasarımcı/marka/stüdyo/üretici karışık)","Resmî public dizinden doğrulandı","needs_enrichment","blocked_until_enriched"
"The Mimar Mobilya","Hipicon","https://www.hipicon.com/tr-en/designers","Platform profili (tasarımcı/marka/stüdyo/üretici karışık)","Resmî public dizinden doğrulandı","needs_enrichment","blocked_until_enriched"
"The Molc","Hipicon","https://www.hipicon.com/tr-en/designers","Platform profili (tasarımcı/marka/stüdyo/üretici karışık)","Resmî public dizinden doğrulandı","needs_enrichment","blocked_until_enriched"
"The NewLab","Hipicon","https://www.hipicon.com/tr-en/designers","Platform profili (tasarımcı/marka/stüdyo/üretici karışık)","Resmî public dizinden doğrulandı","needs_enrichment","blocked_until_enriched"
"The Sim Co.","Hipicon","https://www.hipicon.com/tr-en/designers","Platform profili (tasarımcı/marka/stüdyo/üretici karışık)","Resmî public dizinden doğrulandı","needs_enrichment","blocked_until_enriched"
"The Stem Cell Lab","Hipicon","https://www.hipicon.com/tr-en/designers","Platform profili (tasarımcı/marka/stüdyo/üretici karışık)","Resmî public dizinden doğrulandı","needs_enrichment","blocked_until_enriched"
"The Terra Concept","Hipicon","https://www.hipicon.com/tr-en/designers","Platform profili (tasarımcı/marka/stüdyo/üretici karışık)","Resmî public dizinden doğrulandı","needs_enrichment","blocked_until_enriched"
"The Wolf","Hipicon","https://www.hipicon.com/tr-en/designers","Platform profili (tasarımcı/marka/stüdyo/üretici karışık)","Resmî public dizinden doğrulandı","needs_enrichment","blocked_until_enriched"
"TheNonaStore","Hipicon","https://www.hipicon.com/tr-en/designers","Platform profili (tasarımcı/marka/stüdyo/üretici karışık)","Resmî public dizinden doğrulandı","needs_enrichment","blocked_until_enriched"
"TheOZKStudio","Hipicon","https://www.hipicon.com/tr-en/designers","Platform profili (tasarımcı/marka/stüdyo/üretici karışık)","Resmî public dizinden doğrulandı","needs_enrichment","blocked_until_enriched"
"Thea","Hipicon","https://www.hipicon.com/tr-en/designers","Platform profili (tasarımcı/marka/stüdyo/üretici karışık)","Resmî public dizinden doğrulandı","needs_enrichment","blocked_until_enriched"
"Theodent","Hipicon","https://www.hipicon.com/tr-en/designers","Platform profili (tasarımcı/marka/stüdyo/üretici karışık)","Resmî public dizinden doğrulandı","needs_enrichment","blocked_until_enriched"
"Therapia Atelier","Hipicon","https://www.hipicon.com/tr-en/designers","Platform profili (tasarımcı/marka/stüdyo/üretici karışık)","Resmî public dizinden doğrulandı","needs_enrichment","blocked_until_enriched"
"Thingamuse","Hipicon","https://www.hipicon.com/tr-en/designers","Platform profili (tasarımcı/marka/stüdyo/üretici karışık)","Resmî public dizinden doğrulandı","needs_enrichment","blocked_until_enriched"
"Thinktongue","Hipicon","https://www.hipicon.com/tr-en/designers","Platform profili (tasarımcı/marka/stüdyo/üretici karışık)","Resmî public dizinden doğrulandı","needs_enrichment","blocked_until_enriched"
"Thinstone","Hipicon","https://www.hipicon.com/tr-en/designers","Platform profili (tasarımcı/marka/stüdyo/üretici karışık)","Resmî public dizinden doğrulandı","needs_enrichment","blocked_until_enriched"
"This is Official","Hipicon","https://www.hipicon.com/tr-en/designers","Platform profili (tasarımcı/marka/stüdyo/üretici karışık)","Resmî public dizinden doğrulandı","needs_enrichment","blocked_until_enriched"
"Thisisu Collection","Hipicon","https://www.hipicon.com/tr-en/designers","Platform profili (tasarımcı/marka/stüdyo/üretici karışık)","Resmî public dizinden doğrulandı","needs_enrichment","blocked_until_enriched"
"Thunder","Hipicon","https://www.hipicon.com/tr-en/designers","Platform profili (tasarımcı/marka/stüdyo/üretici karışık)","Resmî public dizinden doğrulandı","needs_enrichment","blocked_until_enriched"
"Tilaloc","Hipicon","https://www.hipicon.com/tr-en/designers","Platform profili (tasarımcı/marka/stüdyo/üretici karışık)","Resmî public dizinden doğrulandı","needs_enrichment","blocked_until_enriched"
"Tinlight","Hipicon","https://www.hipicon.com/tr-en/designers","Platform profili (tasarımcı/marka/stüdyo/üretici karışık)","Resmî public dizinden doğrulandı","needs_enrichment","blocked_until_enriched"
"Tiny","Hipicon","https://www.hipicon.com/tr-en/designers","Platform profili (tasarımcı/marka/stüdyo/üretici karışık)","Resmî public dizinden doğrulandı","needs_enrichment","blocked_until_enriched"
"Tiny Lamb","Hipicon","https://www.hipicon.com/tr-en/designers","Platform profili (tasarımcı/marka/stüdyo/üretici karışık)","Resmî public dizinden doğrulandı","needs_enrichment","blocked_until_enriched"
"Tiny Little Love","Hipicon","https://www.hipicon.com/tr-en/designers","Platform profili (tasarımcı/marka/stüdyo/üretici karışık)","Resmî public dizinden doğrulandı","needs_enrichment","blocked_until_enriched"
"Tip Ceramic & Good Stuff","Hipicon","https://www.hipicon.com/tr-en/designers","Platform profili (tasarımcı/marka/stüdyo/üretici karışık)","Resmî public dizinden doğrulandı","needs_enrichment","blocked_until_enriched"
"Tiron","Hipicon","https://www.hipicon.com/tr-en/designers","Platform profili (tasarımcı/marka/stüdyo/üretici karışık)","Resmî public dizinden doğrulandı","needs_enrichment","blocked_until_enriched"
"Tisserand Aromatherapy","Hipicon","https://www.hipicon.com/tr-en/designers","Platform profili (tasarımcı/marka/stüdyo/üretici karışık)","Resmî public dizinden doğrulandı","needs_enrichment","blocked_until_enriched"
"Tnoble Art","Hipicon","https://www.hipicon.com/tr-en/designers","Platform profili (tasarımcı/marka/stüdyo/üretici karışık)","Resmî public dizinden doğrulandı","needs_enrichment","blocked_until_enriched"
"To Thine Own","Hipicon","https://www.hipicon.com/tr-en/designers","Platform profili (tasarımcı/marka/stüdyo/üretici karışık)","Resmî public dizinden doğrulandı","needs_enrichment","blocked_until_enriched"
"To's With Us","Hipicon","https://www.hipicon.com/tr-en/designers","Platform profili (tasarımcı/marka/stüdyo/üretici karışık)","Resmî public dizinden doğrulandı","needs_enrichment","blocked_until_enriched"
"ToBeHome","Hipicon","https://www.hipicon.com/tr-en/designers","Platform profili (tasarımcı/marka/stüdyo/üretici karışık)","Resmî public dizinden doğrulandı","needs_enrichment","blocked_until_enriched"
"Tocobo","Hipicon","https://www.hipicon.com/tr-en/designers","Platform profili (tasarımcı/marka/stüdyo/üretici karışık)","Resmî public dizinden doğrulandı","needs_enrichment","blocked_until_enriched"
"Tofitowel","Hipicon","https://www.hipicon.com/tr-en/designers","Platform profili (tasarımcı/marka/stüdyo/üretici karışık)","Resmî public dizinden doğrulandı","needs_enrichment","blocked_until_enriched"
"Tolly Moni","Hipicon","https://www.hipicon.com/tr-en/designers","Platform profili (tasarımcı/marka/stüdyo/üretici karışık)","Resmî public dizinden doğrulandı","needs_enrichment","blocked_until_enriched"
"Tomas Atelier","Hipicon","https://www.hipicon.com/tr-en/designers","Platform profili (tasarımcı/marka/stüdyo/üretici karışık)","Resmî public dizinden doğrulandı","needs_enrichment","blocked_until_enriched"
"Tomruk","Hipicon","https://www.hipicon.com/tr-en/designers","Platform profili (tasarımcı/marka/stüdyo/üretici karışık)","Resmî public dizinden doğrulandı","needs_enrichment","blocked_until_enriched"
"Ton Ami Design","Hipicon","https://www.hipicon.com/tr-en/designers","Platform profili (tasarımcı/marka/stüdyo/üretici karışık)","Resmî public dizinden doğrulandı","needs_enrichment","blocked_until_enriched"
"Tonico","Hipicon","https://www.hipicon.com/tr-en/designers","Platform profili (tasarımcı/marka/stüdyo/üretici karışık)","Resmî public dizinden doğrulandı","needs_enrichment","blocked_until_enriched"
"Tonne Studio","Hipicon","https://www.hipicon.com/tr-en/designers","Platform profili (tasarımcı/marka/stüdyo/üretici karışık)","Resmî public dizinden doğrulandı","needs_enrichment","blocked_until_enriched"
"Too Personal","Hipicon","https://www.hipicon.com/tr-en/designers","Platform profili (tasarımcı/marka/stüdyo/üretici karışık)","Resmî public dizinden doğrulandı","needs_enrichment","blocked_until_enriched"
"Tortue","Hipicon","https://www.hipicon.com/tr-en/designers","Platform profili (tasarımcı/marka/stüdyo/üretici karışık)","Resmî public dizinden doğrulandı","needs_enrichment","blocked_until_enriched"
"Tosy Toys","Hipicon","https://www.hipicon.com/tr-en/designers","Platform profili (tasarımcı/marka/stüdyo/üretici karışık)","Resmî public dizinden doğrulandı","needs_enrichment","blocked_until_enriched"
"Toten","Hipicon","https://www.hipicon.com/tr-en/designers","Platform profili (tasarımcı/marka/stüdyo/üretici karışık)","Resmî public dizinden doğrulandı","needs_enrichment","blocked_until_enriched"
"Tou Workshop","Hipicon","https://www.hipicon.com/tr-en/designers","Platform profili (tasarımcı/marka/stüdyo/üretici karışık)","Resmî public dizinden doğrulandı","needs_enrichment","blocked_until_enriched"
"Touchary","Hipicon","https://www.hipicon.com/tr-en/designers","Platform profili (tasarımcı/marka/stüdyo/üretici karışık)","Resmî public dizinden doğrulandı","needs_enrichment","blocked_until_enriched"
"Touring Models","Hipicon","https://www.hipicon.com/tr-en/designers","Platform profili (tasarımcı/marka/stüdyo/üretici karışık)","Resmî public dizinden doğrulandı","needs_enrichment","blocked_until_enriched"
"Towdoo","Hipicon","https://www.hipicon.com/tr-en/designers","Platform profili (tasarımcı/marka/stüdyo/üretici karışık)","Resmî public dizinden doğrulandı","needs_enrichment","blocked_until_enriched"
"Townew","Hipicon","https://www.hipicon.com/tr-en/designers","Platform profili (tasarımcı/marka/stüdyo/üretici karışık)","Resmî public dizinden doğrulandı","needs_enrichment","blocked_until_enriched"
"Toyo","Hipicon","https://www.hipicon.com/tr-en/designers","Platform profili (tasarımcı/marka/stüdyo/üretici karışık)","Resmî public dizinden doğrulandı","needs_enrichment","blocked_until_enriched"
"Tozu Design","Hipicon","https://www.hipicon.com/tr-en/designers","Platform profili (tasarımcı/marka/stüdyo/üretici karışık)","Resmî public dizinden doğrulandı","needs_enrichment","blocked_until_enriched"
"Tranquillo","Hipicon","https://www.hipicon.com/tr-en/designers","Platform profili (tasarımcı/marka/stüdyo/üretici karışık)","Resmî public dizinden doğrulandı","needs_enrichment","blocked_until_enriched"
"Transotype","Hipicon","https://www.hipicon.com/tr-en/designers","Platform profili (tasarımcı/marka/stüdyo/üretici karışık)","Resmî public dizinden doğrulandı","needs_enrichment","blocked_until_enriched"
"Trapiche","Hipicon","https://www.hipicon.com/tr-en/designers","Platform profili (tasarımcı/marka/stüdyo/üretici karışık)","Resmî public dizinden doğrulandı","needs_enrichment","blocked_until_enriched"
"Trend Studio","Hipicon","https://www.hipicon.com/tr-en/designers","Platform profili (tasarımcı/marka/stüdyo/üretici karışık)","Resmî public dizinden doğrulandı","needs_enrichment","blocked_until_enriched"
"Tribest","Hipicon","https://www.hipicon.com/tr-en/designers","Platform profili (tasarımcı/marka/stüdyo/üretici karışık)","Resmî public dizinden doğrulandı","needs_enrichment","blocked_until_enriched"
"Tribit","Hipicon","https://www.hipicon.com/tr-en/designers","Platform profili (tasarımcı/marka/stüdyo/üretici karışık)","Resmî public dizinden doğrulandı","needs_enrichment","blocked_until_enriched"
"Trinitys Works","Hipicon","https://www.hipicon.com/tr-en/designers","Platform profili (tasarımcı/marka/stüdyo/üretici karışık)","Resmî public dizinden doğrulandı","needs_enrichment","blocked_until_enriched"
"Trove","Hipicon","https://www.hipicon.com/tr-en/designers","Platform profili (tasarımcı/marka/stüdyo/üretici karışık)","Resmî public dizinden doğrulandı","needs_enrichment","blocked_until_enriched"
"True Objects","Hipicon","https://www.hipicon.com/tr-en/designers","Platform profili (tasarımcı/marka/stüdyo/üretici karışık)","Resmî public dizinden doğrulandı","needs_enrichment","blocked_until_enriched"
"Truffaut","Hipicon","https://www.hipicon.com/tr-en/designers","Platform profili (tasarımcı/marka/stüdyo/üretici karışık)","Resmî public dizinden doğrulandı","needs_enrichment","blocked_until_enriched"
"Trust The Team","Hipicon","https://www.hipicon.com/tr-en/designers","Platform profili (tasarımcı/marka/stüdyo/üretici karışık)","Resmî public dizinden doğrulandı","needs_enrichment","blocked_until_enriched"
"Tuba Watercolor Studio","Hipicon","https://www.hipicon.com/tr-en/designers","Platform profili (tasarımcı/marka/stüdyo/üretici karışık)","Resmî public dizinden doğrulandı","needs_enrichment","blocked_until_enriched"
"Tubb Atelier","Hipicon","https://www.hipicon.com/tr-en/designers","Platform profili (tasarımcı/marka/stüdyo/üretici karışık)","Resmî public dizinden doğrulandı","needs_enrichment","blocked_until_enriched"
"Tuca's Home","Hipicon","https://www.hipicon.com/tr-en/designers","Platform profili (tasarımcı/marka/stüdyo/üretici karışık)","Resmî public dizinden doğrulandı","needs_enrichment","blocked_until_enriched"
"Tufetto","Hipicon","https://www.hipicon.com/tr-en/designers","Platform profili (tasarımcı/marka/stüdyo/üretici karışık)","Resmî public dizinden doğrulandı","needs_enrichment","blocked_until_enriched"
"Tuhams","Hipicon","https://www.hipicon.com/tr-en/designers","Platform profili (tasarımcı/marka/stüdyo/üretici karışık)","Resmî public dizinden doğrulandı","needs_enrichment","blocked_until_enriched"
"Tuju Candle","Hipicon","https://www.hipicon.com/tr-en/designers","Platform profili (tasarımcı/marka/stüdyo/üretici karışık)","Resmî public dizinden doğrulandı","needs_enrichment","blocked_until_enriched"
"Tullaa","Hipicon","https://www.hipicon.com/tr-en/designers","Platform profili (tasarımcı/marka/stüdyo/üretici karışık)","Resmî public dizinden doğrulandı","needs_enrichment","blocked_until_enriched"
"Tunanimo","Hipicon","https://www.hipicon.com/tr-en/designers","Platform profili (tasarımcı/marka/stüdyo/üretici karışık)","Resmî public dizinden doğrulandı","needs_enrichment","blocked_until_enriched"
"Turn & Bake","Hipicon","https://www.hipicon.com/tr-en/designers","Platform profili (tasarımcı/marka/stüdyo/üretici karışık)","Resmî public dizinden doğrulandı","needs_enrichment","blocked_until_enriched"
"Turp Works","Hipicon","https://www.hipicon.com/tr-en/designers","Platform profili (tasarımcı/marka/stüdyo/üretici karışık)","Resmî public dizinden doğrulandı","needs_enrichment","blocked_until_enriched"
"Tuuli Kids","Hipicon","https://www.hipicon.com/tr-en/designers","Platform profili (tasarımcı/marka/stüdyo/üretici karışık)","Resmî public dizinden doğrulandı","needs_enrichment","blocked_until_enriched"
"Tuverti","Hipicon","https://www.hipicon.com/tr-en/designers","Platform profili (tasarımcı/marka/stüdyo/üretici karışık)","Resmî public dizinden doğrulandı","needs_enrichment","blocked_until_enriched"
"Tuğba Özdemir","Hipicon","https://www.hipicon.com/tr-en/designers","Platform profili (tasarımcı/marka/stüdyo/üretici karışık)","Resmî public dizinden doğrulandı","needs_enrichment","blocked_until_enriched"
"Twinart","Hipicon","https://www.hipicon.com/tr-en/designers","Platform profili (tasarımcı/marka/stüdyo/üretici karışık)","Resmî public dizinden doğrulandı","needs_enrichment","blocked_until_enriched"
"Two Chances Jewellery","Hipicon","https://www.hipicon.com/tr-en/designers","Platform profili (tasarımcı/marka/stüdyo/üretici karışık)","Resmî public dizinden doğrulandı","needs_enrichment","blocked_until_enriched"
"Two Tantes","Hipicon","https://www.hipicon.com/tr-en/designers","Platform profili (tasarımcı/marka/stüdyo/üretici karışık)","Resmî public dizinden doğrulandı","needs_enrichment","blocked_until_enriched"
"Two Themis","Hipicon","https://www.hipicon.com/tr-en/designers","Platform profili (tasarımcı/marka/stüdyo/üretici karışık)","Resmî public dizinden doğrulandı","needs_enrichment","blocked_until_enriched"
"Two's Touch","Hipicon","https://www.hipicon.com/tr-en/designers","Platform profili (tasarımcı/marka/stüdyo/üretici karışık)","Resmî public dizinden doğrulandı","needs_enrichment","blocked_until_enriched"
"TwoGrazia","Hipicon","https://www.hipicon.com/tr-en/designers","Platform profili (tasarımcı/marka/stüdyo/üretici karışık)","Resmî public dizinden doğrulandı","needs_enrichment","blocked_until_enriched"
"Twoswans","Hipicon","https://www.hipicon.com/tr-en/designers","Platform profili (tasarımcı/marka/stüdyo/üretici karışık)","Resmî public dizinden doğrulandı","needs_enrichment","blocked_until_enriched"
"thestance.co","Hipicon","https://www.hipicon.com/tr-en/designers","Platform profili (tasarımcı/marka/stüdyo/üretici karışık)","Resmî public dizinden doğrulandı","needs_enrichment","blocked_until_enriched"
"tinyframe.design","Hipicon","https://www.hipicon.com/tr-en/designers","Platform profili (tasarımcı/marka/stüdyo/üretici karışık)","Resmî public dizinden doğrulandı","needs_enrichment","blocked_until_enriched"
"tosh workshop","Hipicon","https://www.hipicon.com/tr-en/designers","Platform profili (tasarımcı/marka/stüdyo/üretici karışık)","Resmî public dizinden doğrulandı","needs_enrichment","blocked_until_enriched"
"UBTECH UBPet","Hipicon","https://www.hipicon.com/tr-en/designers","Platform profili (tasarımcı/marka/stüdyo/üretici karışık)","Resmî public dizinden doğrulandı","needs_enrichment","blocked_until_enriched"
"UNIQVIBE","Hipicon","https://www.hipicon.com/tr-en/designers","Platform profili (tasarımcı/marka/stüdyo/üretici karışık)","Resmî public dizinden doğrulandı","needs_enrichment","blocked_until_enriched"
"Ubeen","Hipicon","https://www.hipicon.com/tr-en/designers","Platform profili (tasarımcı/marka/stüdyo/üretici karışık)","Resmî public dizinden doğrulandı","needs_enrichment","blocked_until_enriched"
"Ubiq Box","Hipicon","https://www.hipicon.com/tr-en/designers","Platform profili (tasarımcı/marka/stüdyo/üretici karışık)","Resmî public dizinden doğrulandı","needs_enrichment","blocked_until_enriched"
"Umadina","Hipicon","https://www.hipicon.com/tr-en/designers","Platform profili (tasarımcı/marka/stüdyo/üretici karışık)","Resmî public dizinden doğrulandı","needs_enrichment","blocked_until_enriched"
"Umbra","Hipicon","https://www.hipicon.com/tr-en/designers","Platform profili (tasarımcı/marka/stüdyo/üretici karışık)","Resmî public dizinden doğrulandı","needs_enrichment","blocked_until_enriched"
"Un Poco","Hipicon","https://www.hipicon.com/tr-en/designers","Platform profili (tasarımcı/marka/stüdyo/üretici karışık)","Resmî public dizinden doğrulandı","needs_enrichment","blocked_until_enriched"
"Unexpectedone","Hipicon","https://www.hipicon.com/tr-en/designers","Platform profili (tasarımcı/marka/stüdyo/üretici karışık)","Resmî public dizinden doğrulandı","needs_enrichment","blocked_until_enriched"
"Unica Brooche","Hipicon","https://www.hipicon.com/tr-en/designers","Platform profili (tasarımcı/marka/stüdyo/üretici karışık)","Resmî public dizinden doğrulandı","needs_enrichment","blocked_until_enriched"
"Union and Company","Hipicon","https://www.hipicon.com/tr-en/designers","Platform profili (tasarımcı/marka/stüdyo/üretici karışık)","Resmî public dizinden doğrulandı","needs_enrichment","blocked_until_enriched"
"Uniq Art Craft","Hipicon","https://www.hipicon.com/tr-en/designers","Platform profili (tasarımcı/marka/stüdyo/üretici karışık)","Resmî public dizinden doğrulandı","needs_enrichment","blocked_until_enriched"
"Uniqka","Hipicon","https://www.hipicon.com/tr-en/designers","Platform profili (tasarımcı/marka/stüdyo/üretici karışık)","Resmî public dizinden doğrulandı","needs_enrichment","blocked_until_enriched"
"Uniqlooms","Hipicon","https://www.hipicon.com/tr-en/designers","Platform profili (tasarımcı/marka/stüdyo/üretici karışık)","Resmî public dizinden doğrulandı","needs_enrichment","blocked_until_enriched"
"Unique Living Style","Hipicon","https://www.hipicon.com/tr-en/designers","Platform profili (tasarımcı/marka/stüdyo/üretici karışık)","Resmî public dizinden doğrulandı","needs_enrichment","blocked_until_enriched"
"Unkeeper","Hipicon","https://www.hipicon.com/tr-en/designers","Platform profili (tasarımcı/marka/stüdyo/üretici karışık)","Resmî public dizinden doğrulandı","needs_enrichment","blocked_until_enriched"
"Unostudio","Hipicon","https://www.hipicon.com/tr-en/designers","Platform profili (tasarımcı/marka/stüdyo/üretici karışık)","Resmî public dizinden doğrulandı","needs_enrichment","blocked_until_enriched"
"Upcycle Design by Ali Semiz","Hipicon","https://www.hipicon.com/tr-en/designers","Platform profili (tasarımcı/marka/stüdyo/üretici karışık)","Resmî public dizinden doğrulandı","needs_enrichment","blocked_until_enriched"
"Uppercut Deluxe","Hipicon","https://www.hipicon.com/tr-en/designers","Platform profili (tasarımcı/marka/stüdyo/üretici karışık)","Resmî public dizinden doğrulandı","needs_enrichment","blocked_until_enriched"
"Uptivo","Hipicon","https://www.hipicon.com/tr-en/designers","Platform profili (tasarımcı/marka/stüdyo/üretici karışık)","Resmî public dizinden doğrulandı","needs_enrichment","blocked_until_enriched"
"Urania Design","Hipicon","https://www.hipicon.com/tr-en/designers","Platform profili (tasarımcı/marka/stüdyo/üretici karışık)","Resmî public dizinden doğrulandı","needs_enrichment","blocked_until_enriched"
"Urban Atölye","Hipicon","https://www.hipicon.com/tr-en/designers","Platform profili (tasarımcı/marka/stüdyo/üretici karışık)","Resmî public dizinden doğrulandı","needs_enrichment","blocked_until_enriched"
"Urtica Wellbeing","Hipicon","https://www.hipicon.com/tr-en/designers","Platform profili (tasarımcı/marka/stüdyo/üretici karışık)","Resmî public dizinden doğrulandı","needs_enrichment","blocked_until_enriched"
"Usborne","Hipicon","https://www.hipicon.com/tr-en/designers","Platform profili (tasarımcı/marka/stüdyo/üretici karışık)","Resmî public dizinden doğrulandı","needs_enrichment","blocked_until_enriched"
"ÜGE","Hipicon","https://www.hipicon.com/tr-en/designers","Platform profili (tasarımcı/marka/stüdyo/üretici karışık)","Resmî public dizinden doğrulandı","needs_enrichment","blocked_until_enriched"
"Ünal Abajur","Hipicon","https://www.hipicon.com/tr-en/designers","Platform profili (tasarımcı/marka/stüdyo/üretici karışık)","Resmî public dizinden doğrulandı","needs_enrichment","blocked_until_enriched"
"V-Moda","Hipicon","https://www.hipicon.com/tr-en/designers","Platform profili (tasarımcı/marka/stüdyo/üretici karışık)","Resmî public dizinden doğrulandı","needs_enrichment","blocked_until_enriched"
"Valge","Hipicon","https://www.hipicon.com/tr-en/designers","Platform profili (tasarımcı/marka/stüdyo/üretici karışık)","Resmî public dizinden doğrulandı","needs_enrichment","blocked_until_enriched"
"Valnott Design","Hipicon","https://www.hipicon.com/tr-en/designers","Platform profili (tasarımcı/marka/stüdyo/üretici karışık)","Resmî public dizinden doğrulandı","needs_enrichment","blocked_until_enriched"
"Valoa","Hipicon","https://www.hipicon.com/tr-en/designers","Platform profili (tasarımcı/marka/stüdyo/üretici karışık)","Resmî public dizinden doğrulandı","needs_enrichment","blocked_until_enriched"
"Valobra","Hipicon","https://www.hipicon.com/tr-en/designers","Platform profili (tasarımcı/marka/stüdyo/üretici karışık)","Resmî public dizinden doğrulandı","needs_enrichment","blocked_until_enriched"
"Valut Design Studio","Hipicon","https://www.hipicon.com/tr-en/designers","Platform profili (tasarımcı/marka/stüdyo/üretici karışık)","Resmî public dizinden doğrulandı","needs_enrichment","blocked_until_enriched"
"Van Veen Grab","Hipicon","https://www.hipicon.com/tr-en/designers","Platform profili (tasarımcı/marka/stüdyo/üretici karışık)","Resmî public dizinden doğrulandı","needs_enrichment","blocked_until_enriched"
"Vanilla and Coconuts","Hipicon","https://www.hipicon.com/tr-en/designers","Platform profili (tasarımcı/marka/stüdyo/üretici karışık)","Resmî public dizinden doğrulandı","needs_enrichment","blocked_until_enriched"
"Vapi Via","Hipicon","https://www.hipicon.com/tr-en/designers","Platform profili (tasarımcı/marka/stüdyo/üretici karışık)","Resmî public dizinden doğrulandı","needs_enrichment","blocked_until_enriched"
"Varier","Hipicon","https://www.hipicon.com/tr-en/designers","Platform profili (tasarımcı/marka/stüdyo/üretici karışık)","Resmî public dizinden doğrulandı","needs_enrichment","blocked_until_enriched"
"Vaye L'Atelier","Hipicon","https://www.hipicon.com/tr-en/designers","Platform profili (tasarımcı/marka/stüdyo/üretici karışık)","Resmî public dizinden doğrulandı","needs_enrichment","blocked_until_enriched"
"Vayu","Hipicon","https://www.hipicon.com/tr-en/designers","Platform profili (tasarımcı/marka/stüdyo/üretici karışık)","Resmî public dizinden doğrulandı","needs_enrichment","blocked_until_enriched"
"Veksora Baby & Kid","Hipicon","https://www.hipicon.com/tr-en/designers","Platform profili (tasarımcı/marka/stüdyo/üretici karışık)","Resmî public dizinden doğrulandı","needs_enrichment","blocked_until_enriched"
"Velora Moon","Hipicon","https://www.hipicon.com/tr-en/designers","Platform profili (tasarımcı/marka/stüdyo/üretici karışık)","Resmî public dizinden doğrulandı","needs_enrichment","blocked_until_enriched"
"Veloute","Hipicon","https://www.hipicon.com/tr-en/designers","Platform profili (tasarımcı/marka/stüdyo/üretici karışık)","Resmî public dizinden doğrulandı","needs_enrichment","blocked_until_enriched"
"Vervain Home","Hipicon","https://www.hipicon.com/tr-en/designers","Platform profili (tasarımcı/marka/stüdyo/üretici karışık)","Resmî public dizinden doğrulandı","needs_enrichment","blocked_until_enriched"
"Veryself Brand","Hipicon","https://www.hipicon.com/tr-en/designers","Platform profili (tasarımcı/marka/stüdyo/üretici karışık)","Resmî public dizinden doğrulandı","needs_enrichment","blocked_until_enriched"
"ViW","Hipicon","https://www.hipicon.com/tr-en/designers","Platform profili (tasarımcı/marka/stüdyo/üretici karışık)","Resmî public dizinden doğrulandı","needs_enrichment","blocked_until_enriched"
"Via Mia Concept","Hipicon","https://www.hipicon.com/tr-en/designers","Platform profili (tasarımcı/marka/stüdyo/üretici karışık)","Resmî public dizinden doğrulandı","needs_enrichment","blocked_until_enriched"
"Vienurla Aromatherapy","Hipicon","https://www.hipicon.com/tr-en/designers","Platform profili (tasarımcı/marka/stüdyo/üretici karışık)","Resmî public dizinden doğrulandı","needs_enrichment","blocked_until_enriched"
"Village 11 Factory","Hipicon","https://www.hipicon.com/tr-en/designers","Platform profili (tasarımcı/marka/stüdyo/üretici karışık)","Resmî public dizinden doğrulandı","needs_enrichment","blocked_until_enriched"
"Villain Bear","Hipicon","https://www.hipicon.com/tr-en/designers","Platform profili (tasarımcı/marka/stüdyo/üretici karışık)","Resmî public dizinden doğrulandı","needs_enrichment","blocked_until_enriched"
"Virens Aromatherapy","Hipicon","https://www.hipicon.com/tr-en/designers","Platform profili (tasarımcı/marka/stüdyo/üretici karışık)","Resmî public dizinden doğrulandı","needs_enrichment","blocked_until_enriched"
"Virya","Hipicon","https://www.hipicon.com/tr-en/designers","Platform profili (tasarımcı/marka/stüdyo/üretici karışık)","Resmî public dizinden doğrulandı","needs_enrichment","blocked_until_enriched"
"Visente Home","Hipicon","https://www.hipicon.com/tr-en/designers","Platform profili (tasarımcı/marka/stüdyo/üretici karışık)","Resmî public dizinden doğrulandı","needs_enrichment","blocked_until_enriched"
"Vista Alegre","Hipicon","https://www.hipicon.com/tr-en/designers","Platform profili (tasarımcı/marka/stüdyo/üretici karışık)","Resmî public dizinden doğrulandı","needs_enrichment","blocked_until_enriched"
"Vitisfera","Hipicon","https://www.hipicon.com/tr-en/designers","Platform profili (tasarımcı/marka/stüdyo/üretici karışık)","Resmî public dizinden doğrulandı","needs_enrichment","blocked_until_enriched"
"Vitze Studio","Hipicon","https://www.hipicon.com/tr-en/designers","Platform profili (tasarımcı/marka/stüdyo/üretici karışık)","Resmî public dizinden doğrulandı","needs_enrichment","blocked_until_enriched"
"Voce Studios","Hipicon","https://www.hipicon.com/tr-en/designers","Platform profili (tasarımcı/marka/stüdyo/üretici karışık)","Resmî public dizinden doğrulandı","needs_enrichment","blocked_until_enriched"
"Voeux Kitchenware","Hipicon","https://www.hipicon.com/tr-en/designers","Platform profili (tasarımcı/marka/stüdyo/üretici karışık)","Resmî public dizinden doğrulandı","needs_enrichment","blocked_until_enriched"
"Voguso","Hipicon","https://www.hipicon.com/tr-en/designers","Platform profili (tasarımcı/marka/stüdyo/üretici karışık)","Resmî public dizinden doğrulandı","needs_enrichment","blocked_until_enriched"
"Vose","Hipicon","https://www.hipicon.com/tr-en/designers","Platform profili (tasarımcı/marka/stüdyo/üretici karışık)","Resmî public dizinden doğrulandı","needs_enrichment","blocked_until_enriched"
"Voxlamp","Hipicon","https://www.hipicon.com/tr-en/designers","Platform profili (tasarımcı/marka/stüdyo/üretici karışık)","Resmî public dizinden doğrulandı","needs_enrichment","blocked_until_enriched"
"Vuens","Hipicon","https://www.hipicon.com/tr-en/designers","Platform profili (tasarımcı/marka/stüdyo/üretici karışık)","Resmî public dizinden doğrulandı","needs_enrichment","blocked_until_enriched"
"Vune Concept","Hipicon","https://www.hipicon.com/tr-en/designers","Platform profili (tasarımcı/marka/stüdyo/üretici karışık)","Resmî public dizinden doğrulandı","needs_enrichment","blocked_until_enriched"
"Vussen","Hipicon","https://www.hipicon.com/tr-en/designers","Platform profili (tasarımcı/marka/stüdyo/üretici karışık)","Resmî public dizinden doğrulandı","needs_enrichment","blocked_until_enriched"
"Vuvito","Hipicon","https://www.hipicon.com/tr-en/designers","Platform profili (tasarımcı/marka/stüdyo/üretici karışık)","Resmî public dizinden doğrulandı","needs_enrichment","blocked_until_enriched"
"VİDİ Art Studio","Hipicon","https://www.hipicon.com/tr-en/designers","Platform profili (tasarımcı/marka/stüdyo/üretici karışık)","Resmî public dizinden doğrulandı","needs_enrichment","blocked_until_enriched"
"WAYT","Hipicon","https://www.hipicon.com/tr-en/designers","Platform profili (tasarımcı/marka/stüdyo/üretici karışık)","Resmî public dizinden doğrulandı","needs_enrichment","blocked_until_enriched"
"WD Lifestyle","Hipicon","https://www.hipicon.com/tr-en/designers","Platform profili (tasarımcı/marka/stüdyo/üretici karışık)","Resmî public dizinden doğrulandı","needs_enrichment","blocked_until_enriched"
"WOODY","Hipicon","https://www.hipicon.com/tr-en/designers","Platform profili (tasarımcı/marka/stüdyo/üretici karışık)","Resmî public dizinden doğrulandı","needs_enrichment","blocked_until_enriched"
"Wabi Sabi","Hipicon","https://www.hipicon.com/tr-en/designers","Platform profili (tasarımcı/marka/stüdyo/üretici karışık)","Resmî public dizinden doğrulandı","needs_enrichment","blocked_until_enriched"
"Wallibex","Hipicon","https://www.hipicon.com/tr-en/designers","Platform profili (tasarımcı/marka/stüdyo/üretici karışık)","Resmî public dizinden doğrulandı","needs_enrichment","blocked_until_enriched"
"Wallthinks","Hipicon","https://www.hipicon.com/tr-en/designers","Platform profili (tasarımcı/marka/stüdyo/üretici karışık)","Resmî public dizinden doğrulandı","needs_enrichment","blocked_until_enriched"
"Walu Furniture","Hipicon","https://www.hipicon.com/tr-en/designers","Platform profili (tasarımcı/marka/stüdyo/üretici karışık)","Resmî public dizinden doğrulandı","needs_enrichment","blocked_until_enriched"
"Wannamore","Hipicon","https://www.hipicon.com/tr-en/designers","Platform profili (tasarımcı/marka/stüdyo/üretici karışık)","Resmî public dizinden doğrulandı","needs_enrichment","blocked_until_enriched"
"Warm Design","Hipicon","https://www.hipicon.com/tr-en/designers","Platform profili (tasarımcı/marka/stüdyo/üretici karışık)","Resmî public dizinden doğrulandı","needs_enrichment","blocked_until_enriched"
"Wauer","Hipicon","https://www.hipicon.com/tr-en/designers","Platform profili (tasarımcı/marka/stüdyo/üretici karışık)","Resmî public dizinden doğrulandı","needs_enrichment","blocked_until_enriched"
"WeWon Style","Hipicon","https://www.hipicon.com/tr-en/designers","Platform profili (tasarımcı/marka/stüdyo/üretici karışık)","Resmî public dizinden doğrulandı","needs_enrichment","blocked_until_enriched"
"Wear Three Points","Hipicon","https://www.hipicon.com/tr-en/designers","Platform profili (tasarımcı/marka/stüdyo/üretici karışık)","Resmî public dizinden doğrulandı","needs_enrichment","blocked_until_enriched"
"Weil Am Rhein","Hipicon","https://www.hipicon.com/tr-en/designers","Platform profili (tasarımcı/marka/stüdyo/üretici karışık)","Resmî public dizinden doğrulandı","needs_enrichment","blocked_until_enriched"
"Werk83","Hipicon","https://www.hipicon.com/tr-en/designers","Platform profili (tasarımcı/marka/stüdyo/üretici karışık)","Resmî public dizinden doğrulandı","needs_enrichment","blocked_until_enriched"
"Wet Brush","Hipicon","https://www.hipicon.com/tr-en/designers","Platform profili (tasarımcı/marka/stüdyo/üretici karışık)","Resmî public dizinden doğrulandı","needs_enrichment","blocked_until_enriched"
"Whirtz","Hipicon","https://www.hipicon.com/tr-en/designers","Platform profili (tasarımcı/marka/stüdyo/üretici karışık)","Resmî public dizinden doğrulandı","needs_enrichment","blocked_until_enriched"
"WiQo","Hipicon","https://www.hipicon.com/tr-en/designers","Platform profili (tasarımcı/marka/stüdyo/üretici karışık)","Resmî public dizinden doğrulandı","needs_enrichment","blocked_until_enriched"
"Wiky Watch","Hipicon","https://www.hipicon.com/tr-en/designers","Platform profili (tasarımcı/marka/stüdyo/üretici karışık)","Resmî public dizinden doğrulandı","needs_enrichment","blocked_until_enriched"
"Wild & Soft","Hipicon","https://www.hipicon.com/tr-en/designers","Platform profili (tasarımcı/marka/stüdyo/üretici karışık)","Resmî public dizinden doğrulandı","needs_enrichment","blocked_until_enriched"
"Wiley X","Hipicon","https://www.hipicon.com/tr-en/designers","Platform profili (tasarımcı/marka/stüdyo/üretici karışık)","Resmî public dizinden doğrulandı","needs_enrichment","blocked_until_enriched"
"Wilfa","Hipicon","https://www.hipicon.com/tr-en/designers","Platform profili (tasarımcı/marka/stüdyo/üretici karışık)","Resmî public dizinden doğrulandı","needs_enrichment","blocked_until_enriched"
"Wish-NU Design&Jewellery","Hipicon","https://www.hipicon.com/tr-en/designers","Platform profili (tasarımcı/marka/stüdyo/üretici karışık)","Resmî public dizinden doğrulandı","needs_enrichment","blocked_until_enriched"
"Wisha Natural","Hipicon","https://www.hipicon.com/tr-en/designers","Platform profili (tasarımcı/marka/stüdyo/üretici karışık)","Resmî public dizinden doğrulandı","needs_enrichment","blocked_until_enriched"
"Wo Design Studio","Hipicon","https://www.hipicon.com/tr-en/designers","Platform profili (tasarımcı/marka/stüdyo/üretici karışık)","Resmî public dizinden doğrulandı","needs_enrichment","blocked_until_enriched"
"Women With Initiative and Attitude","Hipicon","https://www.hipicon.com/tr-en/designers","Platform profili (tasarımcı/marka/stüdyo/üretici karışık)","Resmî public dizinden doğrulandı","needs_enrichment","blocked_until_enriched"
"Womodesign","Hipicon","https://www.hipicon.com/tr-en/designers","Platform profili (tasarımcı/marka/stüdyo/üretici karışık)","Resmî public dizinden doğrulandı","needs_enrichment","blocked_until_enriched"
"Wonder Clay","Hipicon","https://www.hipicon.com/tr-en/designers","Platform profili (tasarımcı/marka/stüdyo/üretici karışık)","Resmî public dizinden doğrulandı","needs_enrichment","blocked_until_enriched"
"Wonderland Design Atelier","Hipicon","https://www.hipicon.com/tr-en/designers","Platform profili (tasarımcı/marka/stüdyo/üretici karışık)","Resmî public dizinden doğrulandı","needs_enrichment","blocked_until_enriched"
"Wood Mood Works","Hipicon","https://www.hipicon.com/tr-en/designers","Platform profili (tasarımcı/marka/stüdyo/üretici karışık)","Resmî public dizinden doğrulandı","needs_enrichment","blocked_until_enriched"
"Wood&Tail","Hipicon","https://www.hipicon.com/tr-en/designers","Platform profili (tasarımcı/marka/stüdyo/üretici karışık)","Resmî public dizinden doğrulandı","needs_enrichment","blocked_until_enriched"
"WoodandMore2g","Hipicon","https://www.hipicon.com/tr-en/designers","Platform profili (tasarımcı/marka/stüdyo/üretici karışık)","Resmî public dizinden doğrulandı","needs_enrichment","blocked_until_enriched"
"Woodbaba","Hipicon","https://www.hipicon.com/tr-en/designers","Platform profili (tasarımcı/marka/stüdyo/üretici karışık)","Resmî public dizinden doğrulandı","needs_enrichment","blocked_until_enriched"
"Woodenbend","Hipicon","https://www.hipicon.com/tr-en/designers","Platform profili (tasarımcı/marka/stüdyo/üretici karışık)","Resmî public dizinden doğrulandı","needs_enrichment","blocked_until_enriched"
"Woodern Co.","Hipicon","https://www.hipicon.com/tr-en/designers","Platform profili (tasarımcı/marka/stüdyo/üretici karışık)","Resmî public dizinden doğrulandı","needs_enrichment","blocked_until_enriched"
"Woodnjoytoy","Hipicon","https://www.hipicon.com/tr-en/designers","Platform profili (tasarımcı/marka/stüdyo/üretici karışık)","Resmî public dizinden doğrulandı","needs_enrichment","blocked_until_enriched"
"WoodsUpp","Hipicon","https://www.hipicon.com/tr-en/designers","Platform profili (tasarımcı/marka/stüdyo/üretici karışık)","Resmî public dizinden doğrulandı","needs_enrichment","blocked_until_enriched"
"Woodsaka","Hipicon","https://www.hipicon.com/tr-en/designers","Platform profili (tasarımcı/marka/stüdyo/üretici karışık)","Resmî public dizinden doğrulandı","needs_enrichment","blocked_until_enriched"
"Woody&Happy","Hipicon","https://www.hipicon.com/tr-en/designers","Platform profili (tasarımcı/marka/stüdyo/üretici karışık)","Resmî public dizinden doğrulandı","needs_enrichment","blocked_until_enriched"
"Woodyard","Hipicon","https://www.hipicon.com/tr-en/designers","Platform profili (tasarımcı/marka/stüdyo/üretici karışık)","Resmî public dizinden doğrulandı","needs_enrichment","blocked_until_enriched"
"Woozie Toys","Hipicon","https://www.hipicon.com/tr-en/designers","Platform profili (tasarımcı/marka/stüdyo/üretici karışık)","Resmî public dizinden doğrulandı","needs_enrichment","blocked_until_enriched"
"Wow! Stuff","Hipicon","https://www.hipicon.com/tr-en/designers","Platform profili (tasarımcı/marka/stüdyo/üretici karışık)","Resmî public dizinden doğrulandı","needs_enrichment","blocked_until_enriched"
"Wowo Wood Wonder","Hipicon","https://www.hipicon.com/tr-en/designers","Platform profili (tasarımcı/marka/stüdyo/üretici karışık)","Resmî public dizinden doğrulandı","needs_enrichment","blocked_until_enriched"
"Wuen İstanbul","Hipicon","https://www.hipicon.com/tr-en/designers","Platform profili (tasarımcı/marka/stüdyo/üretici karışık)","Resmî public dizinden doğrulandı","needs_enrichment","blocked_until_enriched"
"who.is.perfect","Hipicon","https://www.hipicon.com/tr-en/designers","Platform profili (tasarımcı/marka/stüdyo/üretici karışık)","Resmî public dizinden doğrulandı","needs_enrichment","blocked_until_enriched"
"Y19 Design","Hipicon","https://www.hipicon.com/tr-en/designers","Platform profili (tasarımcı/marka/stüdyo/üretici karışık)","Resmî public dizinden doğrulandı","needs_enrichment","blocked_until_enriched"
"YOUC","Hipicon","https://www.hipicon.com/tr-en/designers","Platform profili (tasarımcı/marka/stüdyo/üretici karışık)","Resmî public dizinden doğrulandı","needs_enrichment","blocked_until_enriched"
"Yaffy Home Design","Hipicon","https://www.hipicon.com/tr-en/designers","Platform profili (tasarımcı/marka/stüdyo/üretici karışık)","Resmî public dizinden doğrulandı","needs_enrichment","blocked_until_enriched"
"Yakaza Studio","Hipicon","https://www.hipicon.com/tr-en/designers","Platform profili (tasarımcı/marka/stüdyo/üretici karışık)","Resmî public dizinden doğrulandı","needs_enrichment","blocked_until_enriched"
"Yasemin Uğurlu Clay Works","Hipicon","https://www.hipicon.com/tr-en/designers","Platform profili (tasarımcı/marka/stüdyo/üretici karışık)","Resmî public dizinden doğrulandı","needs_enrichment","blocked_until_enriched"
"Yasu Living","Hipicon","https://www.hipicon.com/tr-en/designers","Platform profili (tasarımcı/marka/stüdyo/üretici karışık)","Resmî public dizinden doğrulandı","needs_enrichment","blocked_until_enriched"
"Yazgi Sungur Jewelry","Hipicon","https://www.hipicon.com/tr-en/designers","Platform profili (tasarımcı/marka/stüdyo/üretici karışık)","Resmî public dizinden doğrulandı","needs_enrichment","blocked_until_enriched"
"Yazz Atelier","Hipicon","https://www.hipicon.com/tr-en/designers","Platform profili (tasarımcı/marka/stüdyo/üretici karışık)","Resmî public dizinden doğrulandı","needs_enrichment","blocked_until_enriched"
"Yağmur Yörük","Hipicon","https://www.hipicon.com/tr-en/designers","Platform profili (tasarımcı/marka/stüdyo/üretici karışık)","Resmî public dizinden doğrulandı","needs_enrichment","blocked_until_enriched"
"Yebspace","Hipicon","https://www.hipicon.com/tr-en/designers","Platform profili (tasarımcı/marka/stüdyo/üretici karışık)","Resmî public dizinden doğrulandı","needs_enrichment","blocked_until_enriched"
"Yeelight","Hipicon","https://www.hipicon.com/tr-en/designers","Platform profili (tasarımcı/marka/stüdyo/üretici karışık)","Resmî public dizinden doğrulandı","needs_enrichment","blocked_until_enriched"
"Yel Studios","Hipicon","https://www.hipicon.com/tr-en/designers","Platform profili (tasarımcı/marka/stüdyo/üretici karışık)","Resmî public dizinden doğrulandı","needs_enrichment","blocked_until_enriched"
"Yenesse Design","Hipicon","https://www.hipicon.com/tr-en/designers","Platform profili (tasarımcı/marka/stüdyo/üretici karışık)","Resmî public dizinden doğrulandı","needs_enrichment","blocked_until_enriched"
"Yes Flaneuse","Hipicon","https://www.hipicon.com/tr-en/designers","Platform profili (tasarımcı/marka/stüdyo/üretici karışık)","Resmî public dizinden doğrulandı","needs_enrichment","blocked_until_enriched"
"Yet Design Studio","Hipicon","https://www.hipicon.com/tr-en/designers","Platform profili (tasarımcı/marka/stüdyo/üretici karışık)","Resmî public dizinden doğrulandı","needs_enrichment","blocked_until_enriched"
"Yeşims’ Purity Walls Handcraft Lab.","Hipicon","https://www.hipicon.com/tr-en/designers","Platform profili (tasarımcı/marka/stüdyo/üretici karışık)","Resmî public dizinden doğrulandı","needs_enrichment","blocked_until_enriched"
"Yogimso","Hipicon","https://www.hipicon.com/tr-en/designers","Platform profili (tasarımcı/marka/stüdyo/üretici karışık)","Resmî public dizinden doğrulandı","needs_enrichment","blocked_until_enriched"
"Yolo Atelier","Hipicon","https://www.hipicon.com/tr-en/designers","Platform profili (tasarımcı/marka/stüdyo/üretici karışık)","Resmî public dizinden doğrulandı","needs_enrichment","blocked_until_enriched"
"Yonanas","Hipicon","https://www.hipicon.com/tr-en/designers","Platform profili (tasarımcı/marka/stüdyo/üretici karışık)","Resmî public dizinden doğrulandı","needs_enrichment","blocked_until_enriched"
"Yorstruly","Hipicon","https://www.hipicon.com/tr-en/designers","Platform profili (tasarımcı/marka/stüdyo/üretici karışık)","Resmî public dizinden doğrulandı","needs_enrichment","blocked_until_enriched"
"Youwa","Hipicon","https://www.hipicon.com/tr-en/designers","Platform profili (tasarımcı/marka/stüdyo/üretici karışık)","Resmî public dizinden doğrulandı","needs_enrichment","blocked_until_enriched"
"Yugen Lab","Hipicon","https://www.hipicon.com/tr-en/designers","Platform profili (tasarımcı/marka/stüdyo/üretici karışık)","Resmî public dizinden doğrulandı","needs_enrichment","blocked_until_enriched"
"Yugu Atelier","Hipicon","https://www.hipicon.com/tr-en/designers","Platform profili (tasarımcı/marka/stüdyo/üretici karışık)","Resmî public dizinden doğrulandı","needs_enrichment","blocked_until_enriched"
"Yuma Ceramics","Hipicon","https://www.hipicon.com/tr-en/designers","Platform profili (tasarımcı/marka/stüdyo/üretici karışık)","Resmî public dizinden doğrulandı","needs_enrichment","blocked_until_enriched"
"Yummate","Hipicon","https://www.hipicon.com/tr-en/designers","Platform profili (tasarımcı/marka/stüdyo/üretici karışık)","Resmî public dizinden doğrulandı","needs_enrichment","blocked_until_enriched"
"Yumsel Seramik","Hipicon","https://www.hipicon.com/tr-en/designers","Platform profili (tasarımcı/marka/stüdyo/üretici karışık)","Resmî public dizinden doğrulandı","needs_enrichment","blocked_until_enriched"
"Yuugen Design","Hipicon","https://www.hipicon.com/tr-en/designers","Platform profili (tasarımcı/marka/stüdyo/üretici karışık)","Resmî public dizinden doğrulandı","needs_enrichment","blocked_until_enriched"
"Yörük Studio","Hipicon","https://www.hipicon.com/tr-en/designers","Platform profili (tasarımcı/marka/stüdyo/üretici karışık)","Resmî public dizinden doğrulandı","needs_enrichment","blocked_until_enriched"
"ZM Decor","Hipicon","https://www.hipicon.com/tr-en/designers","Platform profili (tasarımcı/marka/stüdyo/üretici karışık)","Resmî public dizinden doğrulandı","needs_enrichment","blocked_until_enriched"
"ZOX Craft","Hipicon","https://www.hipicon.com/tr-en/designers","Platform profili (tasarımcı/marka/stüdyo/üretici karışık)","Resmî public dizinden doğrulandı","needs_enrichment","blocked_until_enriched"
"Zade Design","Hipicon","https://www.hipicon.com/tr-en/designers","Platform profili (tasarımcı/marka/stüdyo/üretici karışık)","Resmî public dizinden doğrulandı","needs_enrichment","blocked_until_enriched"
"Zakun Design","Hipicon","https://www.hipicon.com/tr-en/designers","Platform profili (tasarımcı/marka/stüdyo/üretici karışık)","Resmî public dizinden doğrulandı","needs_enrichment","blocked_until_enriched"
"Zanaat304","Hipicon","https://www.hipicon.com/tr-en/designers","Platform profili (tasarımcı/marka/stüdyo/üretici karışık)","Resmî public dizinden doğrulandı","needs_enrichment","blocked_until_enriched"
"Zau","Hipicon","https://www.hipicon.com/tr-en/designers","Platform profili (tasarımcı/marka/stüdyo/üretici karışık)","Resmî public dizinden doğrulandı","needs_enrichment","blocked_until_enriched"
"Zebercet Natural Jewelry","Hipicon","https://www.hipicon.com/tr-en/designers","Platform profili (tasarımcı/marka/stüdyo/üretici karışık)","Resmî public dizinden doğrulandı","needs_enrichment","blocked_until_enriched"
"Zeceramic","Hipicon","https://www.hipicon.com/tr-en/designers","Platform profili (tasarımcı/marka/stüdyo/üretici karışık)","Resmî public dizinden doğrulandı","needs_enrichment","blocked_until_enriched"
"Zef Design","Hipicon","https://www.hipicon.com/tr-en/designers","Platform profili (tasarımcı/marka/stüdyo/üretici karışık)","Resmî public dizinden doğrulandı","needs_enrichment","blocked_until_enriched"
"Zen Olive","Hipicon","https://www.hipicon.com/tr-en/designers","Platform profili (tasarımcı/marka/stüdyo/üretici karışık)","Resmî public dizinden doğrulandı","needs_enrichment","blocked_until_enriched"
"Zethnica","Hipicon","https://www.hipicon.com/tr-en/designers","Platform profili (tasarımcı/marka/stüdyo/üretici karışık)","Resmî public dizinden doğrulandı","needs_enrichment","blocked_until_enriched"
"Zeugman","Hipicon","https://www.hipicon.com/tr-en/designers","Platform profili (tasarımcı/marka/stüdyo/üretici karışık)","Resmî public dizinden doğrulandı","needs_enrichment","blocked_until_enriched"
"Zeus Dizayn","Hipicon","https://www.hipicon.com/tr-en/designers","Platform profili (tasarımcı/marka/stüdyo/üretici karışık)","Resmî public dizinden doğrulandı","needs_enrichment","blocked_until_enriched"
"Zeworks","Hipicon","https://www.hipicon.com/tr-en/designers","Platform profili (tasarımcı/marka/stüdyo/üretici karışık)","Resmî public dizinden doğrulandı","needs_enrichment","blocked_until_enriched"
"Zey&Clay Ceramics","Hipicon","https://www.hipicon.com/tr-en/designers","Platform profili (tasarımcı/marka/stüdyo/üretici karışık)","Resmî public dizinden doğrulandı","needs_enrichment","blocked_until_enriched"
"Zeynep Akdemir","Hipicon","https://www.hipicon.com/tr-en/designers","Platform profili (tasarımcı/marka/stüdyo/üretici karışık)","Resmî public dizinden doğrulandı","needs_enrichment","blocked_until_enriched"
"Zeynep Aksoy Jewelry","Hipicon","https://www.hipicon.com/tr-en/designers","Platform profili (tasarımcı/marka/stüdyo/üretici karışık)","Resmî public dizinden doğrulandı","needs_enrichment","blocked_until_enriched"
"Zeynep Birinci","Hipicon","https://www.hipicon.com/tr-en/designers","Platform profili (tasarımcı/marka/stüdyo/üretici karışık)","Resmî public dizinden doğrulandı","needs_enrichment","blocked_until_enriched"
"Zeynepcce Design","Hipicon","https://www.hipicon.com/tr-en/designers","Platform profili (tasarımcı/marka/stüdyo/üretici karışık)","Resmî public dizinden doğrulandı","needs_enrichment","blocked_until_enriched"
"Zeze Home","Hipicon","https://www.hipicon.com/tr-en/designers","Platform profili (tasarımcı/marka/stüdyo/üretici karışık)","Resmî public dizinden doğrulandı","needs_enrichment","blocked_until_enriched"
"Zifiri","Hipicon","https://www.hipicon.com/tr-en/designers","Platform profili (tasarımcı/marka/stüdyo/üretici karışık)","Resmî public dizinden doğrulandı","needs_enrichment","blocked_until_enriched"
"Zoa Collection","Hipicon","https://www.hipicon.com/tr-en/designers","Platform profili (tasarımcı/marka/stüdyo/üretici karışık)","Resmî public dizinden doğrulandı","needs_enrichment","blocked_until_enriched"
"Zoe Pet Atelier","Hipicon","https://www.hipicon.com/tr-en/designers","Platform profili (tasarımcı/marka/stüdyo/üretici karışık)","Resmî public dizinden doğrulandı","needs_enrichment","blocked_until_enriched"
"Zoe İstanbul","Hipicon","https://www.hipicon.com/tr-en/designers","Platform profili (tasarımcı/marka/stüdyo/üretici karışık)","Resmî public dizinden doğrulandı","needs_enrichment","blocked_until_enriched"
"Zoi Zebra","Hipicon","https://www.hipicon.com/tr-en/designers","Platform profili (tasarımcı/marka/stüdyo/üretici karışık)","Resmî public dizinden doğrulandı","needs_enrichment","blocked_until_enriched"
"Zone Design","Hipicon","https://www.hipicon.com/tr-en/designers","Platform profili (tasarımcı/marka/stüdyo/üretici karışık)","Resmî public dizinden doğrulandı","needs_enrichment","blocked_until_enriched"
"Zoya İstanbul","Hipicon","https://www.hipicon.com/tr-en/designers","Platform profili (tasarımcı/marka/stüdyo/üretici karışık)","Resmî public dizinden doğrulandı","needs_enrichment","blocked_until_enriched"
"Zozy Home Concept","Hipicon","https://www.hipicon.com/tr-en/designers","Platform profili (tasarımcı/marka/stüdyo/üretici karışık)","Resmî public dizinden doğrulandı","needs_enrichment","blocked_until_enriched"
"Zuppers","Hipicon","https://www.hipicon.com/tr-en/designers","Platform profili (tasarımcı/marka/stüdyo/üretici karışık)","Resmî public dizinden doğrulandı","needs_enrichment","blocked_until_enriched"
"Zuzu Clay","Hipicon","https://www.hipicon.com/tr-en/designers","Platform profili (tasarımcı/marka/stüdyo/üretici karışık)","Resmî public dizinden doğrulandı","needs_enrichment","blocked_until_enriched"
"Zygielle Magic Bijoux","Hipicon","https://www.hipicon.com/tr-en/designers","Platform profili (tasarımcı/marka/stüdyo/üretici karışık)","Resmî public dizinden doğrulandı","needs_enrichment","blocked_until_enriched"
"Çok markalı tasarım/lifestyle marketplace","Hipicon","","Evet","A–Z “Designers” dizini var; profil türleri karışık.","needs_enrichment","blocked_until_enriched"
"https://www.hipicon.com/tr-en/designers","Hipicon","","Designers A–Z public directory","","needs_enrichment","blocked_until_enriched"