lead_id,name,source_platforms,source_urls,email,phone,website,instagram,city,region,country,product_category,products,brand_story,relationship_status,gmail_dedupe_status,bounce_status,enrichment_status,outreach_status,dedupe_key
"ddp_e18c97e2","-ve studio","Local Makers","https://localmakers.com.tr/pages/makers","","","","","","","","","","","unverified","pending","unknown","needs_enrichment","blocked_until_enriched","ve studio"
"ddp_95fa7cee","[Add]Tension","Hipicon","https://www.hipicon.com/tr-en/designers","","","","","","","","","","","unverified","pending","unknown","needs_enrichment","blocked_until_enriched","add tension"
"ddp_ea178d21","[IM]perfectionists","Local Makers","https://localmakers.com.tr/pages/makers","","","","","","","","","","","unverified","pending","unknown","needs_enrichment","blocked_until_enriched","ım perfectionists"
"ddp_4fadf5db","&klevering","NowShopFun","https://nowshopfun.com/pages/brands","","","","","","","","","","","unverified","pending","unknown","needs_enrichment","blocked_until_enriched","and klevering"
"ddp_651a6f37","1.618","Hipicon|Hiandco","https://www.hipicon.com/tr-en/designers|https://www.hiandco.tr/markalar","","","","","","","","","","","unverified","pending","unknown","needs_enrichment","blocked_until_enriched","1 618"
"ddp_fa1e2740","100% Chef","Hipicon","https://www.hipicon.com/tr-en/designers","","","","","","","","","","","unverified","pending","unknown","needs_enrichment","blocked_until_enriched","100 chef"
"ddp_1cc65e5d","101 Copenhagen","NowShopFun","https://nowshopfun.com/pages/brands","","","","","","","","","","","unverified","pending","unknown","needs_enrichment","blocked_until_enriched","101 copenhagen"
"ddp_1cee1ff2","108 Niyettaşı","Hipicon","https://www.hipicon.com/tr-en/designers","","","","","","","","","","","unverified","pending","unknown","needs_enrichment","blocked_until_enriched","108 niyettası"
"ddp_66f8d3a3","10pm","Hipicon","https://www.hipicon.com/tr-en/designers","","","","","","","","","","","unverified","pending","unknown","needs_enrichment","blocked_until_enriched","10pm"
"ddp_1e09090e","14.14 Ceramics","Hipicon","https://www.hipicon.com/tr-en/designers","","","","","","","","","","","unverified","pending","unknown","needs_enrichment","blocked_until_enriched","14 14 ceramics"
"ddp_a7cc3544","1984 Leather Goods","Hipicon","https://www.hipicon.com/tr-en/designers","","","","","","","","","","","unverified","pending","unknown","needs_enrichment","blocked_until_enriched","1984 leather goods"
"ddp_7c1300b8","2 Stories","Hipicon","https://www.hipicon.com/tr-en/designers","","","","","","","","","","","unverified","pending","unknown","needs_enrichment","blocked_until_enriched","2 stories"
"ddp_413076e3","22 Maggio Istanbul","Hipicon|NowShopFun","https://www.hipicon.com/tr-en/designers|https://nowshopfun.com/pages/brands","","","","","","","","","","","unverified","pending","unknown","needs_enrichment","blocked_until_enriched","22 maggio ıstanbul"
"ddp_dd8f5989","29 Designlab","Hipicon","https://www.hipicon.com/tr-en/designers","","","","","","","","","","","unverified","pending","unknown","needs_enrichment","blocked_until_enriched","29 designlab"
"ddp_f26655c8","30 Kağıt İşleri","Hipicon|Local Makers","https://www.hipicon.com/tr-en/designers|https://localmakers.com.tr/pages/makers","","","","","","","","","","","unverified","pending","unknown","needs_enrichment","blocked_until_enriched","30 kagıt isleri"
"ddp_80554e8d","301 Design Studio","NowShopFun","https://nowshopfun.com/pages/brands","","","","","","","","","","","unverified","pending","unknown","needs_enrichment","blocked_until_enriched","301 design studio"
"ddp_dba4b4d6","3rd Culture","Hipicon","https://www.hipicon.com/tr-en/designers","","","","","","","","","","","unverified","pending","unknown","needs_enrichment","blocked_until_enriched","3rd culture"
"ddp_0ba3a793","5A Design","Hipicon","https://www.hipicon.com/tr-en/designers","","","","","","","","","","","unverified","pending","unknown","needs_enrichment","blocked_until_enriched","5a design"
"ddp_4993b6c8","5lamp Design","Hipicon|NowShopFun","https://www.hipicon.com/tr-en/designers|https://nowshopfun.com/pages/brands","","","","","","","","","","","unverified","pending","unknown","needs_enrichment","blocked_until_enriched","5lamp design"
"ddp_5a466d14","5LampDesign","Hiandco","https://www.hiandco.tr/markalar","","","","","","","","","","","unverified","pending","unknown","needs_enrichment","blocked_until_enriched","5lampdesign"
"ddp_8a8d43ca","602Lab","Hipicon","https://www.hipicon.com/tr-en/designers","","","","","","","","","","","unverified","pending","unknown","needs_enrichment","blocked_until_enriched","602lab"
"ddp_64eb09c7","78 Coffee Roastery","Hipicon","https://www.hipicon.com/tr-en/designers","","","","","","","","","","","unverified","pending","unknown","needs_enrichment","blocked_until_enriched","78 coffee roastery"
"ddp_d57149fa","8 Maison","Hipicon","https://www.hipicon.com/tr-en/designers","","","","","","","","","","","unverified","pending","unknown","needs_enrichment","blocked_until_enriched","8 maison"
"ddp_08c6d2db","A Ne Hoş","Hipicon","https://www.hipicon.com/tr-en/designers","","","","","","","","","","","unverified","pending","unknown","needs_enrichment","blocked_until_enriched","a ne hos"
"ddp_10a1a1d1","A.C.B Iluminacion","NowShopFun","https://nowshopfun.com/pages/brands","","","","","","","","","","","unverified","pending","unknown","needs_enrichment","blocked_until_enriched","a c b ıluminacion"
"ddp_9bc7d457","A'la Fine Jewelry","Hipicon","https://www.hipicon.com/tr-en/designers","","","","","","","","","","","unverified","pending","unknown","needs_enrichment","blocked_until_enriched","a la fine jewelry"
"ddp_a9d79593","A'mour Atelier","Hipicon","https://www.hipicon.com/tr-en/designers","","","","","","","","","","","unverified","pending","unknown","needs_enrichment","blocked_until_enriched","a mour atelier"
"ddp_767efde8","A46 Tuvanam","Hipicon","https://www.hipicon.com/tr-en/designers","","","","","","","","","","","unverified","pending","unknown","needs_enrichment","blocked_until_enriched","a46 tuvanam"
"ddp_8ecd82e5","Abajurhane Store","Hipicon","https://www.hipicon.com/tr-en/designers","","","","","","","","","","","unverified","pending","unknown","needs_enrichment","blocked_until_enriched","abajurhane store"
"ddp_e8259821","Abib","Hipicon","https://www.hipicon.com/tr-en/designers","","","","","","","","","","","unverified","pending","unknown","needs_enrichment","blocked_until_enriched","abib"
"ddp_aded4f85","Above The Zinc","Hipicon","https://www.hipicon.com/tr-en/designers","","","","","","","","","","","unverified","pending","unknown","needs_enrichment","blocked_until_enriched","above the zinc"
"ddp_b370a3d9","Abtira Garden","Local Makers","https://localmakers.com.tr/pages/makers","","","","","","","","","","","unverified","pending","unknown","needs_enrichment","blocked_until_enriched","abtira garden"
"ddp_3d0ef259","AC Anima Ceramic","Hipicon","https://www.hipicon.com/tr-en/designers","","","","","","","","","","","unverified","pending","unknown","needs_enrichment","blocked_until_enriched","ac anima ceramic"
"ddp_28c02637","ACB Illuminacion","Hipicon","https://www.hipicon.com/tr-en/designers","","","","","","","","","","","unverified","pending","unknown","needs_enrichment","blocked_until_enriched","acb ılluminacion"
"ddp_ae6ff967","Accouchee","Hipicon","https://www.hipicon.com/tr-en/designers","","","","","","","","","","","unverified","pending","unknown","needs_enrichment","blocked_until_enriched","accouchee"
"ddp_84c70a94","Accract","Hipicon|NowShopFun","https://www.hipicon.com/tr-en/designers|https://nowshopfun.com/pages/brands","","","","","","","","","","","unverified","pending","unknown","needs_enrichment","blocked_until_enriched","accract"
"ddp_ef9444dc","Acme & Co","Hipicon","https://www.hipicon.com/tr-en/designers","","","","","","","","","","","unverified","pending","unknown","needs_enrichment","blocked_until_enriched","acme and co"
"ddp_813e6ea2","Acoustibox","Hipicon","https://www.hipicon.com/tr-en/designers","","","","","","","","","","","unverified","pending","unknown","needs_enrichment","blocked_until_enriched","acoustibox"
"ddp_a9365cfb","Act Fitness","Hipicon","https://www.hipicon.com/tr-en/designers","","","","","","","","","","","unverified","pending","unknown","needs_enrichment","blocked_until_enriched","act fitness"
"ddp_97887cf3","ACT İstanbul","Hipicon","https://www.hipicon.com/tr-en/designers","","","","","","","","","","","unverified","pending","unknown","needs_enrichment","blocked_until_enriched","act istanbul"
"ddp_75ca4857","Action Zebra","Hipicon","https://www.hipicon.com/tr-en/designers","","","","","","","","","","","unverified","pending","unknown","needs_enrichment","blocked_until_enriched","action zebra"
"ddp_dc0ba072","Activera","Hipicon","https://www.hipicon.com/tr-en/designers","","","","","","","","","","","unverified","pending","unknown","needs_enrichment","blocked_until_enriched","activera"
"ddp_f7d8a19b","Adade Design Pillow","Hipicon","https://www.hipicon.com/tr-en/designers","","","","","","","","","","","unverified","pending","unknown","needs_enrichment","blocked_until_enriched","adade design pillow"
"ddp_3aa32a0e","Aden Newyork","Hipicon","https://www.hipicon.com/tr-en/designers","","","","","","","","","","","unverified","pending","unknown","needs_enrichment","blocked_until_enriched","aden newyork"
"ddp_3e39172d","ADG","Hipicon","https://www.hipicon.com/tr-en/designers","","","","","","","","","","","unverified","pending","unknown","needs_enrichment","blocked_until_enriched","adg"
"ddp_0743678d","Adler Bag","Hipicon","https://www.hipicon.com/tr-en/designers","","","","","","","","","","","unverified","pending","unknown","needs_enrichment","blocked_until_enriched","adler bag"
"ddp_71ab8654","Adomar Marble","Hipicon|NowShopFun","https://www.hipicon.com/tr-en/designers|https://nowshopfun.com/pages/brands","","","","","","","","","","","unverified","pending","unknown","needs_enrichment","blocked_until_enriched","adomar marble"
"ddp_ad5bea91","Ae'on Candle","Hipicon","https://www.hipicon.com/tr-en/designers","","","","","","","","","","","unverified","pending","unknown","needs_enrichment","blocked_until_enriched","ae on candle"
"ddp_f00c5026","AEM Lighting","Hipicon","https://www.hipicon.com/tr-en/designers","","","","","","","","","","","unverified","pending","unknown","needs_enrichment","blocked_until_enriched","aem lighting"
"ddp_c25d3fbd","AerialYogaIstanbul","Hipicon","https://www.hipicon.com/tr-en/designers","","","","","","","","","","","unverified","pending","unknown","needs_enrichment","blocked_until_enriched","aerialyogaıstanbul"
"ddp_18bfbf02","Aerolatte","Hipicon","https://www.hipicon.com/tr-en/designers","","","","","","","","","","","unverified","pending","unknown","needs_enrichment","blocked_until_enriched","aerolatte"
"ddp_6a563a13","Aesir","Hipicon","https://www.hipicon.com/tr-en/designers","","","","","","","","","","","unverified","pending","unknown","needs_enrichment","blocked_until_enriched","aesir"
"ddp_d86094c0","Aftersun Brand","Hipicon|Local Makers","https://www.hipicon.com/tr-en/designers|https://localmakers.com.tr/pages/makers","","","","","","","","","","","unverified","pending","unknown","needs_enrichment","blocked_until_enriched","aftersun brand"
"ddp_64e812b5","Agena","Hipicon","https://www.hipicon.com/tr-en/designers","","","","","","","","","","","unverified","pending","unknown","needs_enrichment","blocked_until_enriched","agena"
"ddp_81d037d1","Agic","Hipicon","https://www.hipicon.com/tr-en/designers","","","","","","","","","","","unverified","pending","unknown","needs_enrichment","blocked_until_enriched","agic"
"ddp_354157c7","AGL","Hipicon","https://www.hipicon.com/tr-en/designers","","","","","","","","","","","unverified","pending","unknown","needs_enrichment","blocked_until_enriched","agl"
"ddp_1f009f33","Agun Pottery","Hipicon","https://www.hipicon.com/tr-en/designers","","","","","","","","","","","unverified","pending","unknown","needs_enrichment","blocked_until_enriched","agun pottery"
"ddp_9fa9579b","Agya","Hipicon","https://www.hipicon.com/tr-en/designers","","","","","","","","","","","unverified","pending","unknown","needs_enrichment","blocked_until_enriched","agya"
"ddp_b521d728","Aicha Lavanta","Hipicon|Local Makers","https://www.hipicon.com/tr-en/designers|https://localmakers.com.tr/pages/makers","","","","","","","","","","","unverified","pending","unknown","needs_enrichment","blocked_until_enriched","aicha lavanta"
"ddp_e2018b73","Aika Concept","Hipicon","https://www.hipicon.com/tr-en/designers","","","","","","","","","","","unverified","pending","unknown","needs_enrichment","blocked_until_enriched","aika concept"
"ddp_53f4238d","Aila et Toi","Hipicon","https://www.hipicon.com/tr-en/designers","","","","","","","","","","","unverified","pending","unknown","needs_enrichment","blocked_until_enriched","aila et toi"
"ddp_aeb027b4","Aira Studio","Hipicon","https://www.hipicon.com/tr-en/designers","","","","","","","","","","","unverified","pending","unknown","needs_enrichment","blocked_until_enriched","aira studio"
"ddp_66c02384","Ajma","Hipicon","https://www.hipicon.com/tr-en/designers","","","","","","","","","","","unverified","pending","unknown","needs_enrichment","blocked_until_enriched","ajma"
"ddp_07e19511","AJO Beauty","Hipicon","https://www.hipicon.com/tr-en/designers","","","","","","","","","","","unverified","pending","unknown","needs_enrichment","blocked_until_enriched","ajo beauty"
"ddp_aff36f3a","Akai Professional","Hipicon","https://www.hipicon.com/tr-en/designers","","","","","","","","","","","unverified","pending","unknown","needs_enrichment","blocked_until_enriched","akai professional"
"ddp_fc22cb2c","AKE Concept","Hipicon|NowShopFun","https://www.hipicon.com/tr-en/designers|https://nowshopfun.com/pages/brands","","","","","","","","","","","unverified","pending","unknown","needs_enrichment","blocked_until_enriched","ake concept"
"ddp_d0962c8f","Aklı Fikri Proje","Local Makers","https://localmakers.com.tr/pages/makers","","","","","","","","","","","unverified","pending","unknown","needs_enrichment","blocked_until_enriched","aklı fikri proje"
"ddp_72da39f1","Al Reves","Hipicon","https://www.hipicon.com/tr-en/designers","","","","","","","","","","","unverified","pending","unknown","needs_enrichment","blocked_until_enriched","al reves"
"ddp_006459d7","Alaa Elabasy","Hipicon","https://www.hipicon.com/tr-en/designers","","","","","","","","","","","unverified","pending","unknown","needs_enrichment","blocked_until_enriched","alaa elabasy"
"ddp_2ec47c8a","ALAKOK","Local Makers","https://localmakers.com.tr/pages/makers","","","","","","","","","","","unverified","pending","unknown","needs_enrichment","blocked_until_enriched","alakok"
"ddp_8b304305","Alberohome","Hipicon","https://www.hipicon.com/tr-en/designers","","","","","","","","","","","unverified","pending","unknown","needs_enrichment","blocked_until_enriched","alberohome"
"ddp_0445b182","Alegoria Jewellery","Local Makers","https://localmakers.com.tr/pages/makers","","","","","","","","","","","unverified","pending","unknown","needs_enrichment","blocked_until_enriched","alegoria jewellery"
"ddp_5de64f0c","Alesis","Hipicon","https://www.hipicon.com/tr-en/designers","","","","","","","","","","","unverified","pending","unknown","needs_enrichment","blocked_until_enriched","alesis"
"ddp_79e18d5d","Alessio De Sole","Hipicon","https://www.hipicon.com/tr-en/designers","","","","","","","","","","","unverified","pending","unknown","needs_enrichment","blocked_until_enriched","alessio de sole"
"ddp_b01a8f0c","Alfheim Essential Oils & Aromatherapy","Hipicon","https://www.hipicon.com/tr-en/designers","","","","","","","","","","","unverified","pending","unknown","needs_enrichment","blocked_until_enriched","alfheim essential oils and aromatherapy"
"ddp_0cb8d4b2","Alfi+Mag","Hipicon","https://www.hipicon.com/tr-en/designers","","","","","","","","","","","unverified","pending","unknown","needs_enrichment","blocked_until_enriched","alfi mag"
"ddp_de677fcc","Ali Nuh Objects","Hipicon","https://www.hipicon.com/tr-en/designers","","","","","","","","","","","unverified","pending","unknown","needs_enrichment","blocked_until_enriched","ali nuh objects"
"ddp_8fc5ca6f","Ali Semiz","Local Makers","https://localmakers.com.tr/pages/makers","","","","","","","","","","","unverified","pending","unknown","needs_enrichment","blocked_until_enriched","ali semiz"
"ddp_d2557ba0","Ali Yıkın Glass Art Studio","Hipicon","https://www.hipicon.com/tr-en/designers","","","","","","","","","","","unverified","pending","unknown","needs_enrichment","blocked_until_enriched","ali yıkın glass art studio"
"ddp_e1a6d7c7","Alin Atelier","Hipicon","https://www.hipicon.com/tr-en/designers","","","","","","","","","","","unverified","pending","unknown","needs_enrichment","blocked_until_enriched","alin atelier"
"ddp_be81e9a9","All Of Chrome","Hipicon","https://www.hipicon.com/tr-en/designers","","","","","","","","","","","unverified","pending","unknown","needs_enrichment","blocked_until_enriched","all of chrome"
"ddp_51c96abe","Alldesco","Hipicon|NowShopFun","https://www.hipicon.com/tr-en/designers|https://nowshopfun.com/pages/brands","","","","","","","","","","","unverified","pending","unknown","needs_enrichment","blocked_until_enriched","alldesco"
"ddp_78c703f8","Allmur","Hipicon","https://www.hipicon.com/tr-en/designers","","","","","","","","","","","unverified","pending","unknown","needs_enrichment","blocked_until_enriched","allmur"
"ddp_577b56a5","Almost Real","Hipicon","https://www.hipicon.com/tr-en/designers","","","","","","","","","","","unverified","pending","unknown","needs_enrichment","blocked_until_enriched","almost real"
"ddp_a070af18","ALPAQ STUDIO","NowShopFun","https://nowshopfun.com/pages/brands","","","","","","","","","","","unverified","pending","unknown","needs_enrichment","blocked_until_enriched","alpaq studıo"
"ddp_c2114f90","Alpaq Studio","Hipicon","https://www.hipicon.com/tr-en/designers","","","","","","","","","","","unverified","pending","unknown","needs_enrichment","blocked_until_enriched","alpaq studio"
"ddp_a7a735fd","Alpha-Tact","Hipicon","https://www.hipicon.com/tr-en/designers","","","","","","","","","","","unverified","pending","unknown","needs_enrichment","blocked_until_enriched","alpha tact"
"ddp_10921897","Alphascience","Hipicon","https://www.hipicon.com/tr-en/designers","","","","","","","","","","","unverified","pending","unknown","needs_enrichment","blocked_until_enriched","alphascience"
"ddp_1ad8f02f","Altar","Hipicon","https://www.hipicon.com/tr-en/designers","","","","","","","","","","","unverified","pending","unknown","needs_enrichment","blocked_until_enriched","altar"
"ddp_bbe3e5e6","Alti Decorative Art","NowShopFun","https://nowshopfun.com/pages/brands","","","","","","","","","","","unverified","pending","unknown","needs_enrichment","blocked_until_enriched","alti decorative art"
"ddp_5754b748","Alur Space Studio Flower","Hipicon","https://www.hipicon.com/tr-en/designers","","","","","","","","","","","unverified","pending","unknown","needs_enrichment","blocked_until_enriched","alur space studio flower"
"ddp_338dfd12","Alva Ceramics","Hipicon","https://www.hipicon.com/tr-en/designers","","","","","","","","","","","unverified","pending","unknown","needs_enrichment","blocked_until_enriched","alva ceramics"
"ddp_db6abbf2","Alysa Candle Studio","Hipicon","https://www.hipicon.com/tr-en/designers","","","","","","","","","","","unverified","pending","unknown","needs_enrichment","blocked_until_enriched","alysa candle studio"
"ddp_55bc9269","Amactare","Hipicon","https://www.hipicon.com/tr-en/designers","","","","","","","","","","","unverified","pending","unknown","needs_enrichment","blocked_until_enriched","amactare"
"ddp_f523b04a","Amarelle","Hipicon","https://www.hipicon.com/tr-en/designers","","","","","","","","","","","unverified","pending","unknown","needs_enrichment","blocked_until_enriched","amarelle"
"ddp_0aa52828","Amavi By Zey","Hipicon","https://www.hipicon.com/tr-en/designers","","","","","","","","","","","unverified","pending","unknown","needs_enrichment","blocked_until_enriched","amavi by zey"
"ddp_6a164ed2","Amazon Kindle","Hipicon","https://www.hipicon.com/tr-en/designers","","","","","","","","","","","unverified","pending","unknown","needs_enrichment","blocked_until_enriched","amazon kindle"
"ddp_4cc76547","Amelie's Collection","Hipicon","https://www.hipicon.com/tr-en/designers","","","","","","","","","","","unverified","pending","unknown","needs_enrichment","blocked_until_enriched","amelie s collection"
"ddp_af0930fb","Ameon","Hipicon","https://www.hipicon.com/tr-en/designers","","","","","","","","","","","unverified","pending","unknown","needs_enrichment","blocked_until_enriched","ameon"
"ddp_76fa1a5d","Amour et Naturel","Hipicon","https://www.hipicon.com/tr-en/designers","","","","","","","","","","","unverified","pending","unknown","needs_enrichment","blocked_until_enriched","amour et naturel"
"ddp_63e20bed","AN Olive Oil","Local Makers","https://localmakers.com.tr/pages/makers","","","","","","","","","","","unverified","pending","unknown","needs_enrichment","blocked_until_enriched","an olive oil"
"ddp_1c1bd301","Anais & Margaux","Hipicon","https://www.hipicon.com/tr-en/designers","","","","","","","","","","","unverified","pending","unknown","needs_enrichment","blocked_until_enriched","anais and margaux"
"ddp_06527ff9","ANANAS","Hipicon","https://www.hipicon.com/tr-en/designers","","","","","","","","","","","unverified","pending","unknown","needs_enrichment","blocked_until_enriched","ananas"
"ddp_39f40f7c","ANANAS DESIGN + CRAFTS","NowShopFun","https://nowshopfun.com/pages/brands","","","","","","","","","","","unverified","pending","unknown","needs_enrichment","blocked_until_enriched","ananas desıgn crafts"
"ddp_5909519d","Anastasha Ozlu","Hipicon","https://www.hipicon.com/tr-en/designers","","","","","","","","","","","unverified","pending","unknown","needs_enrichment","blocked_until_enriched","anastasha ozlu"
"ddp_6f1874d6","Anatoline","Hipicon","https://www.hipicon.com/tr-en/designers","","","","","","","","","","","unverified","pending","unknown","needs_enrichment","blocked_until_enriched","anatoline"
"ddp_655003f5","Ancient Greens","Local Makers","https://localmakers.com.tr/pages/makers","","","","","","","","","","","unverified","pending","unknown","needs_enrichment","blocked_until_enriched","ancient greens"
"ddp_d45cb327","Ancient Ruin","Hipicon","https://www.hipicon.com/tr-en/designers","","","","","","","","","","","unverified","pending","unknown","needs_enrichment","blocked_until_enriched","ancient ruin"
"ddp_46b7eec3","And Iconic Art Store","NowShopFun","https://nowshopfun.com/pages/brands","","","","","","","","","","","unverified","pending","unknown","needs_enrichment","blocked_until_enriched","and ıconic art store"
"ddp_50f82a7d","Anda Heal","Hipicon|Local Makers","https://www.hipicon.com/tr-en/designers|https://localmakers.com.tr/pages/makers","","","","","","","","","","","unverified","pending","unknown","needs_enrichment","blocked_until_enriched","anda heal"
"ddp_067e110b","Andsomethings Studio","Hipicon","https://www.hipicon.com/tr-en/designers","","","","","","","","","","","unverified","pending","unknown","needs_enrichment","blocked_until_enriched","andsomethings studio"
"ddp_ef2bb9ea","Ani Kohar Jewelry","Hipicon","https://www.hipicon.com/tr-en/designers","","","","","","","","","","","unverified","pending","unknown","needs_enrichment","blocked_until_enriched","ani kohar jewelry"
"ddp_0bc681e5","Anima Silvae","Hipicon","https://www.hipicon.com/tr-en/designers","","","","","","","","","","","unverified","pending","unknown","needs_enrichment","blocked_until_enriched","anima silvae"
"ddp_5173efbb","AniStudio","Hipicon","https://www.hipicon.com/tr-en/designers","","","","","","","","","","","unverified","pending","unknown","needs_enrichment","blocked_until_enriched","anistudio"
"ddp_56e49a76","AnOther Goods","Hipicon","https://www.hipicon.com/tr-en/designers","","","","","","","","","","","unverified","pending","unknown","needs_enrichment","blocked_until_enriched","another goods"
"ddp_0e1d8d92","Anou Anou Let Life Flow","Hipicon","https://www.hipicon.com/tr-en/designers","","","","","","","","","","","unverified","pending","unknown","needs_enrichment","blocked_until_enriched","anou anou let life flow"
"ddp_70e11841","Ante District","Hipicon","https://www.hipicon.com/tr-en/designers","","","","","","","","","","","unverified","pending","unknown","needs_enrichment","blocked_until_enriched","ante district"
"ddp_6dabad15","Antioch","Hipicon","https://www.hipicon.com/tr-en/designers","","","","","","","","","","","unverified","pending","unknown","needs_enrichment","blocked_until_enriched","antioch"
"ddp_c73bc153","Antioch's Studios","Hipicon|Local Makers","https://www.hipicon.com/tr-en/designers|https://localmakers.com.tr/pages/makers","","","","","","","","","","","unverified","pending","unknown","needs_enrichment","blocked_until_enriched","antioch s studios"
"ddp_a244efd9","Anu Design","Hipicon","https://www.hipicon.com/tr-en/designers","","","","","","","","","","","unverified","pending","unknown","needs_enrichment","blocked_until_enriched","anu design"
"ddp_880c497a","Anya Joy","Hipicon","https://www.hipicon.com/tr-en/designers","","","","","","","","","","","unverified","pending","unknown","needs_enrichment","blocked_until_enriched","anya joy"
"ddp_df525c81","AO Design Studio","Hipicon","https://www.hipicon.com/tr-en/designers","","","","","","","","","","","unverified","pending","unknown","needs_enrichment","blocked_until_enriched","ao design studio"
"ddp_3308f896","Apac.co","Hipicon","https://www.hipicon.com/tr-en/designers","","","","","","","","","","","unverified","pending","unknown","needs_enrichment","blocked_until_enriched","apac co"
"ddp_1e52c3c3","AR PUZZLES","Hipicon","https://www.hipicon.com/tr-en/designers","","","","","","","","","","","unverified","pending","unknown","needs_enrichment","blocked_until_enriched","ar puzzles"
"ddp_ca8100b0","Archtwain","Hipicon","https://www.hipicon.com/tr-en/designers","","","","","","","","","","","unverified","pending","unknown","needs_enrichment","blocked_until_enriched","archtwain"
"ddp_9ddf9969","Archura","Hipicon","https://www.hipicon.com/tr-en/designers","","","","","","","","","","","unverified","pending","unknown","needs_enrichment","blocked_until_enriched","archura"
"ddp_ab2756fe","Arcosta","NowShopFun","https://nowshopfun.com/pages/brands","","","","","","","","","","","unverified","pending","unknown","needs_enrichment","blocked_until_enriched","arcosta"
"ddp_513d09f0","Arcyou Design","Hipicon","https://www.hipicon.com/tr-en/designers","","","","","","","","","","","unverified","pending","unknown","needs_enrichment","blocked_until_enriched","arcyou design"
"ddp_452f640e","Arda Civelek","Hipicon","https://www.hipicon.com/tr-en/designers","","","","","","","","","","","unverified","pending","unknown","needs_enrichment","blocked_until_enriched","arda civelek"
"ddp_3ce6bfd0","Arete Design","Hiandco","https://www.hiandco.tr/markalar","","","","","","","","","","","unverified","pending","unknown","needs_enrichment","blocked_until_enriched","arete design"
"ddp_9fdf48bf","Arete Design by Egemen Umut Şen","Hipicon","https://www.hipicon.com/tr-en/designers","","","","","","","","","","","unverified","pending","unknown","needs_enrichment","blocked_until_enriched","arete design by egemen umut sen"
"ddp_52468c18","ARINNI","Hipicon","https://www.hipicon.com/tr-en/designers","","","","","","","","","","","unverified","pending","unknown","needs_enrichment","blocked_until_enriched","arınnı"
"ddp_5fbfdbd7","Arienel","Hipicon","https://www.hipicon.com/tr-en/designers","","","","","","","","","","","unverified","pending","unknown","needs_enrichment","blocked_until_enriched","arienel"
"ddp_579e72ae","Ark+Art","Hipicon","https://www.hipicon.com/tr-en/designers","","","","","","","","","","","unverified","pending","unknown","needs_enrichment","blocked_until_enriched","ark art"
"ddp_b7baeee8","Arkhe Jewelry Design","Hipicon","https://www.hipicon.com/tr-en/designers","","","","","","","","","","","unverified","pending","unknown","needs_enrichment","blocked_until_enriched","arkhe jewelry design"
"ddp_de584252","Aromatica","Hipicon","https://www.hipicon.com/tr-en/designers","","","","","","","","","","","unverified","pending","unknown","needs_enrichment","blocked_until_enriched","aromatica"
"ddp_d2bbea16","Aromatics Essence","Hipicon","https://www.hipicon.com/tr-en/designers","","","","","","","","","","","unverified","pending","unknown","needs_enrichment","blocked_until_enriched","aromatics essence"
"ddp_7fc40f80","Arotolia","Local Makers","https://localmakers.com.tr/pages/makers","","","","","","","","","","","unverified","pending","unknown","needs_enrichment","blocked_until_enriched","arotolia"
"ddp_bed2118c","Around","Hipicon|NowShopFun","https://www.hipicon.com/tr-en/designers|https://nowshopfun.com/pages/brands","","","","","","","","","","","unverified","pending","unknown","needs_enrichment","blocked_until_enriched","around"
"ddp_8d6e9782","Art Light","Hipicon","https://www.hipicon.com/tr-en/designers","","","","","","","","","","","unverified","pending","unknown","needs_enrichment","blocked_until_enriched","art light"
"ddp_a7f9b37f","Art Project İstanbul","Hipicon","https://www.hipicon.com/tr-en/designers","","","","","","","","","","","unverified","pending","unknown","needs_enrichment","blocked_until_enriched","art project istanbul"
"ddp_8630dd58","Arte Ilay","NowShopFun","https://nowshopfun.com/pages/brands","","","","","","","","","","","unverified","pending","unknown","needs_enrichment","blocked_until_enriched","arte ılay"
"ddp_bc5790d8","Artemide","Hipicon|NowShopFun","https://www.hipicon.com/tr-en/designers|https://nowshopfun.com/pages/brands","","","","","","","","","","","unverified","pending","unknown","needs_enrichment","blocked_until_enriched","artemide"
"ddp_5e122bc0","Artenzi","Hipicon","https://www.hipicon.com/tr-en/designers","","","","","","","","","","","unverified","pending","unknown","needs_enrichment","blocked_until_enriched","artenzi"
"ddp_cec0752a","ARTEO HANDMADE","Local Makers","https://localmakers.com.tr/pages/makers","","","","","","","","","","","unverified","pending","unknown","needs_enrichment","blocked_until_enriched","arteo handmade"
"ddp_bbf2ad81","Arteziahn","Hipicon","https://www.hipicon.com/tr-en/designers","","","","","","","","","","","unverified","pending","unknown","needs_enrichment","blocked_until_enriched","arteziahn"
"ddp_be5b7468","Arthea","Hipicon","https://www.hipicon.com/tr-en/designers","","","","","","","","","","","unverified","pending","unknown","needs_enrichment","blocked_until_enriched","arthea"
"ddp_0c9016e9","Artiera","Hipicon","https://www.hipicon.com/tr-en/designers","","","","","","","","","","","unverified","pending","unknown","needs_enrichment","blocked_until_enriched","artiera"
"ddp_c7f8329d","Artika Design","NowShopFun","https://nowshopfun.com/pages/brands","","","","","","","","","","","unverified","pending","unknown","needs_enrichment","blocked_until_enriched","artika design"
"ddp_c0e3c5e5","Arven's World by Aylin Işıklı","Hipicon","https://www.hipicon.com/tr-en/designers","","","","","","","","","","","unverified","pending","unknown","needs_enrichment","blocked_until_enriched","arven s world by aylin ısıklı"
"ddp_3466f8ef","ARVN Jewellery","Hipicon","https://www.hipicon.com/tr-en/designers","","","","","","","","","","","unverified","pending","unknown","needs_enrichment","blocked_until_enriched","arvn jewellery"
"ddp_7ecb26ff","Arzu Arslan Ceramics","Hiandco","https://www.hiandco.tr/markalar","","","","","","","","","","","unverified","pending","unknown","needs_enrichment","blocked_until_enriched","arzu arslan ceramics"
"ddp_6225f422","ASA Selection","Hipicon","https://www.hipicon.com/tr-en/designers","","","","","","","","","","","unverified","pending","unknown","needs_enrichment","blocked_until_enriched","asa selection"
"ddp_2c978ae0","Asırlıq","Hipicon","https://www.hipicon.com/tr-en/designers","","","","","","","","","","","unverified","pending","unknown","needs_enrichment","blocked_until_enriched","asırlıq"
"ddp_65332bae","Aslı Sayan","Hipicon","https://www.hipicon.com/tr-en/designers","","","","","","","","","","","unverified","pending","unknown","needs_enrichment","blocked_until_enriched","aslı sayan"
"ddp_5f5be652","Aslı Yarış","Hipicon","https://www.hipicon.com/tr-en/designers","","","","","","","","","","","unverified","pending","unknown","needs_enrichment","blocked_until_enriched","aslı yarıs"
"ddp_a252480f","Aslında","Hipicon","https://www.hipicon.com/tr-en/designers","","","","","","","","","","","unverified","pending","unknown","needs_enrichment","blocked_until_enriched","aslında"
"ddp_3354e16e","Assemblage Studios","Hipicon","https://www.hipicon.com/tr-en/designers","","","","","","","","","","","unverified","pending","unknown","needs_enrichment","blocked_until_enriched","assemblage studios"
"ddp_3d7e45d6","Asu Baby&Kids","Hipicon","https://www.hipicon.com/tr-en/designers","","","","","","","","","","","unverified","pending","unknown","needs_enrichment","blocked_until_enriched","asu baby and kids"
"ddp_aeaba89c","Asuman","Hipicon","https://www.hipicon.com/tr-en/designers","","","","","","","","","","","unverified","pending","unknown","needs_enrichment","blocked_until_enriched","asuman"
"ddp_0ebca31b","Atelier Babbi","Hipicon","https://www.hipicon.com/tr-en/designers","","","","","","","","","","","unverified","pending","unknown","needs_enrichment","blocked_until_enriched","atelier babbi"
"ddp_830f339f","Atelier Bavaria","Hipicon","https://www.hipicon.com/tr-en/designers","","","","","","","","","","","unverified","pending","unknown","needs_enrichment","blocked_until_enriched","atelier bavaria"
"ddp_9e51431f","Atelier Biiz","Local Makers","https://localmakers.com.tr/pages/makers","","","","","","","","","","","unverified","pending","unknown","needs_enrichment","blocked_until_enriched","atelier biiz"
"ddp_d0a1f843","Atelier Bomonti","Hipicon","https://www.hipicon.com/tr-en/designers","","","","","","","","","","","unverified","pending","unknown","needs_enrichment","blocked_until_enriched","atelier bomonti"
"ddp_897012c8","Atelier By Baby","Hipicon","https://www.hipicon.com/tr-en/designers","","","","","","","","","","","unverified","pending","unknown","needs_enrichment","blocked_until_enriched","atelier by baby"
"ddp_fdff3c7d","Atelier Cemo","Hipicon","https://www.hipicon.com/tr-en/designers","","","","","","","","","","","unverified","pending","unknown","needs_enrichment","blocked_until_enriched","atelier cemo"
"ddp_298e06f9","Atelier Dma","Hipicon","https://www.hipicon.com/tr-en/designers","","","","","","","","","","","unverified","pending","unknown","needs_enrichment","blocked_until_enriched","atelier dma"
"ddp_038e2ab3","Atelier Emine","Hiandco","https://www.hiandco.tr/markalar","","","","","","","","","","","unverified","pending","unknown","needs_enrichment","blocked_until_enriched","atelier emine"
"ddp_f2ad7210","Atelier Galin","Hipicon","https://www.hipicon.com/tr-en/designers","","","","","","","","","","","unverified","pending","unknown","needs_enrichment","blocked_until_enriched","atelier galin"
"ddp_b602c270","Atelier Havvana","Hipicon","https://www.hipicon.com/tr-en/designers","","","","","","","","","","","unverified","pending","unknown","needs_enrichment","blocked_until_enriched","atelier havvana"
"ddp_7e1752c4","Atelier Hôl","Hiandco","https://www.hiandco.tr/markalar","","","","","","","","","","","unverified","pending","unknown","needs_enrichment","blocked_until_enriched","atelier hol"
"ddp_1f7a2e0c","Atelier Krebs","Hipicon","https://www.hipicon.com/tr-en/designers","","","","","","","","","","","unverified","pending","unknown","needs_enrichment","blocked_until_enriched","atelier krebs"
"ddp_4a147d74","Atelier Lanazir","Hipicon","https://www.hipicon.com/tr-en/designers","","","","","","","","","","","unverified","pending","unknown","needs_enrichment","blocked_until_enriched","atelier lanazir"
"ddp_a4371926","Atelier Manje","Hipicon","https://www.hipicon.com/tr-en/designers","","","","","","","","","","","unverified","pending","unknown","needs_enrichment","blocked_until_enriched","atelier manje"
"ddp_ed601214","Atelier Mein","Local Makers","https://localmakers.com.tr/pages/makers","","","","","","","","","","","unverified","pending","unknown","needs_enrichment","blocked_until_enriched","atelier mein"
"ddp_84af99fe","Atelier Melange","Hipicon","https://www.hipicon.com/tr-en/designers","","","","","","","","","","","unverified","pending","unknown","needs_enrichment","blocked_until_enriched","atelier melange"
"ddp_4d460a27","Atelier Mignon","Hipicon","https://www.hipicon.com/tr-en/designers","","","","","","","","","","","unverified","pending","unknown","needs_enrichment","blocked_until_enriched","atelier mignon"
"ddp_4c3219ba","Atelier Ozz","Hipicon|Hiandco|NowShopFun","https://www.hipicon.com/tr-en/designers|https://www.hiandco.tr/markalar|https://nowshopfun.com/pages/brands","","","","","","","","","","","unverified","pending","unknown","needs_enrichment","blocked_until_enriched","atelier ozz"
"ddp_e743480d","Atelier Petites Pierres","Hipicon","https://www.hipicon.com/tr-en/designers","","","","","","","","","","","unverified","pending","unknown","needs_enrichment","blocked_until_enriched","atelier petites pierres"
"ddp_f87cda34","Atelier Simurg","Hipicon","https://www.hipicon.com/tr-en/designers","","","","","","","","","","","unverified","pending","unknown","needs_enrichment","blocked_until_enriched","atelier simurg"
"ddp_98aefcd8","Atelieriz","Hipicon","https://www.hipicon.com/tr-en/designers","","","","","","","","","","","unverified","pending","unknown","needs_enrichment","blocked_until_enriched","atelieriz"
"ddp_c0cc44c4","Atelio Home","NowShopFun","https://nowshopfun.com/pages/brands","","","","","","","","","","","unverified","pending","unknown","needs_enrichment","blocked_until_enriched","atelio home"
"ddp_d28fcd97","Ater Design","Hipicon","https://www.hipicon.com/tr-en/designers","","","","","","","","","","","unverified","pending","unknown","needs_enrichment","blocked_until_enriched","ater design"
"ddp_b8913f1c","Atok Jewelry","Hipicon","https://www.hipicon.com/tr-en/designers","","","","","","","","","","","unverified","pending","unknown","needs_enrichment","blocked_until_enriched","atok jewelry"
"ddp_366127d6","Atolye Do","Hipicon|Hiandco|NowShopFun","https://www.hipicon.com/tr-en/designers|https://www.hiandco.tr/markalar|https://nowshopfun.com/pages/brands","","","","","","","","","","","unverified","pending","unknown","needs_enrichment","blocked_until_enriched","atolye do"
"ddp_205c8806","Atolye Fü","Hipicon","https://www.hipicon.com/tr-en/designers","","","","","","","","","","","unverified","pending","unknown","needs_enrichment","blocked_until_enriched","atolye fu"
"ddp_aca89e64","Atolye Store","Hipicon|NowShopFun","https://www.hipicon.com/tr-en/designers|https://nowshopfun.com/pages/brands","","","","","","","","","","","unverified","pending","unknown","needs_enrichment","blocked_until_enriched","atolye store"
"ddp_36253a9b","Atölye Atlas Ceramics","Hipicon","https://www.hipicon.com/tr-en/designers","","","","","","","","","","","unverified","pending","unknown","needs_enrichment","blocked_until_enriched","atolye atlas ceramics"
"ddp_ab27928f","Atölye Başka","Hipicon","https://www.hipicon.com/tr-en/designers","","","","","","","","","","","unverified","pending","unknown","needs_enrichment","blocked_until_enriched","atolye baska"
"ddp_d240d8fa","Atölye Bisküvi","Hiandco","https://www.hiandco.tr/markalar","","","","","","","","","","","unverified","pending","unknown","needs_enrichment","blocked_until_enriched","atolye biskuvi"
"ddp_cf658157","Atölye İnce İşler","Hipicon","https://www.hipicon.com/tr-en/designers","","","","","","","","","","","unverified","pending","unknown","needs_enrichment","blocked_until_enriched","atolye ince isler"
"ddp_4d3a7785","Atölye Karneol","Hipicon","https://www.hipicon.com/tr-en/designers","","","","","","","","","","","unverified","pending","unknown","needs_enrichment","blocked_until_enriched","atolye karneol"
"ddp_683d3088","Atölye Kürün","Hipicon|Hiandco","https://www.hipicon.com/tr-en/designers|https://www.hiandco.tr/markalar","","","","","","","","","","","unverified","pending","unknown","needs_enrichment","blocked_until_enriched","atolye kurun"
"ddp_1c4d7730","Atölye Lu","Hipicon","https://www.hipicon.com/tr-en/designers","","","","","","","","","","","unverified","pending","unknown","needs_enrichment","blocked_until_enriched","atolye lu"
"ddp_cdf2b9c0","Atölye Lup","Hipicon|Hiandco","https://www.hipicon.com/tr-en/designers|https://www.hiandco.tr/markalar","","","","","","","","","","","unverified","pending","unknown","needs_enrichment","blocked_until_enriched","atolye lup"
"ddp_6ac85eff","Atölye Mısra","Hipicon","https://www.hipicon.com/tr-en/designers","","","","","","","","","","","unverified","pending","unknown","needs_enrichment","blocked_until_enriched","atolye mısra"
"ddp_2a0a6ab2","Atölye Minimalist","Hiandco","https://www.hiandco.tr/markalar","","","","","","","","","","","unverified","pending","unknown","needs_enrichment","blocked_until_enriched","atolye minimalist"
"ddp_6a65fe9e","Atölye Mona","Hiandco","https://www.hiandco.tr/markalar","","","","","","","","","","","unverified","pending","unknown","needs_enrichment","blocked_until_enriched","atolye mona"
"ddp_1b77498b","Atölye SIR","Hipicon","https://www.hipicon.com/tr-en/designers","","","","","","","","","","","unverified","pending","unknown","needs_enrichment","blocked_until_enriched","atolye sır"
"ddp_87ab8f82","Audio Pro","Hipicon","https://www.hipicon.com/tr-en/designers","","","","","","","","","","","unverified","pending","unknown","needs_enrichment","blocked_until_enriched","audio pro"
"ddp_ca04ed43","Augus Aslan","Hipicon","https://www.hipicon.com/tr-en/designers","","","","","","","","","","","unverified","pending","unknown","needs_enrichment","blocked_until_enriched","augus aslan"
"ddp_427a64e7","Auntie Me","Hipicon","https://www.hipicon.com/tr-en/designers","","","","","","","","","","","unverified","pending","unknown","needs_enrichment","blocked_until_enriched","auntie me"
"ddp_c03b3ce3","AuraCeramics","Hipicon","https://www.hipicon.com/tr-en/designers","","","","","","","","","","","unverified","pending","unknown","needs_enrichment","blocked_until_enriched","auraceramics"
"ddp_ceade28d","Aurora Co.","Hipicon","https://www.hipicon.com/tr-en/designers","","","","","","","","","","","unverified","pending","unknown","needs_enrichment","blocked_until_enriched","aurora co"
"ddp_3a69782a","Aurora Design by Gözde Çetin","Hipicon","https://www.hipicon.com/tr-en/designers","","","","","","","","","","","unverified","pending","unknown","needs_enrichment","blocked_until_enriched","aurora design by gozde cetin"
"ddp_80a5da99","Aurora Glass","Hipicon","https://www.hipicon.com/tr-en/designers","","","","","","","","","","","unverified","pending","unknown","needs_enrichment","blocked_until_enriched","aurora glass"
"ddp_86308628","Aurs","Hipicon","https://www.hipicon.com/tr-en/designers","","","","","","","","","","","unverified","pending","unknown","needs_enrichment","blocked_until_enriched","aurs"
"ddp_b1671fe1","Ausfahrt34 & Ajma Collaboration","Hipicon","https://www.hipicon.com/tr-en/designers","","","","","","","","","","","unverified","pending","unknown","needs_enrichment","blocked_until_enriched","ausfahrt34 and ajma collaboration"
"ddp_51c23b43","Autoart","Hipicon","https://www.hipicon.com/tr-en/designers","","","","","","","","","","","unverified","pending","unknown","needs_enrichment","blocked_until_enriched","autoart"
"ddp_70252ada","Autoworld","Hipicon","https://www.hipicon.com/tr-en/designers","","","","","","","","","","","unverified","pending","unknown","needs_enrichment","blocked_until_enriched","autoworld"
"ddp_859abbd6","Ava Villain","Hipicon","https://www.hipicon.com/tr-en/designers","","","","","","","","","","","unverified","pending","unknown","needs_enrichment","blocked_until_enriched","ava villain"
"ddp_fac3d219","AVDAN","Hipicon","https://www.hipicon.com/tr-en/designers","","","","","","","","","","","unverified","pending","unknown","needs_enrichment","blocked_until_enriched","avdan"
"ddp_479b17fa","Avdan Kids","Hipicon","https://www.hipicon.com/tr-en/designers","","","","","","","","","","","unverified","pending","unknown","needs_enrichment","blocked_until_enriched","avdan kids"
"ddp_8bcec917","Ave Eva","Hipicon","https://www.hipicon.com/tr-en/designers","","","","","","","","","","","unverified","pending","unknown","needs_enrichment","blocked_until_enriched","ave eva"
"ddp_6df2217d","AVI-8","Hipicon","https://www.hipicon.com/tr-en/designers","","","","","","","","","","","unverified","pending","unknown","needs_enrichment","blocked_until_enriched","avı 8"
"ddp_f3e831cb","Avize Ustası","Hipicon","https://www.hipicon.com/tr-en/designers","","","","","","","","","","","unverified","pending","unknown","needs_enrichment","blocked_until_enriched","avize ustası"
"ddp_cdbe0bb5","Axo Light","NowShopFun","https://nowshopfun.com/pages/brands","","","","","","","","","","","unverified","pending","unknown","needs_enrichment","blocked_until_enriched","axo light"
"ddp_60d1b893","Axolight","Hipicon","https://www.hipicon.com/tr-en/designers","","","","","","","","","","","unverified","pending","unknown","needs_enrichment","blocked_until_enriched","axolight"
"ddp_2ad11929","Ay Aydınlatma Concept","NowShopFun","https://nowshopfun.com/pages/brands","","","","","","","","","","","unverified","pending","unknown","needs_enrichment","blocked_until_enriched","ay aydınlatma concept"
"ddp_245941ea","Aya","Hipicon","https://www.hipicon.com/tr-en/designers","","","","","","","","","","","unverified","pending","unknown","needs_enrichment","blocked_until_enriched","aya"
"ddp_16405aac","Ayanas","Hipicon","https://www.hipicon.com/tr-en/designers","","","","","","","","","","","unverified","pending","unknown","needs_enrichment","blocked_until_enriched","ayanas"
"ddp_c772c147","Aybal Organik","Hipicon","https://www.hipicon.com/tr-en/designers","","","","","","","","","","","unverified","pending","unknown","needs_enrichment","blocked_until_enriched","aybal organik"
"ddp_faa1bf50","Aybar","Hipicon","https://www.hipicon.com/tr-en/designers","","","","","","","","","","","unverified","pending","unknown","needs_enrichment","blocked_until_enriched","aybar"
"ddp_a1af0e16","Ayça Aktimur Design Studio","Hipicon","https://www.hipicon.com/tr-en/designers","","","","","","","","","","","unverified","pending","unknown","needs_enrichment","blocked_until_enriched","ayca aktimur design studio"
"ddp_bd251457","Ayışığı Kolektif","Hipicon","https://www.hipicon.com/tr-en/designers","","","","","","","","","","","unverified","pending","unknown","needs_enrichment","blocked_until_enriched","ayısıgı kolektif"
"ddp_e76ca02e","Ayje","Hipicon","https://www.hipicon.com/tr-en/designers","","","","","","","","","","","unverified","pending","unknown","needs_enrichment","blocked_until_enriched","ayje"
"ddp_32786e38","Ayla Barın Bener","Hipicon","https://www.hipicon.com/tr-en/designers","","","","","","","","","","","unverified","pending","unknown","needs_enrichment","blocked_until_enriched","ayla barın bener"
"ddp_8dd2d540","Ayşe Yüksel Porcelainware","Hipicon","https://www.hipicon.com/tr-en/designers","","","","","","","","","","","unverified","pending","unknown","needs_enrichment","blocked_until_enriched","ayse yuksel porcelainware"
"ddp_9f72a480","Aytürk Couture","Hipicon","https://www.hipicon.com/tr-en/designers","","","","","","","","","","","unverified","pending","unknown","needs_enrichment","blocked_until_enriched","ayturk couture"
"ddp_603d3996","Azure Club Bath & Marine","Hipicon","https://www.hipicon.com/tr-en/designers","","","","","","","","","","","unverified","pending","unknown","needs_enrichment","blocked_until_enriched","azure club bath and marine"
"ddp_00b12fec","B My Stone","Hipicon","https://www.hipicon.com/tr-en/designers","","","","","","","","","","","unverified","pending","unknown","needs_enrichment","blocked_until_enriched","b my stone"
"ddp_0becdb76","B.G.M Home","Hipicon","https://www.hipicon.com/tr-en/designers","","","","","","","","","","","unverified","pending","unknown","needs_enrichment","blocked_until_enriched","b g m home"
"ddp_98d7f062","B'art Design","Hipicon|NowShopFun","https://www.hipicon.com/tr-en/designers|https://nowshopfun.com/pages/brands","","","","","","","","","","","unverified","pending","unknown","needs_enrichment","blocked_until_enriched","b art design"
"ddp_20352406","B'Ceramics","Hipicon","https://www.hipicon.com/tr-en/designers","","","","","","","","","","","unverified","pending","unknown","needs_enrichment","blocked_until_enriched","b ceramics"
"ddp_ac909283","B8 Studio","Hipicon","https://www.hipicon.com/tr-en/designers","","","","","","","","","","","unverified","pending","unknown","needs_enrichment","blocked_until_enriched","b8 studio"
"ddp_3833d97c","Babashalvar","Hipicon","https://www.hipicon.com/tr-en/designers","","","","","","","","","","","unverified","pending","unknown","needs_enrichment","blocked_until_enriched","babashalvar"
"ddp_00fb63c9","Baby Fée","Hipicon","https://www.hipicon.com/tr-en/designers","","","","","","","","","","","unverified","pending","unknown","needs_enrichment","blocked_until_enriched","baby fee"
"ddp_74f4dc15","BabyBEK","Hipicon","https://www.hipicon.com/tr-en/designers","","","","","","","","","","","unverified","pending","unknown","needs_enrichment","blocked_until_enriched","babybek"
"ddp_24f78d85","Babycord","Hipicon","https://www.hipicon.com/tr-en/designers","","","","","","","","","","","unverified","pending","unknown","needs_enrichment","blocked_until_enriched","babycord"
"ddp_86bd049f","Babywulf","Hipicon","https://www.hipicon.com/tr-en/designers","","","","","","","","","","","unverified","pending","unknown","needs_enrichment","blocked_until_enriched","babywulf"
"ddp_ca1178c5","Bade Erol Studio","Hipicon|NowShopFun","https://www.hipicon.com/tr-en/designers|https://nowshopfun.com/pages/brands","","","","","","","","","","","unverified","pending","unknown","needs_enrichment","blocked_until_enriched","bade erol studio"
"ddp_f61752cf","Badecanlar Şefkatli Kozmetik","Local Makers","https://localmakers.com.tr/pages/makers","","","","","","","","","","","unverified","pending","unknown","needs_enrichment","blocked_until_enriched","badecanlar sefkatli kozmetik"
"ddp_431550dd","BAEL ISTANBUL","Local Makers","https://localmakers.com.tr/pages/makers","","","","","","","","","","","unverified","pending","unknown","needs_enrichment","blocked_until_enriched","bael ıstanbul"
"ddp_0356c7e5","Bael İstanbul","Hipicon","https://www.hipicon.com/tr-en/designers","","","","","","","","","","","unverified","pending","unknown","needs_enrichment","blocked_until_enriched","bael istanbul"
"ddp_25810374","Bag The Joy","Hipicon","https://www.hipicon.com/tr-en/designers","","","","","","","","","","","unverified","pending","unknown","needs_enrichment","blocked_until_enriched","bag the joy"
"ddp_24bcaaf5","Bagh Collection","Hipicon","https://www.hipicon.com/tr-en/designers","","","","","","","","","","","unverified","pending","unknown","needs_enrichment","blocked_until_enriched","bagh collection"
"ddp_62d10ed5","Bahar Aydınlatma","Hipicon","https://www.hipicon.com/tr-en/designers","","","","","","","","","","","unverified","pending","unknown","needs_enrichment","blocked_until_enriched","bahar aydınlatma"
"ddp_26e12c34","Bakır İstanbul","Hipicon","https://www.hipicon.com/tr-en/designers","","","","","","","","","","","unverified","pending","unknown","needs_enrichment","blocked_until_enriched","bakır istanbul"
"ddp_ed6094e3","Baleint Costumes & More","Hipicon","https://www.hipicon.com/tr-en/designers","","","","","","","","","","","unverified","pending","unknown","needs_enrichment","blocked_until_enriched","baleint costumes and more"
"ddp_5c98515e","Bali Decor","Hipicon","https://www.hipicon.com/tr-en/designers","","","","","","","","","","","unverified","pending","unknown","needs_enrichment","blocked_until_enriched","bali decor"
"ddp_0d43e012","Bali Home","Hipicon","https://www.hipicon.com/tr-en/designers","","","","","","","","","","","unverified","pending","unknown","needs_enrichment","blocked_until_enriched","bali home"
"ddp_1f45f2ed","BalinMandalin","Hipicon","https://www.hipicon.com/tr-en/designers","","","","","","","","","","","unverified","pending","unknown","needs_enrichment","blocked_until_enriched","balinmandalin"
"ddp_53a5b996","Ballstad","Hipicon","https://www.hipicon.com/tr-en/designers","","","","","","","","","","","unverified","pending","unknown","needs_enrichment","blocked_until_enriched","ballstad"
"ddp_e23d61d6","Balme","Hipicon","https://www.hipicon.com/tr-en/designers","","","","","","","","","","","unverified","pending","unknown","needs_enrichment","blocked_until_enriched","balme"
"ddp_df5277d5","Balux","Hiandco|NowShopFun","https://www.hiandco.tr/markalar|https://nowshopfun.com/pages/brands","","","","","","","","","","","unverified","pending","unknown","needs_enrichment","blocked_until_enriched","balux"
"ddp_03a24c13","Balzac Cashmeres","Hipicon","https://www.hipicon.com/tr-en/designers","","","","","","","","","","","unverified","pending","unknown","needs_enrichment","blocked_until_enriched","balzac cashmeres"
"ddp_b37e041e","Banu Ertok","Hipicon","https://www.hipicon.com/tr-en/designers","","","","","","","","","","","unverified","pending","unknown","needs_enrichment","blocked_until_enriched","banu ertok"
"ddp_bf5f8e6f","Banwood","Hipicon","https://www.hipicon.com/tr-en/designers","","","","","","","","","","","unverified","pending","unknown","needs_enrichment","blocked_until_enriched","banwood"
"ddp_bdb325e0","Bapubags","Hipicon","https://www.hipicon.com/tr-en/designers","","","","","","","","","","","unverified","pending","unknown","needs_enrichment","blocked_until_enriched","bapubags"
"ddp_b3b446c0","Barine","Hipicon","https://www.hipicon.com/tr-en/designers","","","","","","","","","","","unverified","pending","unknown","needs_enrichment","blocked_until_enriched","barine"
"ddp_5f8b6492","Baron Venus","Hipicon","https://www.hipicon.com/tr-en/designers","","","","","","","","","","","unverified","pending","unknown","needs_enrichment","blocked_until_enriched","baron venus"
"ddp_755ea954","Barvore","Hipicon","https://www.hipicon.com/tr-en/designers","","","","","","","","","","","unverified","pending","unknown","needs_enrichment","blocked_until_enriched","barvore"
"ddp_4f1e00b0","Basic and Bold Design Company","Hipicon","https://www.hipicon.com/tr-en/designers","","","","","","","","","","","unverified","pending","unknown","needs_enrichment","blocked_until_enriched","basic and bold design company"
"ddp_b2a6160a","Basic Jewel","Hipicon","https://www.hipicon.com/tr-en/designers","","","","","","","","","","","unverified","pending","unknown","needs_enrichment","blocked_until_enriched","basic jewel"
"ddp_ba034f50","Basics on Hand","Hipicon","https://www.hipicon.com/tr-en/designers","","","","","","","","","","","unverified","pending","unknown","needs_enrichment","blocked_until_enriched","basics on hand"
"ddp_e8196c98","Bassigue","Hipicon","https://www.hipicon.com/tr-en/designers","","","","","","","","","","","unverified","pending","unknown","needs_enrichment","blocked_until_enriched","bassigue"
"ddp_097882a2","Başak Ceylaner","Hiandco","https://www.hiandco.tr/markalar","","","","","","","","","","","unverified","pending","unknown","needs_enrichment","blocked_until_enriched","basak ceylaner"
"ddp_88b5fc0f","Başata Concept","Hipicon","https://www.hipicon.com/tr-en/designers","","","","","","","","","","","unverified","pending","unknown","needs_enrichment","blocked_until_enriched","basata concept"
"ddp_0b2d1665","BATTS","Hipicon","https://www.hipicon.com/tr-en/designers","","","","","","","","","","","unverified","pending","unknown","needs_enrichment","blocked_until_enriched","batts"
"ddp_8b1fce4c","Bayemeyc","Hipicon","https://www.hipicon.com/tr-en/designers","","","","","","","","","","","unverified","pending","unknown","needs_enrichment","blocked_until_enriched","bayemeyc"
"ddp_6eb77082","Baz","Hipicon","https://www.hipicon.com/tr-en/designers","","","","","","","","","","","unverified","pending","unknown","needs_enrichment","blocked_until_enriched","baz"
"ddp_f1ddf925","Bazaaranka","Hipicon","https://www.hipicon.com/tr-en/designers","","","","","","","","","","","unverified","pending","unknown","needs_enrichment","blocked_until_enriched","bazaaranka"
"ddp_b6e3ef51","Be Friends","Hipicon","https://www.hipicon.com/tr-en/designers","","","","","","","","","","","unverified","pending","unknown","needs_enrichment","blocked_until_enriched","be friends"
"ddp_a8ef7413","Be Home Studio","Hipicon","https://www.hipicon.com/tr-en/designers","","","","","","","","","","","unverified","pending","unknown","needs_enrichment","blocked_until_enriched","be home studio"
"ddp_e6cd8d9b","Be Mine Design","Hipicon","https://www.hipicon.com/tr-en/designers","","","","","","","","","","","unverified","pending","unknown","needs_enrichment","blocked_until_enriched","be mine design"
"ddp_d1b662c6","Beaba","Hipicon","https://www.hipicon.com/tr-en/designers","","","","","","","","","","","unverified","pending","unknown","needs_enrichment","blocked_until_enriched","beaba"
"ddp_24f42f61","Beady Cherry","Hipicon","https://www.hipicon.com/tr-en/designers","","","","","","","","","","","unverified","pending","unknown","needs_enrichment","blocked_until_enriched","beady cherry"
"ddp_1334c02f","Beafrag","Hipicon","https://www.hipicon.com/tr-en/designers","","","","","","","","","","","unverified","pending","unknown","needs_enrichment","blocked_until_enriched","beafrag"
"ddp_040152cf","Bealt Studio","Hipicon","https://www.hipicon.com/tr-en/designers","","","","","","","","","","","unverified","pending","unknown","needs_enrichment","blocked_until_enriched","bealt studio"
"ddp_762843f4","Beanie Fun","Hipicon","https://www.hipicon.com/tr-en/designers","","","","","","","","","","","unverified","pending","unknown","needs_enrichment","blocked_until_enriched","beanie fun"
"ddp_6fbc2c7d","Beany Beady","Hipicon","https://www.hipicon.com/tr-en/designers","","","","","","","","","","","unverified","pending","unknown","needs_enrichment","blocked_until_enriched","beany beady"
"ddp_206960e0","Beautenica","Hipicon","https://www.hipicon.com/tr-en/designers","","","","","","","","","","","unverified","pending","unknown","needs_enrichment","blocked_until_enriched","beautenica"
"ddp_72698766","Beauty Bites","Hipicon","https://www.hipicon.com/tr-en/designers","","","","","","","","","","","unverified","pending","unknown","needs_enrichment","blocked_until_enriched","beauty bites"
"ddp_d0a13ebd","Beauty of the House","Hipicon","https://www.hipicon.com/tr-en/designers","","","","","","","","","","","unverified","pending","unknown","needs_enrichment","blocked_until_enriched","beauty of the house"
"ddp_57bd8266","Beauty Pillow","Hipicon","https://www.hipicon.com/tr-en/designers","","","","","","","","","","","unverified","pending","unknown","needs_enrichment","blocked_until_enriched","beauty pillow"
"ddp_fea5ab5d","Bebesense","Hipicon","https://www.hipicon.com/tr-en/designers","","","","","","","","","","","unverified","pending","unknown","needs_enrichment","blocked_until_enriched","bebesense"
"ddp_a156edb6","Beck","Hipicon","https://www.hipicon.com/tr-en/designers","","","","","","","","","","","unverified","pending","unknown","needs_enrichment","blocked_until_enriched","beck"
"ddp_96068c14","Bed and Beyond","Hipicon","https://www.hipicon.com/tr-en/designers","","","","","","","","","","","unverified","pending","unknown","needs_enrichment","blocked_until_enriched","bed and beyond"
"ddp_bc3e2d82","BEE INTERIORS","NowShopFun","https://nowshopfun.com/pages/brands","","","","","","","","","","","unverified","pending","unknown","needs_enrichment","blocked_until_enriched","bee ınterıors"
"ddp_162e7d47","Beeandu","Hipicon","https://www.hipicon.com/tr-en/designers","","","","","","","","","","","unverified","pending","unknown","needs_enrichment","blocked_until_enriched","beeandu"
"ddp_c51b360c","Beetle Beez","Hipicon","https://www.hipicon.com/tr-en/designers","","","","","","","","","","","unverified","pending","unknown","needs_enrichment","blocked_until_enriched","beetle beez"
"ddp_9efcc378","BeeYouBee CIVAJO","Hipicon","https://www.hipicon.com/tr-en/designers","","","","","","","","","","","unverified","pending","unknown","needs_enrichment","blocked_until_enriched","beeyoubee cıvajo"
"ddp_445e4940","Begart Design","Hipicon","https://www.hipicon.com/tr-en/designers","","","","","","","","","","","unverified","pending","unknown","needs_enrichment","blocked_until_enriched","begart design"
"ddp_4f48933a","Begeli Ceramics and More","Hipicon","https://www.hipicon.com/tr-en/designers","","","","","","","","","","","unverified","pending","unknown","needs_enrichment","blocked_until_enriched","begeli ceramics and more"
"ddp_c6bdf3e8","Begler","Hipicon","https://www.hipicon.com/tr-en/designers","","","","","","","","","","","unverified","pending","unknown","needs_enrichment","blocked_until_enriched","begler"
"ddp_3259bf25","Behringer","Hipicon","https://www.hipicon.com/tr-en/designers","","","","","","","","","","","unverified","pending","unknown","needs_enrichment","blocked_until_enriched","behringer"
"ddp_694c10c3","BEISA","Hipicon","https://www.hipicon.com/tr-en/designers","","","","","","","","","","","unverified","pending","unknown","needs_enrichment","blocked_until_enriched","beısa"
"ddp_38540573","Beige","Hipicon","https://www.hipicon.com/tr-en/designers","","","","","","","","","","","unverified","pending","unknown","needs_enrichment","blocked_until_enriched","beige"
"ddp_fa0be81b","Beige & Stone","Hipicon","https://www.hipicon.com/tr-en/designers","","","","","","","","","","","unverified","pending","unknown","needs_enrichment","blocked_until_enriched","beige and stone"
"ddp_5c3867a2","beije","Local Makers","https://localmakers.com.tr/pages/makers","","","","","","","","","","","unverified","pending","unknown","needs_enrichment","blocked_until_enriched","beije"
"ddp_b72d9ccc","Beincoe","Hipicon|Local Makers|Hiandco","https://www.hipicon.com/tr-en/designers|https://localmakers.com.tr/pages/makers|https://www.hiandco.tr/markalar","","","","","","","","","","","unverified","pending","unknown","needs_enrichment","blocked_until_enriched","beincoe"
"ddp_4fb9bac0","Bej Marble & Design","NowShopFun","https://nowshopfun.com/pages/brands","","","","","","","","","","","unverified","pending","unknown","needs_enrichment","blocked_until_enriched","bej marble and design"
"ddp_ae4c1cbb","Bej Marble Design","Local Makers","https://localmakers.com.tr/pages/makers","","","","","","","","","","","unverified","pending","unknown","needs_enrichment","blocked_until_enriched","bej marble design"
"ddp_9f12bbb5","Bekaliving","Hipicon","https://www.hipicon.com/tr-en/designers","","","","","","","","","","","unverified","pending","unknown","needs_enrichment","blocked_until_enriched","bekaliving"
"ddp_8a8c5fe1","Bekiru","Hipicon","https://www.hipicon.com/tr-en/designers","","","","","","","","","","","unverified","pending","unknown","needs_enrichment","blocked_until_enriched","bekiru"
"ddp_d0562a21","Beksa Konsept","Hipicon|NowShopFun","https://www.hipicon.com/tr-en/designers|https://nowshopfun.com/pages/brands","","","","","","","","","","","unverified","pending","unknown","needs_enrichment","blocked_until_enriched","beksa konsept"
"ddp_e91d02c4","Belf Design","Hiandco","https://www.hiandco.tr/markalar","","","","","","","","","","","unverified","pending","unknown","needs_enrichment","blocked_until_enriched","belf design"
"ddp_a5d14c45","Bellis Activewear","Hipicon","https://www.hipicon.com/tr-en/designers","","","","","","","","","","","unverified","pending","unknown","needs_enrichment","blocked_until_enriched","bellis activewear"
"ddp_578f9f53","Bellt Company","Hipicon","https://www.hipicon.com/tr-en/designers","","","","","","","","","","","unverified","pending","unknown","needs_enrichment","blocked_until_enriched","bellt company"
"ddp_dc583f2b","Belongs To Her","Hipicon","https://www.hipicon.com/tr-en/designers","","","","","","","","","","","unverified","pending","unknown","needs_enrichment","blocked_until_enriched","belongs to her"
"ddp_ca45be1b","Ben & Anna","Hipicon","https://www.hipicon.com/tr-en/designers","","","","","","","","","","","unverified","pending","unknown","needs_enrichment","blocked_until_enriched","ben and anna"
"ddp_9a4ae2b3","Benton","Hipicon","https://www.hipicon.com/tr-en/designers","","","","","","","","","","","unverified","pending","unknown","needs_enrichment","blocked_until_enriched","benton"
"ddp_5bae583d","beo.","Hipicon","https://www.hipicon.com/tr-en/designers","","","","","","","","","","","unverified","pending","unknown","needs_enrichment","blocked_until_enriched","beo"
"ddp_816ebb27","Beq Studio","Hipicon","https://www.hipicon.com/tr-en/designers","","","","","","","","","","","unverified","pending","unknown","needs_enrichment","blocked_until_enriched","beq studio"
"ddp_fbd5d14d","BeQita","Hipicon|NowShopFun","https://www.hipicon.com/tr-en/designers|https://nowshopfun.com/pages/brands","","","","","","","","","","","unverified","pending","unknown","needs_enrichment","blocked_until_enriched","beqita"
"ddp_44fabc17","Bergamo Zeytinyağı","Hipicon","https://www.hipicon.com/tr-en/designers","","","","","","","","","","","unverified","pending","unknown","needs_enrichment","blocked_until_enriched","bergamo zeytinyagı"
"ddp_fcc47fc1","Beril Kın Design","Hipicon","https://www.hipicon.com/tr-en/designers","","","","","","","","","","","unverified","pending","unknown","needs_enrichment","blocked_until_enriched","beril kın design"
"ddp_da89a77f","Berkiddo","Hipicon","https://www.hipicon.com/tr-en/designers","","","","","","","","","","","unverified","pending","unknown","needs_enrichment","blocked_until_enriched","berkiddo"
"ddp_be27969e","Berlins Ceramic","Local Makers","https://localmakers.com.tr/pages/makers","","","","","","","","","","","unverified","pending","unknown","needs_enrichment","blocked_until_enriched","berlins ceramic"
"ddp_4f5dc8d2","Berrin Özkan","Hipicon","https://www.hipicon.com/tr-en/designers","","","","","","","","","","","unverified","pending","unknown","needs_enrichment","blocked_until_enriched","berrin ozkan"
"ddp_8ee01b47","Bertola Home Studio","Hipicon","https://www.hipicon.com/tr-en/designers","","","","","","","","","","","unverified","pending","unknown","needs_enrichment","blocked_until_enriched","bertola home studio"
"ddp_1ab44ab4","BesArt Tablo Ve Dekor","Hipicon","https://www.hipicon.com/tr-en/designers","","","","","","","","","","","unverified","pending","unknown","needs_enrichment","blocked_until_enriched","besart tablo ve dekor"
"ddp_a15c249d","Beste Gürel","Hipicon","https://www.hipicon.com/tr-en/designers","","","","","","","","","","","unverified","pending","unknown","needs_enrichment","blocked_until_enriched","beste gurel"
"ddp_77fdefec","Betham Design","Hipicon","https://www.hipicon.com/tr-en/designers","","","","","","","","","","","unverified","pending","unknown","needs_enrichment","blocked_until_enriched","betham design"
"ddp_6380fa2b","Betoniq Gusto","Hipicon","https://www.hipicon.com/tr-en/designers","","","","","","","","","","","unverified","pending","unknown","needs_enrichment","blocked_until_enriched","betoniq gusto"
"ddp_30dff0ca","Betz Ceramic","Hipicon","https://www.hipicon.com/tr-en/designers","","","","","","","","","","","unverified","pending","unknown","needs_enrichment","blocked_until_enriched","betz ceramic"
"ddp_2e02980e","Bia Swimwear","Hipicon","https://www.hipicon.com/tr-en/designers","","","","","","","","","","","unverified","pending","unknown","needs_enrichment","blocked_until_enriched","bia swimwear"
"ddp_c2e9fedf","Bialetti","Hipicon","https://www.hipicon.com/tr-en/designers","","","","","","","","","","","unverified","pending","unknown","needs_enrichment","blocked_until_enriched","bialetti"
"ddp_3fddd7ba","Bianca Mobilya","NowShopFun","https://nowshopfun.com/pages/brands","","","","","","","","","","","unverified","pending","unknown","needs_enrichment","blocked_until_enriched","bianca mobilya"
"ddp_a2489793","Bibs","Hipicon","https://www.hipicon.com/tr-en/designers","","","","","","","","","","","unverified","pending","unknown","needs_enrichment","blocked_until_enriched","bibs"
"ddp_a12ad2f3","Bige Kır Ceramics","Hipicon","https://www.hipicon.com/tr-en/designers","","","","","","","","","","","unverified","pending","unknown","needs_enrichment","blocked_until_enriched","bige kır ceramics"
"ddp_5153f303","BiKutu","Hipicon","https://www.hipicon.com/tr-en/designers","","","","","","","","","","","unverified","pending","unknown","needs_enrichment","blocked_until_enriched","bikutu"
"ddp_7886f3b8","Bird Design","Hipicon","https://www.hipicon.com/tr-en/designers","","","","","","","","","","","unverified","pending","unknown","needs_enrichment","blocked_until_enriched","bird design"
"ddp_5fcf4d00","Birim Erol","Hipicon|Hiandco","https://www.hipicon.com/tr-en/designers|https://www.hiandco.tr/markalar","","","","","","","","","","","unverified","pending","unknown","needs_enrichment","blocked_until_enriched","birim erol"
"ddp_ccf1a024","Birsen Canbaz Ceramics","Hiandco","https://www.hiandco.tr/markalar","","","","","","","","","","","unverified","pending","unknown","needs_enrichment","blocked_until_enriched","birsen canbaz ceramics"
"ddp_ab9ee2d9","Bisou İstanbul","Hipicon","https://www.hipicon.com/tr-en/designers","","","","","","","","","","","unverified","pending","unknown","needs_enrichment","blocked_until_enriched","bisou istanbul"
"ddp_c759af15","Bissell","Hipicon","https://www.hipicon.com/tr-en/designers","","","","","","","","","","","unverified","pending","unknown","needs_enrichment","blocked_until_enriched","bissell"
"ddp_98fde3f7","Blackwing","Hipicon","https://www.hipicon.com/tr-en/designers","","","","","","","","","","","unverified","pending","unknown","needs_enrichment","blocked_until_enriched","blackwing"
"ddp_0ffd49dd","Blaze Jewelry","Hipicon","https://www.hipicon.com/tr-en/designers","","","","","","","","","","","unverified","pending","unknown","needs_enrichment","blocked_until_enriched","blaze jewelry"
"ddp_511903cb","Blazeera","Hipicon","https://www.hipicon.com/tr-en/designers","","","","","","","","","","","unverified","pending","unknown","needs_enrichment","blocked_until_enriched","blazeera"
"ddp_8b1c5aee","Blend+r","Hipicon|NowShopFun","https://www.hipicon.com/tr-en/designers|https://nowshopfun.com/pages/brands","","","","","","","","","","","unverified","pending","unknown","needs_enrichment","blocked_until_enriched","blend r"
"ddp_3e8fde30","Blendtec","Hipicon","https://www.hipicon.com/tr-en/designers","","","","","","","","","","","unverified","pending","unknown","needs_enrichment","blocked_until_enriched","blendtec"
"ddp_6c4f6d60","Bleta Bags","Hipicon","https://www.hipicon.com/tr-en/designers","","","","","","","","","","","unverified","pending","unknown","needs_enrichment","blocked_until_enriched","bleta bags"
"ddp_fadb626f","Bleu Lapin","Hipicon","https://www.hipicon.com/tr-en/designers","","","","","","","","","","","unverified","pending","unknown","needs_enrichment","blocked_until_enriched","bleu lapin"
"ddp_015022f6","Bliga","Hipicon","https://www.hipicon.com/tr-en/designers","","","","","","","","","","","unverified","pending","unknown","needs_enrichment","blocked_until_enriched","bliga"
"ddp_6be2e2c8","Blind Son","Hipicon","https://www.hipicon.com/tr-en/designers","","","","","","","","","","","unverified","pending","unknown","needs_enrichment","blocked_until_enriched","blind son"
"ddp_15f1d436","Bloom Seramik Stüdyosu","Hipicon","https://www.hipicon.com/tr-en/designers","","","","","","","","","","","unverified","pending","unknown","needs_enrichment","blocked_until_enriched","bloom seramik studyosu"
"ddp_ef9c9bd3","BloominBag","Hipicon","https://www.hipicon.com/tr-en/designers","","","","","","","","","","","unverified","pending","unknown","needs_enrichment","blocked_until_enriched","bloominbag"
"ddp_2bf0d635","Bloomsbury İstanbul","Hipicon","https://www.hipicon.com/tr-en/designers","","","","","","","","","","","unverified","pending","unknown","needs_enrichment","blocked_until_enriched","bloomsbury istanbul"
"ddp_c2127c79","Blos Ceramic","Hipicon","https://www.hipicon.com/tr-en/designers","","","","","","","","","","","unverified","pending","unknown","needs_enrichment","blocked_until_enriched","blos ceramic"
"ddp_efd25dcd","Blue Cometis","Hipicon","https://www.hipicon.com/tr-en/designers","","","","","","","","","","","unverified","pending","unknown","needs_enrichment","blocked_until_enriched","blue cometis"
"ddp_dd2c91cf","Bluenity","Hipicon","https://www.hipicon.com/tr-en/designers","","","","","","","","","","","unverified","pending","unknown","needs_enrichment","blocked_until_enriched","bluenity"
"ddp_0a82ae28","Bmom","Hipicon","https://www.hipicon.com/tr-en/designers","","","","","","","","","","","unverified","pending","unknown","needs_enrichment","blocked_until_enriched","bmom"
"ddp_cd6f8f5e","Bo Atelier","Hiandco","https://www.hiandco.tr/markalar","","","","","","","","","","","unverified","pending","unknown","needs_enrichment","blocked_until_enriched","bo atelier"
"ddp_0ff01f89","Body London","Hipicon","https://www.hipicon.com/tr-en/designers","","","","","","","","","","","unverified","pending","unknown","needs_enrichment","blocked_until_enriched","body london"
"ddp_675753b4","Bohem Shop","Hipicon","https://www.hipicon.com/tr-en/designers","","","","","","","","","","","unverified","pending","unknown","needs_enrichment","blocked_until_enriched","bohem shop"
"ddp_8a01fe34","Bohemisse","Hipicon","https://www.hipicon.com/tr-en/designers","","","","","","","","","","","unverified","pending","unknown","needs_enrichment","blocked_until_enriched","bohemisse"
"ddp_f772cdd1","Bohemtolia","Hipicon","https://www.hipicon.com/tr-en/designers","","","","","","","","","","","unverified","pending","unknown","needs_enrichment","blocked_until_enriched","bohemtolia"
"ddp_923e3463","Boho Concept","Hipicon|NowShopFun","https://www.hipicon.com/tr-en/designers|https://nowshopfun.com/pages/brands","","","","","","","","","","","unverified","pending","unknown","needs_enrichment","blocked_until_enriched","boho concept"
"ddp_3e2c4420","Boho Yoga Art","Hipicon","https://www.hipicon.com/tr-en/designers","","","","","","","","","","","unverified","pending","unknown","needs_enrichment","blocked_until_enriched","boho yoga art"
"ddp_dc80e939","Boia Living","Hipicon","https://www.hipicon.com/tr-en/designers","","","","","","","","","","","unverified","pending","unknown","needs_enrichment","blocked_until_enriched","boia living"
"ddp_337bf920","Bold Manifest Designs","Hipicon","https://www.hipicon.com/tr-en/designers","","","","","","","","","","","unverified","pending","unknown","needs_enrichment","blocked_until_enriched","bold manifest designs"
"ddp_da3f3caf","Bold Motorbikes","Hipicon","https://www.hipicon.com/tr-en/designers","","","","","","","","","","","unverified","pending","unknown","needs_enrichment","blocked_until_enriched","bold motorbikes"
"ddp_6ac59a64","Bolia","Hipicon","https://www.hipicon.com/tr-en/designers","","","","","","","","","","","unverified","pending","unknown","needs_enrichment","blocked_until_enriched","bolia"
"ddp_9a3d55cc","Bon Objet","NowShopFun","https://nowshopfun.com/pages/brands","","","","","","","","","","","unverified","pending","unknown","needs_enrichment","blocked_until_enriched","bon objet"
"ddp_c25da9a3","Bonabag","Hipicon","https://www.hipicon.com/tr-en/designers","","","","","","","","","","","unverified","pending","unknown","needs_enrichment","blocked_until_enriched","bonabag"
"ddp_a15d9037","Bond and Bestie","Hipicon","https://www.hipicon.com/tr-en/designers","","","","","","","","","","","unverified","pending","unknown","needs_enrichment","blocked_until_enriched","bond and bestie"
"ddp_5afaf4f3","Bonesta","Hipicon","https://www.hipicon.com/tr-en/designers","","","","","","","","","","","unverified","pending","unknown","needs_enrichment","blocked_until_enriched","bonesta"
"ddp_0677589e","Bonette.","Hipicon","https://www.hipicon.com/tr-en/designers","","","","","","","","","","","unverified","pending","unknown","needs_enrichment","blocked_until_enriched","bonette"
"ddp_95cb354f","Bonjouk Studio","Hipicon|Local Makers","https://www.hipicon.com/tr-en/designers|https://localmakers.com.tr/pages/makers","","","","","","","","","","","unverified","pending","unknown","needs_enrichment","blocked_until_enriched","bonjouk studio"
"ddp_8a2471eb","Bonjour Madame","Hipicon","https://www.hipicon.com/tr-en/designers","","","","","","","","","","","unverified","pending","unknown","needs_enrichment","blocked_until_enriched","bonjour madame"
"ddp_ffce3e22","Bonnie Design","Hipicon","https://www.hipicon.com/tr-en/designers","","","","","","","","","","","unverified","pending","unknown","needs_enrichment","blocked_until_enriched","bonnie design"
"ddp_4a540378","Boo Fabric","Hipicon","https://www.hipicon.com/tr-en/designers","","","","","","","","","","","unverified","pending","unknown","needs_enrichment","blocked_until_enriched","boo fabric"
"ddp_f2f047d1","BooBagIstanbul","Hipicon","https://www.hipicon.com/tr-en/designers","","","","","","","","","","","unverified","pending","unknown","needs_enrichment","blocked_until_enriched","boobagıstanbul"
"ddp_ced1bdf9","Boogie Beegie Studio","Hipicon|Local Makers","https://www.hipicon.com/tr-en/designers|https://localmakers.com.tr/pages/makers","","","","","","","","","","","unverified","pending","unknown","needs_enrichment","blocked_until_enriched","boogie beegie studio"
"ddp_72daa6f8","Boom Bastık","Hipicon","https://www.hipicon.com/tr-en/designers","","","","","","","","","","","unverified","pending","unknown","needs_enrichment","blocked_until_enriched","boom bastık"
"ddp_f2ae4fe7","Borbo.","Hipicon","https://www.hipicon.com/tr-en/designers","","","","","","","","","","","unverified","pending","unknown","needs_enrichment","blocked_until_enriched","borbo"
"ddp_1745c0d0","Bordallo Pinheiro","NowShopFun","https://nowshopfun.com/pages/brands","","","","","","","","","","","unverified","pending","unknown","needs_enrichment","blocked_until_enriched","bordallo pinheiro"
"ddp_b6621c4b","Bordeaux Concept","Hipicon","https://www.hipicon.com/tr-en/designers","","","","","","","","","","","unverified","pending","unknown","needs_enrichment","blocked_until_enriched","bordeaux concept"
"ddp_3d5ad959","Bored & More","Hipicon","https://www.hipicon.com/tr-en/designers","","","","","","","","","","","unverified","pending","unknown","needs_enrichment","blocked_until_enriched","bored and more"
"ddp_a30c7d08","Boris Becker","Hipicon","https://www.hipicon.com/tr-en/designers","","","","","","","","","","","unverified","pending","unknown","needs_enrichment","blocked_until_enriched","boris becker"
"ddp_b2d90e62","Born Alpha","Hipicon","https://www.hipicon.com/tr-en/designers","","","","","","","","","","","unverified","pending","unknown","needs_enrichment","blocked_until_enriched","born alpha"
"ddp_df8a2c16","Bose","Hipicon","https://www.hipicon.com/tr-en/designers","","","","","","","","","","","unverified","pending","unknown","needs_enrichment","blocked_until_enriched","bose"
"ddp_7e9872c0","Bota Therapy","Hipicon","https://www.hipicon.com/tr-en/designers","","","","","","","","","","","unverified","pending","unknown","needs_enrichment","blocked_until_enriched","bota therapy"
"ddp_93d09c07","Botanivo","Hipicon","https://www.hipicon.com/tr-en/designers","","","","","","","","","","","unverified","pending","unknown","needs_enrichment","blocked_until_enriched","botanivo"
"ddp_93aa48d9","Bottle Buddy","Hipicon","https://www.hipicon.com/tr-en/designers","","","","","","","","","","","unverified","pending","unknown","needs_enrichment","blocked_until_enriched","bottle buddy"
"ddp_5ca16a6a","Bouffee Cloud","Hipicon","https://www.hipicon.com/tr-en/designers","","","","","","","","","","","unverified","pending","unknown","needs_enrichment","blocked_until_enriched","bouffee cloud"
"ddp_b436aea4","Boule De Petite","Hipicon","https://www.hipicon.com/tr-en/designers","","","","","","","","","","","unverified","pending","unknown","needs_enrichment","blocked_until_enriched","boule de petite"
"ddp_7c660827","Bowers & Wilkins","Hipicon","https://www.hipicon.com/tr-en/designers","","","","","","","","","","","unverified","pending","unknown","needs_enrichment","blocked_until_enriched","bowers and wilkins"
"ddp_a4b323cc","Box Co Concept","Hipicon|Hiandco|NowShopFun","https://www.hipicon.com/tr-en/designers|https://www.hiandco.tr/markalar|https://nowshopfun.com/pages/brands","","","","","","","","","","","unverified","pending","unknown","needs_enrichment","blocked_until_enriched","box co concept"
"ddp_ecc81148","Boys with Broken Hearts","Hipicon","https://www.hipicon.com/tr-en/designers","","","","","","","","","","","unverified","pending","unknown","needs_enrichment","blocked_until_enriched","boys with broken hearts"
"ddp_c087bcb2","Börb","Hipicon","https://www.hipicon.com/tr-en/designers","","","","","","","","","","","unverified","pending","unknown","needs_enrichment","blocked_until_enriched","borb"
"ddp_a2caff85","Braggo Furniture","Hipicon|NowShopFun","https://www.hipicon.com/tr-en/designers|https://nowshopfun.com/pages/brands","","","","","","","","","","","unverified","pending","unknown","needs_enrichment","blocked_until_enriched","braggo furniture"
"ddp_47281c29","Brambuta","Hipicon","https://www.hipicon.com/tr-en/designers","","","","","","","","","","","unverified","pending","unknown","needs_enrichment","blocked_until_enriched","brambuta"
"ddp_51e3e06e","Brandsmiths","Hipicon","https://www.hipicon.com/tr-en/designers","","","","","","","","","","","unverified","pending","unknown","needs_enrichment","blocked_until_enriched","brandsmiths"
"ddp_830a7cdf","Braun","Hipicon","https://www.hipicon.com/tr-en/designers","","","","","","","","","","","unverified","pending","unknown","needs_enrichment","blocked_until_enriched","braun"
"ddp_16b40e49","Bravoİstanbul","Hipicon","https://www.hipicon.com/tr-en/designers","","","","","","","","","","","unverified","pending","unknown","needs_enrichment","blocked_until_enriched","bravoistanbul"
"ddp_c4d923d6","Brewista","Hipicon","https://www.hipicon.com/tr-en/designers","","","","","","","","","","","unverified","pending","unknown","needs_enrichment","blocked_until_enriched","brewista"
"ddp_ca4b21ba","Bridge İstanbul","Hipicon","https://www.hipicon.com/tr-en/designers","","","","","","","","","","","unverified","pending","unknown","needs_enrichment","blocked_until_enriched","bridge istanbul"
"ddp_42d91286","Brod & Taylor","Hipicon","https://www.hipicon.com/tr-en/designers","","","","","","","","","","","unverified","pending","unknown","needs_enrichment","blocked_until_enriched","brod and taylor"
"ddp_162c32e1","BTALE","Hipicon|Local Makers","https://www.hipicon.com/tr-en/designers|https://localmakers.com.tr/pages/makers","","","","","","","","","","","unverified","pending","unknown","needs_enrichment","blocked_until_enriched","btale"
"ddp_060f9685","Buba Life","Hipicon","https://www.hipicon.com/tr-en/designers","","","","","","","","","","","unverified","pending","unknown","needs_enrichment","blocked_until_enriched","buba life"
"ddp_106c0e7c","Buconcept","Hipicon","https://www.hipicon.com/tr-en/designers","","","","","","","","","","","unverified","pending","unknown","needs_enrichment","blocked_until_enriched","buconcept"
"ddp_c529e32f","Budizzz","Hipicon","https://www.hipicon.com/tr-en/designers","","","","","","","","","","","unverified","pending","unknown","needs_enrichment","blocked_until_enriched","budizzz"
"ddp_98f9fc8e","Buhu Store","Hipicon","https://www.hipicon.com/tr-en/designers","","","","","","","","","","","unverified","pending","unknown","needs_enrichment","blocked_until_enriched","buhu store"
"ddp_c954a1f2","Buldan's","Hipicon","https://www.hipicon.com/tr-en/designers","","","","","","","","","","","unverified","pending","unknown","needs_enrichment","blocked_until_enriched","buldan s"
"ddp_297b5164","Bumbleberry","Hipicon","https://www.hipicon.com/tr-en/designers","","","","","","","","","","","unverified","pending","unknown","needs_enrichment","blocked_until_enriched","bumbleberry"
"ddp_befb41f8","Bumkins","Hipicon","https://www.hipicon.com/tr-en/designers","","","","","","","","","","","unverified","pending","unknown","needs_enrichment","blocked_until_enriched","bumkins"
"ddp_1ed4df86","Buntarosa","Hipicon","https://www.hipicon.com/tr-en/designers","","","","","","","","","","","unverified","pending","unknown","needs_enrichment","blocked_until_enriched","buntarosa"
"ddp_104a784b","Buntera Home","Hipicon","https://www.hipicon.com/tr-en/designers","","","","","","","","","","","unverified","pending","unknown","needs_enrichment","blocked_until_enriched","buntera home"
"ddp_753fd58b","Burago","Hipicon","https://www.hipicon.com/tr-en/designers","","","","","","","","","","","unverified","pending","unknown","needs_enrichment","blocked_until_enriched","burago"
"ddp_ce0f6c60","Burcu Çenberci Art","Hipicon","https://www.hipicon.com/tr-en/designers","","","","","","","","","","","unverified","pending","unknown","needs_enrichment","blocked_until_enriched","burcu cenberci art"
"ddp_e94af68d","Burcu Erken Beachwear","Hipicon","https://www.hipicon.com/tr-en/designers","","","","","","","","","","","unverified","pending","unknown","needs_enrichment","blocked_until_enriched","burcu erken beachwear"
"ddp_18b89cd3","Burcu Şeker Abajur","Hipicon|NowShopFun","https://www.hipicon.com/tr-en/designers|https://nowshopfun.com/pages/brands","","","","","","","","","","","unverified","pending","unknown","needs_enrichment","blocked_until_enriched","burcu seker abajur"
"ddp_81081ca6","Burjuva Concept","Hipicon","https://www.hipicon.com/tr-en/designers","","","","","","","","","","","unverified","pending","unknown","needs_enrichment","blocked_until_enriched","burjuva concept"
"ddp_cdd38642","but first coffee","Hipicon","https://www.hipicon.com/tr-en/designers","","","","","","","","","","","unverified","pending","unknown","needs_enrichment","blocked_until_enriched","but first coffee"
"ddp_36db9baa","Buudaduu","Hipicon","https://www.hipicon.com/tr-en/designers","","","","","","","","","","","unverified","pending","unknown","needs_enrichment","blocked_until_enriched","buudaduu"
"ddp_ef2fda69","Büruz","Hipicon","https://www.hipicon.com/tr-en/designers","","","","","","","","","","","unverified","pending","unknown","needs_enrichment","blocked_until_enriched","buruz"
"ddp_a8b2c991","Büşra Mert Artworks","Hipicon|Hiandco","https://www.hipicon.com/tr-en/designers|https://www.hiandco.tr/markalar","","","","","","","","","","","unverified","pending","unknown","needs_enrichment","blocked_until_enriched","busra mert artworks"
"ddp_e386e70a","Byda Mobilya","Hipicon|Hiandco","https://www.hipicon.com/tr-en/designers|https://www.hiandco.tr/markalar","","","","","","","","","","","unverified","pending","unknown","needs_enrichment","blocked_until_enriched","byda mobilya"
"ddp_5a845d95","Byebruketenci","Hipicon","https://www.hipicon.com/tr-en/designers","","","","","","","","","","","unverified","pending","unknown","needs_enrichment","blocked_until_enriched","byebruketenci"
"ddp_f60f63c5","Byniven Handmade Ceramics & Jewelery","Hipicon","https://www.hipicon.com/tr-en/designers","","","","","","","","","","","unverified","pending","unknown","needs_enrichment","blocked_until_enriched","byniven handmade ceramics and jewelery"
"ddp_871210b4","C-ya","Hipicon","https://www.hipicon.com/tr-en/designers","","","","","","","","","","","unverified","pending","unknown","needs_enrichment","blocked_until_enriched","c ya"
"ddp_dbb4c6bd","C'Lopia Beauty","Hipicon","https://www.hipicon.com/tr-en/designers","","","","","","","","","","","unverified","pending","unknown","needs_enrichment","blocked_until_enriched","c lopia beauty"
"ddp_ccb85f9d","Caché Istanbul","NowShopFun","https://nowshopfun.com/pages/brands","","","","","","","","","","","unverified","pending","unknown","needs_enrichment","blocked_until_enriched","cache ıstanbul"
"ddp_2ba3d7c1","CaddeYıldız","NowShopFun","https://nowshopfun.com/pages/brands","","","","","","","","","","","unverified","pending","unknown","needs_enrichment","blocked_until_enriched","caddeyıldız"
"ddp_f821e144","Caged Bird Design","Hipicon","https://www.hipicon.com/tr-en/designers","","","","","","","","","","","unverified","pending","unknown","needs_enrichment","blocked_until_enriched","caged bird design"
"ddp_1f69aeb3","Caliner","Hipicon","https://www.hipicon.com/tr-en/designers","","","","","","","","","","","unverified","pending","unknown","needs_enrichment","blocked_until_enriched","caliner"
"ddp_d14e88d4","Callirrhoe","Hipicon","https://www.hipicon.com/tr-en/designers","","","","","","","","","","","unverified","pending","unknown","needs_enrichment","blocked_until_enriched","callirrhoe"
"ddp_ae611ce3","Calmo Atelier","Hipicon|NowShopFun","https://www.hipicon.com/tr-en/designers|https://nowshopfun.com/pages/brands","","","","","","","","","","","unverified","pending","unknown","needs_enrichment","blocked_until_enriched","calmo atelier"
"ddp_1813c47e","Calyx","Hipicon","https://www.hipicon.com/tr-en/designers","","","","","","","","","","","unverified","pending","unknown","needs_enrichment","blocked_until_enriched","calyx"
"ddp_2f6a6358","camADA","Hipicon","https://www.hipicon.com/tr-en/designers","","","","","","","","","","","unverified","pending","unknown","needs_enrichment","blocked_until_enriched","camada"
"ddp_4ce973fd","Can Akşit","Hipicon","https://www.hipicon.com/tr-en/designers","","","","","","","","","","","unverified","pending","unknown","needs_enrichment","blocked_until_enriched","can aksit"
"ddp_7853bfae","Candelling","Hipicon","https://www.hipicon.com/tr-en/designers","","","","","","","","","","","unverified","pending","unknown","needs_enrichment","blocked_until_enriched","candelling"
"ddp_958c594c","Candle and Friends","Hipicon","https://www.hipicon.com/tr-en/designers","","","","","","","","","","","unverified","pending","unknown","needs_enrichment","blocked_until_enriched","candle and friends"
"ddp_bf7092a6","Candless","Hipicon","https://www.hipicon.com/tr-en/designers","","","","","","","","","","","unverified","pending","unknown","needs_enrichment","blocked_until_enriched","candless"
"ddp_d0c32adf","Candu Things","Hipicon","https://www.hipicon.com/tr-en/designers","","","","","","","","","","","unverified","pending","unknown","needs_enrichment","blocked_until_enriched","candu things"
"ddp_4e5e6950","Cansu Çelikkol Art","NowShopFun","https://nowshopfun.com/pages/brands","","","","","","","","","","","unverified","pending","unknown","needs_enrichment","blocked_until_enriched","cansu celikkol art"
"ddp_74d20007","Cansu Şimşek","Hipicon","https://www.hipicon.com/tr-en/designers","","","","","","","","","","","unverified","pending","unknown","needs_enrichment","blocked_until_enriched","cansu simsek"
"ddp_d93de714","Cansui","Hipicon","https://www.hipicon.com/tr-en/designers","","","","","","","","","","","unverified","pending","unknown","needs_enrichment","blocked_until_enriched","cansui"
"ddp_54f2f70c","Capra Design","Hipicon","https://www.hipicon.com/tr-en/designers","","","","","","","","","","","unverified","pending","unknown","needs_enrichment","blocked_until_enriched","capra design"
"ddp_13fa1f30","Carisa","Hipicon","https://www.hipicon.com/tr-en/designers","","","","","","","","","","","unverified","pending","unknown","needs_enrichment","blocked_until_enriched","carisa"
"ddp_64acd011","Carlesso","Hipicon|NowShopFun","https://www.hipicon.com/tr-en/designers|https://nowshopfun.com/pages/brands","","","","","","","","","","","unverified","pending","unknown","needs_enrichment","blocked_until_enriched","carlesso"
"ddp_bc81490d","Carrie, Frida, etc.","Hipicon","https://www.hipicon.com/tr-en/designers","","","","","","","","","","","unverified","pending","unknown","needs_enrichment","blocked_until_enriched","carrie frida etc"
"ddp_318daf3c","Carrol Boyes","Hipicon","https://www.hipicon.com/tr-en/designers","","","","","","","","","","","unverified","pending","unknown","needs_enrichment","blocked_until_enriched","carrol boyes"
"ddp_d155e4f0","Carryberry","Hipicon","https://www.hipicon.com/tr-en/designers","","","","","","","","","","","unverified","pending","unknown","needs_enrichment","blocked_until_enriched","carryberry"
"ddp_7277eb0e","Cartonic","Hipicon","https://www.hipicon.com/tr-en/designers","","","","","","","","","","","unverified","pending","unknown","needs_enrichment","blocked_until_enriched","cartonic"
"ddp_aea9cffb","Casa Ciara","Hipicon","https://www.hipicon.com/tr-en/designers","","","","","","","","","","","unverified","pending","unknown","needs_enrichment","blocked_until_enriched","casa ciara"
"ddp_8aff1365","Casa Ingenti","Hipicon","https://www.hipicon.com/tr-en/designers","","","","","","","","","","","unverified","pending","unknown","needs_enrichment","blocked_until_enriched","casa ıngenti"
"ddp_1aac7270","Casa Koza","Hipicon","https://www.hipicon.com/tr-en/designers","","","","","","","","","","","unverified","pending","unknown","needs_enrichment","blocked_until_enriched","casa koza"
"ddp_85e3b7df","Casadora Baby","Hipicon","https://www.hipicon.com/tr-en/designers","","","","","","","","","","","unverified","pending","unknown","needs_enrichment","blocked_until_enriched","casadora baby"
"ddp_1dd61a16","Case N Bags","Hipicon","https://www.hipicon.com/tr-en/designers","","","","","","","","","","","unverified","pending","unknown","needs_enrichment","blocked_until_enriched","case n bags"
"ddp_1cae94ea","Cats Seek Revenge","Hipicon","https://www.hipicon.com/tr-en/designers","","","","","","","","","","","unverified","pending","unknown","needs_enrichment","blocked_until_enriched","cats seek revenge"
"ddp_61f5c5e3","Cavero","Hipicon","https://www.hipicon.com/tr-en/designers","","","","","","","","","","","unverified","pending","unknown","needs_enrichment","blocked_until_enriched","cavero"
"ddp_a0031971","Cayo Largo Jewellery","Hipicon","https://www.hipicon.com/tr-en/designers","","","","","","","","","","","unverified","pending","unknown","needs_enrichment","blocked_until_enriched","cayo largo jewellery"
"ddp_75973f7b","Cazular","Hipicon","https://www.hipicon.com/tr-en/designers","","","","","","","","","","","unverified","pending","unknown","needs_enrichment","blocked_until_enriched","cazular"
"ddp_028234ee","CC Copper Design","Hipicon|NowShopFun","https://www.hipicon.com/tr-en/designers|https://nowshopfun.com/pages/brands","","","","","","","","","","","unverified","pending","unknown","needs_enrichment","blocked_until_enriched","cc copper design"
"ddp_2b847c8b","CDG Studio","Hipicon","https://www.hipicon.com/tr-en/designers","","","","","","","","","","","unverified","pending","unknown","needs_enrichment","blocked_until_enriched","cdg studio"
"ddp_aea46685","Ceado","Hipicon","https://www.hipicon.com/tr-en/designers","","","","","","","","","","","unverified","pending","unknown","needs_enrichment","blocked_until_enriched","ceado"
"ddp_99559970","Cecia","Hipicon","https://www.hipicon.com/tr-en/designers","","","","","","","","","","","unverified","pending","unknown","needs_enrichment","blocked_until_enriched","cecia"
"ddp_57b8cae7","Cekic Kids","Hipicon","https://www.hipicon.com/tr-en/designers","","","","","","","","","","","unverified","pending","unknown","needs_enrichment","blocked_until_enriched","cekic kids"
"ddp_3568e897","Celadon","Hipicon","https://www.hipicon.com/tr-en/designers","","","","","","","","","","","unverified","pending","unknown","needs_enrichment","blocked_until_enriched","celadon"
"ddp_e74ae1bc","Cella","Hipicon","https://www.hipicon.com/tr-en/designers","","","","","","","","","","","unverified","pending","unknown","needs_enrichment","blocked_until_enriched","cella"
"ddp_fedff1e5","Cella Store","Hipicon","https://www.hipicon.com/tr-en/designers","","","","","","","","","","","unverified","pending","unknown","needs_enrichment","blocked_until_enriched","cella store"
"ddp_7b2c4e36","Cemil Haşimi","Hipicon","https://www.hipicon.com/tr-en/designers","","","","","","","","","","","unverified","pending","unknown","needs_enrichment","blocked_until_enriched","cemil hasimi"
"ddp_33581851","Cemre Akçal","NowShopFun","https://nowshopfun.com/pages/brands","","","","","","","","","","","unverified","pending","unknown","needs_enrichment","blocked_until_enriched","cemre akcal"
"ddp_de645b4a","Cen Cam","Local Makers|Hiandco","https://localmakers.com.tr/pages/makers|https://www.hiandco.tr/markalar","","","","","","","","","","","unverified","pending","unknown","needs_enrichment","blocked_until_enriched","cen cam"
"ddp_eb4d7911","Ceramic She","Hipicon","https://www.hipicon.com/tr-en/designers","","","","","","","","","","","unverified","pending","unknown","needs_enrichment","blocked_until_enriched","ceramic she"
"ddp_f4c939a2","Ceramicbottery","Hipicon","https://www.hipicon.com/tr-en/designers","","","","","","","","","","","unverified","pending","unknown","needs_enrichment","blocked_until_enriched","ceramicbottery"
"ddp_aa4a97cc","Cere Atelier","Hipicon","https://www.hipicon.com/tr-en/designers","","","","","","","","","","","unverified","pending","unknown","needs_enrichment","blocked_until_enriched","cere atelier"
"ddp_b7943c13","Ceremony In Bloom","Hipicon","https://www.hipicon.com/tr-en/designers","","","","","","","","","","","unverified","pending","unknown","needs_enrichment","blocked_until_enriched","ceremony ın bloom"
"ddp_4168a078","Cerinae","Hipicon","https://www.hipicon.com/tr-en/designers","","","","","","","","","","","unverified","pending","unknown","needs_enrichment","blocked_until_enriched","cerinae"
"ddp_3f55c869","Certain","Hipicon","https://www.hipicon.com/tr-en/designers","","","","","","","","","","","unverified","pending","unknown","needs_enrichment","blocked_until_enriched","certain"
"ddp_a65623ce","ces.collection","Hipicon","https://www.hipicon.com/tr-en/designers","","","","","","","","","","","unverified","pending","unknown","needs_enrichment","blocked_until_enriched","ces collection"
"ddp_61c1715c","Chado","Local Makers","https://localmakers.com.tr/pages/makers","","","","","","","","","","","unverified","pending","unknown","needs_enrichment","blocked_until_enriched","chado"
"ddp_7a0ebf37","Chalicca","Hipicon","https://www.hipicon.com/tr-en/designers","","","","","","","","","","","unverified","pending","unknown","needs_enrichment","blocked_until_enriched","chalicca"
"ddp_889952c8","Chando","Hipicon","https://www.hipicon.com/tr-en/designers","","","","","","","","","","","unverified","pending","unknown","needs_enrichment","blocked_until_enriched","chando"
"ddp_a1010a7a","Chantal","Hipicon","https://www.hipicon.com/tr-en/designers","","","","","","","","","","","unverified","pending","unknown","needs_enrichment","blocked_until_enriched","chantal"
"ddp_f9a60102","Charette Maison","Hipicon|NowShopFun","https://www.hipicon.com/tr-en/designers|https://nowshopfun.com/pages/brands","","","","","","","","","","","unverified","pending","unknown","needs_enrichment","blocked_until_enriched","charette maison"
"ddp_de520ef3","Charm in Urban","Hipicon","https://www.hipicon.com/tr-en/designers","","","","","","","","","","","unverified","pending","unknown","needs_enrichment","blocked_until_enriched","charm in urban"
"ddp_4dfccbb0","Charme d'Orient","Hipicon","https://www.hipicon.com/tr-en/designers","","","","","","","","","","","unverified","pending","unknown","needs_enrichment","blocked_until_enriched","charme d orient"
"ddp_342ca5aa","Charya Maison","Hipicon","https://www.hipicon.com/tr-en/designers","","","","","","","","","","","unverified","pending","unknown","needs_enrichment","blocked_until_enriched","charya maison"
"ddp_0245b664","Chaseldor","Hipicon","https://www.hipicon.com/tr-en/designers","","","","","","","","","","","unverified","pending","unknown","needs_enrichment","blocked_until_enriched","chaseldor"
"ddp_c09c7a0d","CHASING PIECES","Hipicon","https://www.hipicon.com/tr-en/designers","","","","","","","","","","","unverified","pending","unknown","needs_enrichment","blocked_until_enriched","chasıng pıeces"
"ddp_6cc7da53","Chef's Kiss but Paper","Hipicon","https://www.hipicon.com/tr-en/designers","","","","","","","","","","","unverified","pending","unknown","needs_enrichment","blocked_until_enriched","chef s kiss but paper"
"ddp_04b21ef6","Childhome","Hipicon","https://www.hipicon.com/tr-en/designers","","","","","","","","","","","unverified","pending","unknown","needs_enrichment","blocked_until_enriched","childhome"
"ddp_d74c753c","Chillax","Hipicon","https://www.hipicon.com/tr-en/designers","","","","","","","","","","","unverified","pending","unknown","needs_enrichment","blocked_until_enriched","chillax"
"ddp_7ec9c192","Chimommy","Hipicon","https://www.hipicon.com/tr-en/designers","","","","","","","","","","","unverified","pending","unknown","needs_enrichment","blocked_until_enriched","chimommy"
"ddp_ad602e18","Chintar","Hipicon","https://www.hipicon.com/tr-en/designers","","","","","","","","","","","unverified","pending","unknown","needs_enrichment","blocked_until_enriched","chintar"
"ddp_d1b93e1c","Chivit","Hipicon","https://www.hipicon.com/tr-en/designers","","","","","","","","","","","unverified","pending","unknown","needs_enrichment","blocked_until_enriched","chivit"
"ddp_5647e560","Chloris Candle","Hipicon","https://www.hipicon.com/tr-en/designers","","","","","","","","","","","unverified","pending","unknown","needs_enrichment","blocked_until_enriched","chloris candle"
"ddp_ee05e860","CHMLNS","Hipicon","https://www.hipicon.com/tr-en/designers","","","","","","","","","","","unverified","pending","unknown","needs_enrichment","blocked_until_enriched","chmlns"
"ddp_57ce4007","Chocli","Hipicon|Hiandco","https://www.hipicon.com/tr-en/designers|https://www.hiandco.tr/markalar","","","","","","","","","","","unverified","pending","unknown","needs_enrichment","blocked_until_enriched","chocli"
"ddp_e0b7d7b9","Chroma Coffee","Hipicon","https://www.hipicon.com/tr-en/designers","","","","","","","","","","","unverified","pending","unknown","needs_enrichment","blocked_until_enriched","chroma coffee"
"ddp_e79127c3","Chronicles","Hipicon","https://www.hipicon.com/tr-en/designers","","","","","","","","","","","unverified","pending","unknown","needs_enrichment","blocked_until_enriched","chronicles"
"ddp_c117dce7","Cierre","Hipicon","https://www.hipicon.com/tr-en/designers","","","","","","","","","","","unverified","pending","unknown","needs_enrichment","blocked_until_enriched","cierre"
"ddp_c80f7a41","Cipretti","Hipicon|NowShopFun","https://www.hipicon.com/tr-en/designers|https://nowshopfun.com/pages/brands","","","","","","","","","","","unverified","pending","unknown","needs_enrichment","blocked_until_enriched","cipretti"
"ddp_60ab4e5b","Circus.junior","Hipicon","https://www.hipicon.com/tr-en/designers","","","","","","","","","","","unverified","pending","unknown","needs_enrichment","blocked_until_enriched","circus junior"
"ddp_cb566bab","Citizen","Hipicon","https://www.hipicon.com/tr-en/designers","","","","","","","","","","","unverified","pending","unknown","needs_enrichment","blocked_until_enriched","citizen"
"ddp_d1729696","Civan","Hipicon","https://www.hipicon.com/tr-en/designers","","","","","","","","","","","unverified","pending","unknown","needs_enrichment","blocked_until_enriched","civan"